time_s,q_model_lf0_rad,q_model_lf00_rad,q_model_rf0_rad,q_model_rf00_rad
0.000000,-0.120000000,0.120889552,0.120000000,-0.120889552
0.005000,-0.120000000,0.120889552,0.120000000,-0.120889552
0.010000,-0.120000000,0.120889552,0.120000000,-0.120889552
0.015000,-0.120000000,0.120889552,0.120000000,-0.120889552
0.020000,-0.120000000,0.120889552,0.120000000,-0.120889552
0.025000,-0.120000000,0.120889552,0.120000000,-0.120889552
0.030000,-0.120000000,0.120889552,0.120000000,-0.120889552
0.035000,-0.120000000,0.120889552,0.120000000,-0.120889552
0.040000,-0.120000000,0.120889552,0.120000000,-0.120889552
0.045000,-0.120000000,0.120889552,0.120000000,-0.120889552
0.050000,-0.120000000,0.120889552,0.120000000,-0.120889552
0.055000,-0.120000000,0.120889552,0.120000000,-0.120889552
0.060000,-0.120000000,0.120889552,0.120000000,-0.120889552
0.065000,-0.120000000,0.120889552,0.120000000,-0.120889552
0.070000,-0.120000000,0.120889552,0.120000000,-0.120889552
0.075000,-0.120000000,0.120889552,0.120000000,-0.120889552
0.080000,-0.120000000,0.120889552,0.120000000,-0.120889552
0.085000,-0.120000000,0.120889552,0.120000000,-0.120889552
0.090000,-0.120000000,0.120889552,0.120000000,-0.120889552
0.095000,-0.120000000,0.120889552,0.120000000,-0.120889552
0.100000,-0.120000000,0.120889552,0.120000000,-0.120889552
0.105000,-0.120000000,0.120889552,0.120000000,-0.120889552
0.110000,-0.120000000,0.120889552,0.120000000,-0.120889552
0.115000,-0.120000000,0.120889552,0.120000000,-0.120889552
0.120000,-0.120000000,0.120889552,0.120000000,-0.120889552
0.125000,-0.120000000,0.120889552,0.120000000,-0.120889552
0.130000,-0.120000000,0.120889552,0.120000000,-0.120889552
0.135000,-0.120000000,0.120889552,0.120000000,-0.120889552
0.140000,-0.120000000,0.120889552,0.120000000,-0.120889552
0.145000,-0.120000000,0.120889552,0.120000000,-0.120889552
0.150000,-0.120000000,0.120889552,0.120000000,-0.120889552
0.155000,-0.120000000,0.120889552,0.120000000,-0.120889552
0.160000,-0.120000000,0.120889552,0.120000000,-0.120889552
0.165000,-0.120000000,0.120889552,0.120000000,-0.120889552
0.170000,-0.120000000,0.120889552,0.120000000,-0.120889552
0.175000,-0.120000000,0.120889552,0.120000000,-0.120889552
0.180000,-0.120000000,0.120889552,0.120000000,-0.120889552
0.185000,-0.120000000,0.120889552,0.120000000,-0.120889552
0.190000,-0.120000000,0.120889552,0.120000000,-0.120889552
0.195000,-0.120000000,0.120889552,0.120000000,-0.120889552
0.200000,-0.120000000,0.120889552,0.120000000,-0.120889552
0.205000,-0.120000000,0.120889552,0.120000000,-0.120889552
0.210000,-0.120000000,0.120889552,0.120000000,-0.120889552
0.215000,-0.120000000,0.120889552,0.120000000,-0.120889552
0.220000,-0.120000000,0.120889552,0.120000000,-0.120889552
0.225000,-0.120000000,0.120889552,0.120000000,-0.120889552
0.230000,-0.120000000,0.120889552,0.120000000,-0.120889552
0.235000,-0.120000000,0.120889552,0.120000000,-0.120889552
0.240000,-0.120000000,0.120889552,0.120000000,-0.120889552
0.245000,-0.120000000,0.120889552,0.120000000,-0.120889552
0.250000,-0.120000000,0.120889552,0.120000000,-0.120889552
0.255000,-0.120000000,0.120889552,0.120000000,-0.120889552
0.260000,-0.120000000,0.120889552,0.120000000,-0.120889552
0.265000,-0.120000000,0.120889552,0.120000000,-0.120889552
0.270000,-0.120000000,0.120889552,0.120000000,-0.120889552
0.275000,-0.120000000,0.120889552,0.120000000,-0.120889552
0.280000,-0.120000000,0.120889552,0.120000000,-0.120889552
0.285000,-0.120000000,0.120889552,0.120000000,-0.120889552
0.290000,-0.120000000,0.120889552,0.120000000,-0.120889552
0.295000,-0.120000000,0.120889552,0.120000000,-0.120889552
0.300000,-0.120000000,0.120889552,0.120000000,-0.120889552
0.305000,-0.120000000,0.120889552,0.120000000,-0.120889552
0.310000,-0.120000000,0.120889552,0.120000000,-0.120889552
0.315000,-0.120000000,0.120889552,0.120000000,-0.120889552
0.320000,-0.120000000,0.120889552,0.120000000,-0.120889552
0.325000,-0.120000000,0.120889552,0.120000000,-0.120889552
0.330000,-0.120000000,0.120889552,0.120000000,-0.120889552
0.335000,-0.120000000,0.120889552,0.120000000,-0.120889552
0.340000,-0.120000000,0.120889552,0.120000000,-0.120889552
0.345000,-0.120000000,0.120889552,0.120000000,-0.120889552
0.350000,-0.120000000,0.120889552,0.120000000,-0.120889552
0.355000,-0.120000000,0.120889552,0.120000000,-0.120889552
0.360000,-0.120000000,0.120889552,0.120000000,-0.120889552
0.365000,-0.120000000,0.120889552,0.120000000,-0.120889552
0.370000,-0.120000000,0.120889552,0.120000000,-0.120889552
0.375000,-0.120000000,0.120889552,0.120000000,-0.120889552
0.380000,-0.120000000,0.120889552,0.120000000,-0.120889552
0.385000,-0.120000000,0.120889552,0.120000000,-0.120889552
0.390000,-0.120000000,0.120889552,0.120000000,-0.120889552
0.395000,-0.120000000,0.120889552,0.120000000,-0.120889552
0.400000,-0.120000000,0.120889552,0.120000000,-0.120889552
0.405000,-0.120000000,0.120889552,0.120000000,-0.120889552
0.410000,-0.120000000,0.120889552,0.120000000,-0.120889552
0.415000,-0.120000000,0.120889552,0.120000000,-0.120889552
0.420000,-0.120000000,0.120889552,0.120000000,-0.120889552
0.425000,-0.120000000,0.120889552,0.120000000,-0.120889552
0.430000,-0.120000000,0.120889552,0.120000000,-0.120889552
0.435000,-0.120000000,0.120889552,0.120000000,-0.120889552
0.440000,-0.120000000,0.120889552,0.120000000,-0.120889552
0.445000,-0.120000000,0.120889552,0.120000000,-0.120889552
0.450000,-0.120000000,0.120889552,0.120000000,-0.120889552
0.455000,-0.120000000,0.120889552,0.120000000,-0.120889552
0.460000,-0.120000000,0.120889552,0.120000000,-0.120889552
0.465000,-0.120000000,0.120889552,0.120000000,-0.120889552
0.470000,-0.120000000,0.120889552,0.120000000,-0.120889552
0.475000,-0.120000000,0.120889552,0.120000000,-0.120889552
0.480000,-0.120000000,0.120889552,0.120000000,-0.120889552
0.485000,-0.120000000,0.120889552,0.120000000,-0.120889552
0.490000,-0.120000000,0.120889552,0.120000000,-0.120889552
0.495000,-0.120000000,0.120889552,0.120000000,-0.120889552
0.500000,-0.120000000,0.120889552,0.120000000,-0.120889552
0.505000,-0.120000000,0.120889552,0.120000000,-0.120889552
0.510000,-0.120000000,0.120889552,0.120000000,-0.120889552
0.515000,-0.120000000,0.120889552,0.120000000,-0.120889552
0.520000,-0.120000000,0.120889552,0.120000000,-0.120889552
0.525000,-0.120000000,0.120889552,0.120000000,-0.120889552
0.530000,-0.120000000,0.120889552,0.120000000,-0.120889552
0.535000,-0.120000000,0.120889552,0.120000000,-0.120889552
0.540000,-0.120000000,0.120889552,0.120000000,-0.120889552
0.545000,-0.120000000,0.120889552,0.120000000,-0.120889552
0.550000,-0.120000000,0.120889552,0.120000000,-0.120889552
0.555000,-0.120000000,0.120889552,0.120000000,-0.120889552
0.560000,-0.120000000,0.120889552,0.120000000,-0.120889552
0.565000,-0.120000000,0.120889552,0.120000000,-0.120889552
0.570000,-0.120000000,0.120889552,0.120000000,-0.120889552
0.575000,-0.120000000,0.120889552,0.120000000,-0.120889552
0.580000,-0.120000000,0.120889552,0.120000000,-0.120889552
0.585000,-0.120000000,0.120889552,0.120000000,-0.120889552
0.590000,-0.120000000,0.120889552,0.120000000,-0.120889552
0.595000,-0.120000000,0.120889552,0.120000000,-0.120889552
0.600000,-0.120000000,0.120889552,0.120000000,-0.120889552
0.605000,-0.120000000,0.120889552,0.120000000,-0.120889552
0.610000,-0.120000000,0.120889552,0.120000000,-0.120889552
0.615000,-0.120000000,0.120889552,0.120000000,-0.120889552
0.620000,-0.120000000,0.120889552,0.120000000,-0.120889552
0.625000,-0.120000000,0.120889552,0.120000000,-0.120889552
0.630000,-0.120000000,0.120889552,0.120000000,-0.120889552
0.635000,-0.120000000,0.120889552,0.120000000,-0.120889552
0.640000,-0.120000000,0.120889552,0.120000000,-0.120889552
0.645000,-0.120000000,0.120889552,0.120000000,-0.120889552
0.650000,-0.120000000,0.120889552,0.120000000,-0.120889552
0.655000,-0.120000000,0.120889552,0.120000000,-0.120889552
0.660000,-0.120000000,0.120889552,0.120000000,-0.120889552
0.665000,-0.120000000,0.120889552,0.120000000,-0.120889552
0.670000,-0.120000000,0.120889552,0.120000000,-0.120889552
0.675000,-0.120000000,0.120889552,0.120000000,-0.120889552
0.680000,-0.120000000,0.120889552,0.120000000,-0.120889552
0.685000,-0.120000000,0.120889552,0.120000000,-0.120889552
0.690000,-0.120000000,0.120889552,0.120000000,-0.120889552
0.695000,-0.120000000,0.120889552,0.120000000,-0.120889552
0.700000,-0.120000000,0.120889552,0.120000000,-0.120889552
0.705000,-0.120000000,0.120889552,0.120000000,-0.120889552
0.710000,-0.120000000,0.120889552,0.120000000,-0.120889552
0.715000,-0.120000000,0.120889552,0.120000000,-0.120889552
0.720000,-0.120000000,0.120889552,0.120000000,-0.120889552
0.725000,-0.120000000,0.120889552,0.120000000,-0.120889552
0.730000,-0.120000000,0.120889552,0.120000000,-0.120889552
0.735000,-0.120000000,0.120889552,0.120000000,-0.120889552
0.740000,-0.120000000,0.120889552,0.120000000,-0.120889552
0.745000,-0.120000000,0.120889552,0.120000000,-0.120889552
0.750000,-0.120000000,0.120889552,0.120000000,-0.120889552
0.755000,-0.120000000,0.120889552,0.120000000,-0.120889552
0.760000,-0.120000000,0.120889552,0.120000000,-0.120889552
0.765000,-0.120000000,0.120889552,0.120000000,-0.120889552
0.770000,-0.120000000,0.120889552,0.120000000,-0.120889552
0.775000,-0.120000000,0.120889552,0.120000000,-0.120889552
0.780000,-0.120000000,0.120889552,0.120000000,-0.120889552
0.785000,-0.120000000,0.120889552,0.120000000,-0.120889552
0.790000,-0.120000000,0.120889552,0.120000000,-0.120889552
0.795000,-0.120000000,0.120889552,0.120000000,-0.120889552
0.800000,-0.120000000,0.120889552,0.120000000,-0.120889552
0.805000,-0.120000000,0.120889552,0.120000000,-0.120889552
0.810000,-0.120000000,0.120889552,0.120000000,-0.120889552
0.815000,-0.120000000,0.120889552,0.120000000,-0.120889552
0.820000,-0.120000000,0.120889552,0.120000000,-0.120889552
0.825000,-0.120000000,0.120889552,0.120000000,-0.120889552
0.830000,-0.120000000,0.120889552,0.120000000,-0.120889552
0.835000,-0.120000000,0.120889552,0.120000000,-0.120889552
0.840000,-0.120000000,0.120889552,0.120000000,-0.120889552
0.845000,-0.120000000,0.120889552,0.120000000,-0.120889552
0.850000,-0.120000000,0.120889552,0.120000000,-0.120889552
0.855000,-0.120000000,0.120889552,0.120000000,-0.120889552
0.860000,-0.120000000,0.120889552,0.120000000,-0.120889552
0.865000,-0.120000000,0.120889552,0.120000000,-0.120889552
0.870000,-0.120000000,0.120889552,0.120000000,-0.120889552
0.875000,-0.120000000,0.120889552,0.120000000,-0.120889552
0.880000,-0.120000000,0.120889552,0.120000000,-0.120889552
0.885000,-0.120000000,0.120889552,0.120000000,-0.120889552
0.890000,-0.120000000,0.120889552,0.120000000,-0.120889552
0.895000,-0.120000000,0.120889552,0.120000000,-0.120889552
0.900000,-0.120000000,0.120889552,0.120000000,-0.120889552
0.905000,-0.120000000,0.120889552,0.120000000,-0.120889552
0.910000,-0.120000000,0.120889552,0.120000000,-0.120889552
0.915000,-0.120000000,0.120889552,0.120000000,-0.120889552
0.920000,-0.120000000,0.120889552,0.120000000,-0.120889552
0.925000,-0.120000000,0.120889552,0.120000000,-0.120889552
0.930000,-0.120000000,0.120889552,0.120000000,-0.120889552
0.935000,-0.120000000,0.120889552,0.120000000,-0.120889552
0.940000,-0.120000000,0.120889552,0.120000000,-0.120889552
0.945000,-0.120000000,0.120889552,0.120000000,-0.120889552
0.950000,-0.120000000,0.120889552,0.120000000,-0.120889552
0.955000,-0.120000000,0.120889552,0.120000000,-0.120889552
0.960000,-0.120000000,0.120889552,0.120000000,-0.120889552
0.965000,-0.120000000,0.120889552,0.120000000,-0.120889552
0.970000,-0.120000000,0.120889552,0.120000000,-0.120889552
0.975000,-0.120000000,0.120889552,0.120000000,-0.120889552
0.980000,-0.120000000,0.120889552,0.120000000,-0.120889552
0.985000,-0.120000000,0.120889552,0.120000000,-0.120889552
0.990000,-0.120000000,0.120889552,0.120000000,-0.120889552
0.995000,-0.120000000,0.120889552,0.120000000,-0.120889552
1.000000,-0.120000000,0.120889552,0.120000000,-0.120889552
1.005000,-0.120000000,0.120889552,0.120000000,-0.120889552
1.010000,-0.120000000,0.120889552,0.120000000,-0.120889552
1.015000,-0.120000000,0.120889552,0.120000000,-0.120889552
1.020000,-0.120000000,0.120889552,0.120000000,-0.120889552
1.025000,-0.120000000,0.120889552,0.120000000,-0.120889552
1.030000,-0.120000000,0.120889552,0.120000000,-0.120889552
1.035000,-0.120000000,0.120889552,0.120000000,-0.120889552
1.040000,-0.120000000,0.120889552,0.120000000,-0.120889552
1.045000,-0.120000000,0.120889552,0.120000000,-0.120889552
1.050000,-0.120000000,0.120889552,0.120000000,-0.120889552
1.055000,-0.120000000,0.120889552,0.120000000,-0.120889552
1.060000,-0.120000000,0.120889552,0.120000000,-0.120889552
1.065000,-0.120000000,0.120889552,0.120000000,-0.120889552
1.070000,-0.120000000,0.120889552,0.120000000,-0.120889552
1.075000,-0.120000000,0.120889552,0.120000000,-0.120889552
1.080000,-0.120000000,0.120889552,0.120000000,-0.120889552
1.085000,-0.120000000,0.120889552,0.120000000,-0.120889552
1.090000,-0.120000000,0.120889552,0.120000000,-0.120889552
1.095000,-0.120000000,0.120889552,0.120000000,-0.120889552
1.100000,-0.120000000,0.120889552,0.120000000,-0.120889552
1.105000,-0.120000000,0.120889552,0.120000000,-0.120889552
1.110000,-0.120000000,0.120889552,0.120000000,-0.120889552
1.115000,-0.120000000,0.120889552,0.120000000,-0.120889552
1.120000,-0.120000000,0.120889552,0.120000000,-0.120889552
1.125000,-0.120000000,0.120889552,0.120000000,-0.120889552
1.130000,-0.120000000,0.120889552,0.120000000,-0.120889552
1.135000,-0.120000000,0.120889552,0.120000000,-0.120889552
1.140000,-0.120000000,0.120889552,0.120000000,-0.120889552
1.145000,-0.120000000,0.120889552,0.120000000,-0.120889552
1.150000,-0.120000000,0.120889552,0.120000000,-0.120889552
1.155000,-0.120000000,0.120889552,0.120000000,-0.120889552
1.160000,-0.120000000,0.120889552,0.120000000,-0.120889552
1.165000,-0.120000000,0.120889552,0.120000000,-0.120889552
1.170000,-0.120000000,0.120889552,0.120000000,-0.120889552
1.175000,-0.120000000,0.120889552,0.120000000,-0.120889552
1.180000,-0.120000000,0.120889552,0.120000000,-0.120889552
1.185000,-0.120000000,0.120889552,0.120000000,-0.120889552
1.190000,-0.120000000,0.120889552,0.120000000,-0.120889552
1.195000,-0.120000000,0.120889552,0.120000000,-0.120889552
1.200000,-0.120000000,0.120889552,0.120000000,-0.120889552
1.205000,-0.120000000,0.120889552,0.120000000,-0.120889552
1.210000,-0.120000000,0.120889552,0.120000000,-0.120889552
1.215000,-0.120000000,0.120889552,0.120000000,-0.120889552
1.220000,-0.120000000,0.120889552,0.120000000,-0.120889552
1.225000,-0.120000000,0.120889552,0.120000000,-0.120889552
1.230000,-0.120000000,0.120889552,0.120000000,-0.120889552
1.235000,-0.120000000,0.120889552,0.120000000,-0.120889552
1.240000,-0.120000000,0.120889552,0.120000000,-0.120889552
1.245000,-0.120000000,0.120889552,0.120000000,-0.120889552
1.250000,-0.120000000,0.120889552,0.120000000,-0.120889552
1.255000,-0.120000000,0.120889552,0.120000000,-0.120889552
1.260000,-0.120000000,0.120889552,0.120000000,-0.120889552
1.265000,-0.120000000,0.120889552,0.120000000,-0.120889552
1.270000,-0.120000000,0.120889552,0.120000000,-0.120889552
1.275000,-0.120000000,0.120889552,0.120000000,-0.120889552
1.280000,-0.120000000,0.120889552,0.120000000,-0.120889552
1.285000,-0.120000000,0.120889552,0.120000000,-0.120889552
1.290000,-0.120000000,0.120889552,0.120000000,-0.120889552
1.295000,-0.120000000,0.120889552,0.120000000,-0.120889552
1.300000,-0.120000000,0.120889552,0.120000000,-0.120889552
1.305000,-0.120000000,0.120889552,0.120000000,-0.120889552
1.310000,-0.120000000,0.120889552,0.120000000,-0.120889552
1.315000,-0.120000000,0.120889552,0.120000000,-0.120889552
1.320000,-0.120000000,0.120889552,0.120000000,-0.120889552
1.325000,-0.120000000,0.120889552,0.120000000,-0.120889552
1.330000,-0.120000000,0.120889552,0.120000000,-0.120889552
1.335000,-0.120000000,0.120889552,0.120000000,-0.120889552
1.340000,-0.120000000,0.120889552,0.120000000,-0.120889552
1.345000,-0.120000000,0.120889552,0.120000000,-0.120889552
1.350000,-0.120000000,0.120889552,0.120000000,-0.120889552
1.355000,-0.120000000,0.120889552,0.120000000,-0.120889552
1.360000,-0.120000000,0.120889552,0.120000000,-0.120889552
1.365000,-0.120000000,0.120889552,0.120000000,-0.120889552
1.370000,-0.120000000,0.120889552,0.120000000,-0.120889552
1.375000,-0.120000000,0.120889552,0.120000000,-0.120889552
1.380000,-0.120000000,0.120889552,0.120000000,-0.120889552
1.385000,-0.120000000,0.120889552,0.120000000,-0.120889552
1.390000,-0.120000000,0.120889552,0.120000000,-0.120889552
1.395000,-0.120000000,0.120889552,0.120000000,-0.120889552
1.400000,-0.120000000,0.120889552,0.120000000,-0.120889552
1.405000,-0.120000000,0.120889552,0.120000000,-0.120889552
1.410000,-0.120000000,0.120889552,0.120000000,-0.120889552
1.415000,-0.120000000,0.120889552,0.120000000,-0.120889552
1.420000,-0.120000000,0.120889552,0.120000000,-0.120889552
1.425000,-0.120000000,0.120889552,0.120000000,-0.120889552
1.430000,-0.120000000,0.120889552,0.120000000,-0.120889552
1.435000,-0.120000000,0.120889552,0.120000000,-0.120889552
1.440000,-0.120000000,0.120889552,0.120000000,-0.120889552
1.445000,-0.120000000,0.120889552,0.120000000,-0.120889552
1.450000,-0.120000000,0.120889552,0.120000000,-0.120889552
1.455000,-0.120000000,0.120889552,0.120000000,-0.120889552
1.460000,-0.120000000,0.120889552,0.120000000,-0.120889552
1.465000,-0.120000000,0.120889552,0.120000000,-0.120889552
1.470000,-0.120000000,0.120889552,0.120000000,-0.120889552
1.475000,-0.120000000,0.120889552,0.120000000,-0.120889552
1.480000,-0.120000000,0.120889552,0.120000000,-0.120889552
1.485000,-0.120000000,0.120889552,0.120000000,-0.120889552
1.490000,-0.120000000,0.120889552,0.120000000,-0.120889552
1.495000,-0.120000000,0.120889552,0.120000000,-0.120889552
1.500000,-0.120000000,0.120889552,0.120000000,-0.120889552
1.505000,-0.120000000,0.120889552,0.120000000,-0.120889552
1.510000,-0.120000000,0.120889552,0.120000000,-0.120889552
1.515000,-0.120000000,0.120889552,0.120000000,-0.120889552
1.520000,-0.120000000,0.120889552,0.120000000,-0.120889552
1.525000,-0.120000000,0.120889552,0.120000000,-0.120889552
1.530000,-0.120000000,0.120889552,0.120000000,-0.120889552
1.535000,-0.120000000,0.120889552,0.120000000,-0.120889552
1.540000,-0.120000000,0.120889552,0.120000000,-0.120889552
1.545000,-0.120000000,0.120889552,0.120000000,-0.120889552
1.550000,-0.120000000,0.120889552,0.120000000,-0.120889552
1.555000,-0.120000000,0.120889552,0.120000000,-0.120889552
1.560000,-0.120000000,0.120889552,0.120000000,-0.120889552
1.565000,-0.120000000,0.120889552,0.120000000,-0.120889552
1.570000,-0.120000000,0.120889552,0.120000000,-0.120889552
1.575000,-0.120000000,0.120889552,0.120000000,-0.120889552
1.580000,-0.120000000,0.120889552,0.120000000,-0.120889552
1.585000,-0.120000000,0.120889552,0.120000000,-0.120889552
1.590000,-0.120000000,0.120889552,0.120000000,-0.120889552
1.595000,-0.120000000,0.120889552,0.120000000,-0.120889552
1.600000,-0.120000000,0.120889552,0.120000000,-0.120889552
1.605000,-0.120000000,0.120889552,0.120000000,-0.120889552
1.610000,-0.120000000,0.120889552,0.120000000,-0.120889552
1.615000,-0.120000000,0.120889552,0.120000000,-0.120889552
1.620000,-0.120000000,0.120889552,0.120000000,-0.120889552
1.625000,-0.120000000,0.120889552,0.120000000,-0.120889552
1.630000,-0.120000000,0.120889552,0.120000000,-0.120889552
1.635000,-0.120000000,0.120889552,0.120000000,-0.120889552
1.640000,-0.120000000,0.120889552,0.120000000,-0.120889552
1.645000,-0.120000000,0.120889552,0.120000000,-0.120889552
1.650000,-0.120000000,0.120889552,0.120000000,-0.120889552
1.655000,-0.120000000,0.120889552,0.120000000,-0.120889552
1.660000,-0.120000000,0.120889552,0.120000000,-0.120889552
1.665000,-0.120000000,0.120889552,0.120000000,-0.120889552
1.670000,-0.120000000,0.120889552,0.120000000,-0.120889552
1.675000,-0.120000000,0.120889552,0.120000000,-0.120889552
1.680000,-0.120000000,0.120889552,0.120000000,-0.120889552
1.685000,-0.120000000,0.120889552,0.120000000,-0.120889552
1.690000,-0.120000000,0.120889552,0.120000000,-0.120889552
1.695000,-0.120000000,0.120889552,0.120000000,-0.120889552
1.700000,-0.120000000,0.120889552,0.120000000,-0.120889552
1.705000,-0.120000000,0.120889552,0.120000000,-0.120889552
1.710000,-0.120000000,0.120889552,0.120000000,-0.120889552
1.715000,-0.120000000,0.120889552,0.120000000,-0.120889552
1.720000,-0.120000000,0.120889552,0.120000000,-0.120889552
1.725000,-0.120000000,0.120889552,0.120000000,-0.120889552
1.730000,-0.120000000,0.120889552,0.120000000,-0.120889552
1.735000,-0.120000000,0.120889552,0.120000000,-0.120889552
1.740000,-0.120000000,0.120889552,0.120000000,-0.120889552
1.745000,-0.120000000,0.120889552,0.120000000,-0.120889552
1.750000,-0.120000000,0.120889552,0.120000000,-0.120889552
1.755000,-0.120000000,0.120889552,0.120000000,-0.120889552
1.760000,-0.120000000,0.120889552,0.120000000,-0.120889552
1.765000,-0.120000000,0.120889552,0.120000000,-0.120889552
1.770000,-0.120000000,0.120889552,0.120000000,-0.120889552
1.775000,-0.120000000,0.120889552,0.120000000,-0.120889552
1.780000,-0.120000000,0.120889552,0.120000000,-0.120889552
1.785000,-0.120000000,0.120889552,0.120000000,-0.120889552
1.790000,-0.120000000,0.120889552,0.120000000,-0.120889552
1.795000,-0.120000000,0.120889552,0.120000000,-0.120889552
1.800000,-0.120000000,0.120889552,0.120000000,-0.120889552
1.805000,-0.120000000,0.120889552,0.120000000,-0.120889552
1.810000,-0.120000000,0.120889552,0.120000000,-0.120889552
1.815000,-0.120000000,0.120889552,0.120000000,-0.120889552
1.820000,-0.120000000,0.120889552,0.120000000,-0.120889552
1.825000,-0.120000000,0.120889552,0.120000000,-0.120889552
1.830000,-0.120000000,0.120889552,0.120000000,-0.120889552
1.835000,-0.120000000,0.120889552,0.120000000,-0.120889552
1.840000,-0.120000000,0.120889552,0.120000000,-0.120889552
1.845000,-0.120000000,0.120889552,0.120000000,-0.120889552
1.850000,-0.120000000,0.120889552,0.120000000,-0.120889552
1.855000,-0.120000000,0.120889552,0.120000000,-0.120889552
1.860000,-0.120000000,0.120889552,0.120000000,-0.120889552
1.865000,-0.120000000,0.120889552,0.120000000,-0.120889552
1.870000,-0.120000000,0.120889552,0.120000000,-0.120889552
1.875000,-0.120000000,0.120889552,0.120000000,-0.120889552
1.880000,-0.120000000,0.120889552,0.120000000,-0.120889552
1.885000,-0.120000000,0.120889552,0.120000000,-0.120889552
1.890000,-0.120000000,0.120889552,0.120000000,-0.120889552
1.895000,-0.120000000,0.120889552,0.120000000,-0.120889552
1.900000,-0.120000000,0.120889552,0.120000000,-0.120889552
1.905000,-0.120000000,0.120889552,0.120000000,-0.120889552
1.910000,-0.120000000,0.120889552,0.120000000,-0.120889552
1.915000,-0.120000000,0.120889552,0.120000000,-0.120889552
1.920000,-0.120000000,0.120889552,0.120000000,-0.120889552
1.925000,-0.120000000,0.120889552,0.120000000,-0.120889552
1.930000,-0.120000000,0.120889552,0.120000000,-0.120889552
1.935000,-0.120000000,0.120889552,0.120000000,-0.120889552
1.940000,-0.120000000,0.120889552,0.120000000,-0.120889552
1.945000,-0.120000000,0.120889552,0.120000000,-0.120889552
1.950000,-0.120000000,0.120889552,0.120000000,-0.120889552
1.955000,-0.120000000,0.120889552,0.120000000,-0.120889552
1.960000,-0.120000000,0.120889552,0.120000000,-0.120889552
1.965000,-0.120000000,0.120889552,0.120000000,-0.120889552
1.970000,-0.120000000,0.120889552,0.120000000,-0.120889552
1.975000,-0.120000000,0.120889552,0.120000000,-0.120889552
1.980000,-0.120000000,0.120889552,0.120000000,-0.120889552
1.985000,-0.120000000,0.120889552,0.120000000,-0.120889552
1.990000,-0.120000000,0.120889552,0.120000000,-0.120889552
1.995000,-0.120000000,0.120889552,0.120000000,-0.120889552
2.000000,-0.120000000,0.120889552,0.120000000,-0.120889552
2.005000,-0.119999977,0.120889546,0.119999977,-0.120889546
2.010000,-0.119999816,0.120889509,0.119999816,-0.120889509
2.015000,-0.119999380,0.120889409,0.119999380,-0.120889409
2.020000,-0.119998531,0.120889214,0.119998531,-0.120889214
2.025000,-0.119997133,0.120888893,0.119997133,-0.120888893
2.030000,-0.119995049,0.120888414,0.119995049,-0.120888414
2.035000,-0.119992143,0.120887747,0.119992143,-0.120887747
2.040000,-0.119988282,0.120886860,0.119988282,-0.120886860
2.045000,-0.119983331,0.120885722,0.119983331,-0.120885722
2.050000,-0.119977158,0.120884304,0.119977158,-0.120884304
2.055000,-0.119969632,0.120882575,0.119969632,-0.120882575
2.060000,-0.119960624,0.120880506,0.119960624,-0.120880506
2.065000,-0.119950006,0.120878067,0.119950006,-0.120878067
2.070000,-0.119937651,0.120875229,0.119937651,-0.120875229
2.075000,-0.119923436,0.120871963,0.119923436,-0.120871963
2.080000,-0.119907237,0.120868242,0.119907237,-0.120868242
2.085000,-0.119888936,0.120864038,0.119888936,-0.120864038
2.090000,-0.119868414,0.120859325,0.119868414,-0.120859325
2.095000,-0.119845557,0.120854074,0.119845557,-0.120854074
2.100000,-0.119820251,0.120848262,0.119820251,-0.120848262
2.105000,-0.119792387,0.120841862,0.119792387,-0.120841862
2.110000,-0.119761857,0.120834851,0.119761857,-0.120834851
2.115000,-0.119728557,0.120827203,0.119728557,-0.120827203
2.120000,-0.119692387,0.120818897,0.119692387,-0.120818897
2.125000,-0.119653248,0.120809909,0.119653248,-0.120809909
2.130000,-0.119611046,0.120800218,0.119611046,-0.120800218
2.135000,-0.119565689,0.120789804,0.119565689,-0.120789804
2.140000,-0.119517089,0.120778645,0.119517089,-0.120778645
2.145000,-0.119465163,0.120766724,0.119465163,-0.120766724
2.150000,-0.119409830,0.120754021,0.119409830,-0.120754021
2.155000,-0.119351013,0.120740520,0.119351013,-0.120740520
2.160000,-0.119288640,0.120726203,0.119288640,-0.120726203
2.165000,-0.119222641,0.120711055,0.119222641,-0.120711055
2.170000,-0.119152953,0.120695062,0.119152953,-0.120695062
2.175000,-0.119079513,0.120678209,0.119079513,-0.120678209
2.180000,-0.119002267,0.120660485,0.119002267,-0.120660485
2.185000,-0.118921161,0.120641877,0.118921161,-0.120641877
2.190000,-0.118836149,0.120622375,0.118836149,-0.120622375
2.195000,-0.118747185,0.120601968,0.118747185,-0.120601968
2.200000,-0.118654233,0.120580649,0.118654233,-0.120580649
2.205000,-0.118557257,0.120558410,0.118557257,-0.120558410
2.210000,-0.118456226,0.120535244,0.118456226,-0.120535244
2.215000,-0.118351117,0.120511146,0.118351117,-0.120511146
2.220000,-0.118241909,0.120486111,0.118241909,-0.120486111
2.225000,-0.118128584,0.120460137,0.118128584,-0.120460137
2.230000,-0.118011133,0.120433220,0.118011133,-0.120433220
2.235000,-0.117889548,0.120405361,0.117889548,-0.120405361
2.240000,-0.117763829,0.120376558,0.117763829,-0.120376558
2.245000,-0.117633976,0.120346814,0.117633976,-0.120346814
2.250000,-0.117500000,0.120316130,0.117500000,-0.120316130
2.255000,-0.117361912,0.120284510,0.117361912,-0.120284510
2.260000,-0.117219729,0.120251957,0.117219729,-0.120251957
2.265000,-0.117073473,0.120218479,0.117073473,-0.120218479
2.270000,-0.116923172,0.120184081,0.116923172,-0.120184081
2.275000,-0.116768856,0.120148771,0.116768856,-0.120148771
2.280000,-0.116610563,0.120112558,0.116610563,-0.120112558
2.285000,-0.116448333,0.120075452,0.116448333,-0.120075452
2.290000,-0.116282212,0.120037464,0.116282212,-0.120037464
2.295000,-0.116112251,0.119998606,0.116112251,-0.119998606
2.300000,-0.115938504,0.119958891,0.115938504,-0.119958891
2.305000,-0.115761031,0.119918333,0.115761031,-0.119918333
2.310000,-0.115579896,0.119876948,0.115579896,-0.119876948
2.315000,-0.115395167,0.119834752,0.115395167,-0.119834752
2.320000,-0.115206919,0.119791762,0.115206919,-0.119791762
2.325000,-0.115015227,0.119747995,0.115015227,-0.119747995
2.330000,-0.114820174,0.119703473,0.114820174,-0.119703473
2.335000,-0.114621845,0.119658213,0.114621845,-0.119658213
2.340000,-0.114420331,0.119612239,0.114420331,-0.119612239
2.345000,-0.114215725,0.119565571,0.114215725,-0.119565571
2.350000,-0.114008126,0.119518232,0.114008126,-0.119518232
2.355000,-0.113797636,0.119470247,0.113797636,-0.119470247
2.360000,-0.113584360,0.119421640,0.113584360,-0.119421640
2.365000,-0.113368408,0.119372437,0.113368408,-0.119372437
2.370000,-0.113149893,0.119322663,0.113149893,-0.119322663
2.375000,-0.112928932,0.119272346,0.112928932,-0.119272346
2.380000,-0.112705645,0.119221513,0.112705645,-0.119221513
2.385000,-0.112480156,0.119170194,0.112480156,-0.119170194
2.390000,-0.112252591,0.119118416,0.112252591,-0.119118416
2.395000,-0.112023079,0.119066211,0.112023079,-0.119066211
2.400000,-0.111791754,0.119013609,0.111791754,-0.119013609
2.405000,-0.111558751,0.118960641,0.111558751,-0.118960641
2.410000,-0.111324208,0.118907338,0.111324208,-0.118907338
2.415000,-0.111088267,0.118853733,0.111088267,-0.118853733
2.420000,-0.110851070,0.118799859,0.110851070,-0.118799859
2.425000,-0.110612763,0.118745750,0.110612763,-0.118745750
2.430000,-0.110373495,0.118691438,0.110373495,-0.118691438
2.435000,-0.110133414,0.118636958,0.110133414,-0.118636958
2.440000,-0.109892674,0.118582345,0.109892674,-0.118582345
2.445000,-0.109651427,0.118527634,0.109651427,-0.118527634
2.450000,-0.109409830,0.118472859,0.109409830,-0.118472859
2.455000,-0.109168039,0.118418058,0.109168039,-0.118418058
2.460000,-0.108926211,0.118363264,0.108926211,-0.118363264
2.465000,-0.108684508,0.118308516,0.108684508,-0.118308516
2.470000,-0.108443088,0.118253848,0.108443088,-0.118253848
2.475000,-0.108202114,0.118199298,0.108202114,-0.118199298
2.480000,-0.107961747,0.118144902,0.107961747,-0.118144902
2.485000,-0.107722151,0.118090696,0.107722151,-0.118090696
2.490000,-0.107483489,0.118036718,0.107483489,-0.118036718
2.495000,-0.107245923,0.117983004,0.107245923,-0.117983004
2.500000,-0.107009619,0.117929590,0.107009619,-0.117929590
2.505000,-0.106774739,0.117876515,0.106774739,-0.117876515
2.510000,-0.106541447,0.117823814,0.106541447,-0.117823814
2.515000,-0.106309907,0.117771523,0.106309907,-0.117771523
2.520000,-0.106080280,0.117719680,0.106080280,-0.117719680
2.525000,-0.105852730,0.117668321,0.105852730,-0.117668321
2.530000,-0.105627417,0.117617480,0.105627417,-0.117617480
2.535000,-0.105404502,0.117567195,0.105404502,-0.117567195
2.540000,-0.105184145,0.117517501,0.105184145,-0.117517501
2.545000,-0.104966503,0.117468432,0.104966503,-0.117468432
2.550000,-0.104751733,0.117420024,0.104751733,-0.117420024
2.555000,-0.104539991,0.117372311,0.104539991,-0.117372311
2.560000,-0.104331430,0.117325327,0.104331430,-0.117325327
2.565000,-0.104126202,0.117279106,0.104126202,-0.117279106
2.570000,-0.103924456,0.117233681,0.103924456,-0.117233681
2.575000,-0.103726341,0.117189085,0.103726341,-0.117189085
2.580000,-0.103532002,0.117145349,0.103532002,-0.117145349
2.585000,-0.103341581,0.117102505,0.103341581,-0.117102505
2.590000,-0.103155220,0.117060585,0.103155220,-0.117060585
2.595000,-0.102973057,0.117019618,0.102973057,-0.117019618
2.600000,-0.102795226,0.116979635,0.102795226,-0.116979635
2.605000,-0.102621860,0.116940664,0.102621860,-0.116940664
2.610000,-0.102453088,0.116902733,0.102453088,-0.116902733
2.615000,-0.102289035,0.116865871,0.102289035,-0.116865871
2.620000,-0.102129826,0.116830105,0.102129826,-0.116830105
2.625000,-0.101975579,0.116795460,0.101975579,-0.116795460
2.630000,-0.101826409,0.116761962,0.101826409,-0.116761962
2.635000,-0.101682430,0.116729635,0.101682430,-0.116729635
2.640000,-0.101543750,0.116698503,0.101543750,-0.116698503
2.645000,-0.101410474,0.116668590,0.101410474,-0.116668590
2.650000,-0.101282701,0.116639917,0.101282701,-0.116639917
2.655000,-0.101160530,0.116612504,0.101160530,-0.116612504
2.660000,-0.101044052,0.116586374,0.101044052,-0.116586374
2.665000,-0.100933356,0.116561543,0.100933356,-0.116561543
2.670000,-0.100828526,0.116538032,0.100828526,-0.116538032
2.675000,-0.100729642,0.116515857,0.100729642,-0.116515857
2.680000,-0.100636780,0.116495035,0.100636780,-0.116495035
2.685000,-0.100550009,0.116475581,0.100550009,-0.116475581
2.690000,-0.100469397,0.116457510,0.100469397,-0.116457510
2.695000,-0.100395005,0.116440835,0.100395005,-0.116440835
2.700000,-0.100326889,0.116425568,0.100326889,-0.116425568
2.705000,-0.100265102,0.116411720,0.100265102,-0.116411720
2.710000,-0.100209691,0.116399303,0.100209691,-0.116399303
2.715000,-0.100160699,0.116388324,0.100160699,-0.116388324
2.720000,-0.100118163,0.116378793,0.100118163,-0.116378793
2.725000,-0.100082115,0.116370716,0.100082115,-0.116370716
2.730000,-0.100052584,0.116364100,0.100052584,-0.116364100
2.735000,-0.100029592,0.116358948,0.100029592,-0.116358948
2.740000,-0.100013156,0.116355266,0.100013156,-0.116355266
2.745000,-0.100003290,0.116353056,0.100003290,-0.116353056
2.750000,-0.100000000,0.116352319,0.100000000,-0.116352319
2.755000,-0.100003290,0.116353056,0.100003290,-0.116353056
2.760000,-0.100013156,0.116355266,0.100013156,-0.116355266
2.765000,-0.100029592,0.116358948,0.100029592,-0.116358948
2.770000,-0.100052584,0.116364100,0.100052584,-0.116364100
2.775000,-0.100082115,0.116370716,0.100082115,-0.116370716
2.780000,-0.100118163,0.116378793,0.100118163,-0.116378793
2.785000,-0.100160699,0.116388324,0.100160699,-0.116388324
2.790000,-0.100209691,0.116399303,0.100209691,-0.116399303
2.795000,-0.100265102,0.116411720,0.100265102,-0.116411720
2.800000,-0.100326889,0.116425568,0.100326889,-0.116425568
2.805000,-0.100395005,0.116440835,0.100395005,-0.116440835
2.810000,-0.100469397,0.116457510,0.100469397,-0.116457510
2.815000,-0.100550009,0.116475581,0.100550009,-0.116475581
2.820000,-0.100636780,0.116495035,0.100636780,-0.116495035
2.825000,-0.100729642,0.116515857,0.100729642,-0.116515857
2.830000,-0.100828526,0.116538032,0.100828526,-0.116538032
2.835000,-0.100933356,0.116561543,0.100933356,-0.116561543
2.840000,-0.101044052,0.116586374,0.101044052,-0.116586374
2.845000,-0.101160530,0.116612504,0.101160530,-0.116612504
2.850000,-0.101282701,0.116639917,0.101282701,-0.116639917
2.855000,-0.101410474,0.116668590,0.101410474,-0.116668590
2.860000,-0.101543750,0.116698503,0.101543750,-0.116698503
2.865000,-0.101682430,0.116729635,0.101682430,-0.116729635
2.870000,-0.101826409,0.116761962,0.101826409,-0.116761962
2.875000,-0.101975579,0.116795460,0.101975579,-0.116795460
2.880000,-0.102129826,0.116830105,0.102129826,-0.116830105
2.885000,-0.102289035,0.116865871,0.102289035,-0.116865871
2.890000,-0.102453088,0.116902733,0.102453088,-0.116902733
2.895000,-0.102621860,0.116940664,0.102621860,-0.116940664
2.900000,-0.102795226,0.116979635,0.102795226,-0.116979635
2.905000,-0.102973057,0.117019618,0.102973057,-0.117019618
2.910000,-0.103155220,0.117060585,0.103155220,-0.117060585
2.915000,-0.103341581,0.117102505,0.103341581,-0.117102505
2.920000,-0.103532002,0.117145349,0.103532002,-0.117145349
2.925000,-0.103726341,0.117189085,0.103726341,-0.117189085
2.930000,-0.103924456,0.117233681,0.103924456,-0.117233681
2.935000,-0.104126202,0.117279106,0.104126202,-0.117279106
2.940000,-0.104331430,0.117325327,0.104331430,-0.117325327
2.945000,-0.104539991,0.117372311,0.104539991,-0.117372311
2.950000,-0.104751733,0.117420024,0.104751733,-0.117420024
2.955000,-0.104966503,0.117468432,0.104966503,-0.117468432
2.960000,-0.105184145,0.117517501,0.105184145,-0.117517501
2.965000,-0.105404502,0.117567195,0.105404502,-0.117567195
2.970000,-0.105627417,0.117617480,0.105627417,-0.117617480
2.975000,-0.105852730,0.117668321,0.105852730,-0.117668321
2.980000,-0.106080280,0.117719680,0.106080280,-0.117719680
2.985000,-0.106309907,0.117771523,0.106309907,-0.117771523
2.990000,-0.106541447,0.117823814,0.106541447,-0.117823814
2.995000,-0.106774739,0.117876515,0.106774739,-0.117876515
3.000000,-0.107009619,0.117929590,0.107009619,-0.117929590
3.005000,-0.107245923,0.117983004,0.107245923,-0.117983004
3.010000,-0.107483489,0.118036718,0.107483489,-0.118036718
3.015000,-0.107722151,0.118090696,0.107722151,-0.118090696
3.020000,-0.107961747,0.118144902,0.107961747,-0.118144902
3.025000,-0.108202114,0.118199298,0.108202114,-0.118199298
3.030000,-0.108443088,0.118253848,0.108443088,-0.118253848
3.035000,-0.108684508,0.118308516,0.108684508,-0.118308516
3.040000,-0.108926211,0.118363264,0.108926211,-0.118363264
3.045000,-0.109168039,0.118418058,0.109168039,-0.118418058
3.050000,-0.109409830,0.118472859,0.109409830,-0.118472859
3.055000,-0.109651427,0.118527634,0.109651427,-0.118527634
3.060000,-0.109892674,0.118582345,0.109892674,-0.118582345
3.065000,-0.110133414,0.118636958,0.110133414,-0.118636958
3.070000,-0.110373495,0.118691438,0.110373495,-0.118691438
3.075000,-0.110612763,0.118745750,0.110612763,-0.118745750
3.080000,-0.110851070,0.118799859,0.110851070,-0.118799859
3.085000,-0.111088267,0.118853733,0.111088267,-0.118853733
3.090000,-0.111324208,0.118907338,0.111324208,-0.118907338
3.095000,-0.111558751,0.118960641,0.111558751,-0.118960641
3.100000,-0.111791754,0.119013609,0.111791754,-0.119013609
3.105000,-0.112023079,0.119066211,0.112023079,-0.119066211
3.110000,-0.112252591,0.119118416,0.112252591,-0.119118416
3.115000,-0.112480156,0.119170194,0.112480156,-0.119170194
3.120000,-0.112705645,0.119221513,0.112705645,-0.119221513
3.125000,-0.112928932,0.119272346,0.112928932,-0.119272346
3.130000,-0.113149893,0.119322663,0.113149893,-0.119322663
3.135000,-0.113368408,0.119372437,0.113368408,-0.119372437
3.140000,-0.113584360,0.119421640,0.113584360,-0.119421640
3.145000,-0.113797636,0.119470247,0.113797636,-0.119470247
3.150000,-0.114008126,0.119518232,0.114008126,-0.119518232
3.155000,-0.114215725,0.119565571,0.114215725,-0.119565571
3.160000,-0.114420331,0.119612239,0.114420331,-0.119612239
3.165000,-0.114621845,0.119658213,0.114621845,-0.119658213
3.170000,-0.114820174,0.119703473,0.114820174,-0.119703473
3.175000,-0.115015227,0.119747995,0.115015227,-0.119747995
3.180000,-0.115206919,0.119791762,0.115206919,-0.119791762
3.185000,-0.115395167,0.119834752,0.115395167,-0.119834752
3.190000,-0.115579896,0.119876948,0.115579896,-0.119876948
3.195000,-0.115761031,0.119918333,0.115761031,-0.119918333
3.200000,-0.115938504,0.119958891,0.115938504,-0.119958891
3.205000,-0.116112251,0.119998606,0.116112251,-0.119998606
3.210000,-0.116282212,0.120037464,0.116282212,-0.120037464
3.215000,-0.116448333,0.120075452,0.116448333,-0.120075452
3.220000,-0.116610563,0.120112558,0.116610563,-0.120112558
3.225000,-0.116768856,0.120148771,0.116768856,-0.120148771
3.230000,-0.116923172,0.120184081,0.116923172,-0.120184081
3.235000,-0.117073473,0.120218479,0.117073473,-0.120218479
3.240000,-0.117219729,0.120251957,0.117219729,-0.120251957
3.245000,-0.117361912,0.120284510,0.117361912,-0.120284510
3.250000,-0.117500000,0.120316130,0.117500000,-0.120316130
3.255000,-0.117633976,0.120346814,0.117633976,-0.120346814
3.260000,-0.117763829,0.120376558,0.117763829,-0.120376558
3.265000,-0.117889548,0.120405361,0.117889548,-0.120405361
3.270000,-0.118011133,0.120433220,0.118011133,-0.120433220
3.275000,-0.118128584,0.120460137,0.118128584,-0.120460137
3.280000,-0.118241909,0.120486111,0.118241909,-0.120486111
3.285000,-0.118351117,0.120511146,0.118351117,-0.120511146
3.290000,-0.118456226,0.120535244,0.118456226,-0.120535244
3.295000,-0.118557257,0.120558410,0.118557257,-0.120558410
3.300000,-0.118654233,0.120580649,0.118654233,-0.120580649
3.305000,-0.118747185,0.120601968,0.118747185,-0.120601968
3.310000,-0.118836149,0.120622375,0.118836149,-0.120622375
3.315000,-0.118921161,0.120641877,0.118921161,-0.120641877
3.320000,-0.119002267,0.120660485,0.119002267,-0.120660485
3.325000,-0.119079513,0.120678209,0.119079513,-0.120678209
3.330000,-0.119152953,0.120695062,0.119152953,-0.120695062
3.335000,-0.119222641,0.120711055,0.119222641,-0.120711055
3.340000,-0.119288640,0.120726203,0.119288640,-0.120726203
3.345000,-0.119351013,0.120740520,0.119351013,-0.120740520
3.350000,-0.119409830,0.120754021,0.119409830,-0.120754021
3.355000,-0.119465163,0.120766724,0.119465163,-0.120766724
3.360000,-0.119517089,0.120778645,0.119517089,-0.120778645
3.365000,-0.119565689,0.120789804,0.119565689,-0.120789804
3.370000,-0.119611046,0.120800218,0.119611046,-0.120800218
3.375000,-0.119653248,0.120809909,0.119653248,-0.120809909
3.380000,-0.119692387,0.120818897,0.119692387,-0.120818897
3.385000,-0.119728557,0.120827203,0.119728557,-0.120827203
3.390000,-0.119761857,0.120834851,0.119761857,-0.120834851
3.395000,-0.119792387,0.120841862,0.119792387,-0.120841862
3.400000,-0.119820251,0.120848262,0.119820251,-0.120848262
3.405000,-0.119845557,0.120854074,0.119845557,-0.120854074
3.410000,-0.119868414,0.120859325,0.119868414,-0.120859325
3.415000,-0.119888936,0.120864038,0.119888936,-0.120864038
3.420000,-0.119907237,0.120868242,0.119907237,-0.120868242
3.425000,-0.119923436,0.120871963,0.119923436,-0.120871963
3.430000,-0.119937651,0.120875229,0.119937651,-0.120875229
3.435000,-0.119950006,0.120878067,0.119950006,-0.120878067
3.440000,-0.119960624,0.120880506,0.119960624,-0.120880506
3.445000,-0.119969632,0.120882575,0.119969632,-0.120882575
3.450000,-0.119977158,0.120884304,0.119977158,-0.120884304
3.455000,-0.119983331,0.120885722,0.119983331,-0.120885722
3.460000,-0.119988282,0.120886860,0.119988282,-0.120886860
3.465000,-0.119992143,0.120887747,0.119992143,-0.120887747
3.470000,-0.119995049,0.120888414,0.119995049,-0.120888414
3.475000,-0.119997133,0.120888893,0.119997133,-0.120888893
3.480000,-0.119998531,0.120889214,0.119998531,-0.120889214
3.485000,-0.119999380,0.120889409,0.119999380,-0.120889409
3.490000,-0.119999816,0.120889509,0.119999816,-0.120889509
3.495000,-0.119999977,0.120889546,0.119999977,-0.120889546
3.500000,-0.120000000,0.120889552,0.120000000,-0.120889552
3.505000,-0.120000023,0.120889557,0.120000023,-0.120889557
3.510000,-0.120000184,0.120889594,0.120000184,-0.120889594
3.515000,-0.120000620,0.120889694,0.120000620,-0.120889694
3.520000,-0.120001469,0.120889889,0.120001469,-0.120889889
3.525000,-0.120002867,0.120890210,0.120002867,-0.120890210
3.530000,-0.120004951,0.120890689,0.120004951,-0.120890689
3.535000,-0.120007857,0.120891356,0.120007857,-0.120891356
3.540000,-0.120011718,0.120892244,0.120011718,-0.120892244
3.545000,-0.120016669,0.120893381,0.120016669,-0.120893381
3.550000,-0.120022842,0.120894799,0.120022842,-0.120894799
3.555000,-0.120030368,0.120896528,0.120030368,-0.120896528
3.560000,-0.120039376,0.120898598,0.120039376,-0.120898598
3.565000,-0.120049994,0.120901037,0.120049994,-0.120901037
3.570000,-0.120062349,0.120903876,0.120062349,-0.120903876
3.575000,-0.120076564,0.120907142,0.120076564,-0.120907142
3.580000,-0.120092763,0.120910863,0.120092763,-0.120910863
3.585000,-0.120111064,0.120915068,0.120111064,-0.120915068
3.590000,-0.120131586,0.120919784,0.120131586,-0.120919784
3.595000,-0.120154443,0.120925036,0.120154443,-0.120925036
3.600000,-0.120179749,0.120930850,0.120179749,-0.120930850
3.605000,-0.120207613,0.120937253,0.120207613,-0.120937253
3.610000,-0.120238143,0.120944269,0.120238143,-0.120944269
3.615000,-0.120271443,0.120951921,0.120271443,-0.120951921
3.620000,-0.120307613,0.120960234,0.120307613,-0.120960234
3.625000,-0.120346752,0.120969229,0.120346752,-0.120969229
3.630000,-0.120388954,0.120978929,0.120388954,-0.120978929
3.635000,-0.120434311,0.120989354,0.120434311,-0.120989354
3.640000,-0.120482911,0.121000526,0.120482911,-0.121000526
3.645000,-0.120534837,0.121012462,0.120534837,-0.121012462
3.650000,-0.120590170,0.121025183,0.120590170,-0.121025183
3.655000,-0.120648987,0.121038706,0.120648987,-0.121038706
3.660000,-0.120711360,0.121053048,0.120711360,-0.121053048
3.665000,-0.120777359,0.121068224,0.120777359,-0.121068224
3.670000,-0.120847047,0.121084250,0.120847047,-0.121084250
3.675000,-0.120920487,0.121101141,0.120920487,-0.121101141
3.680000,-0.120997733,0.121118908,0.120997733,-0.121118908
3.685000,-0.121078839,0.121137565,0.121078839,-0.121137565
3.690000,-0.121163851,0.121157123,0.121163851,-0.121157123
3.695000,-0.121252815,0.121177592,0.121252815,-0.121177592
3.700000,-0.121345767,0.121198982,0.121345767,-0.121198982
3.705000,-0.121442743,0.121221300,0.121442743,-0.121221300
3.710000,-0.121543774,0.121244554,0.121543774,-0.121244554
3.715000,-0.121648883,0.121268750,0.121648883,-0.121268750
3.720000,-0.121758091,0.121293893,0.121758091,-0.121293893
3.725000,-0.121871416,0.121319987,0.121871416,-0.121319987
3.730000,-0.121988867,0.121347036,0.121988867,-0.121347036
3.735000,-0.122110452,0.121375040,0.122110452,-0.121375040
3.740000,-0.122236171,0.121404002,0.122236171,-0.121404002
3.745000,-0.122366024,0.121433921,0.122366024,-0.121433921
3.750000,-0.122500000,0.121464795,0.122500000,-0.121464795
3.755000,-0.122638088,0.121496622,0.122638088,-0.121496622
3.760000,-0.122780271,0.121529398,0.122780271,-0.121529398
3.765000,-0.122926527,0.121563120,0.122926527,-0.121563120
3.770000,-0.123076828,0.121597781,0.123076828,-0.121597781
3.775000,-0.123231144,0.121633374,0.123231144,-0.121633374
3.780000,-0.123389437,0.121669893,0.123389437,-0.121669893
3.785000,-0.123551667,0.121707327,0.123551667,-0.121707327
3.790000,-0.123717788,0.121745667,0.123717788,-0.121745667
3.795000,-0.123887749,0.121784902,0.123887749,-0.121784902
3.800000,-0.124061496,0.121825019,0.124061496,-0.121825019
3.805000,-0.124238969,0.121866006,0.124238969,-0.121866006
3.810000,-0.124420104,0.121907848,0.124420104,-0.121907848
3.815000,-0.124604833,0.121950531,0.124604833,-0.121950531
3.820000,-0.124793081,0.121994037,0.124793081,-0.121994037
3.825000,-0.124984773,0.122038349,0.124984773,-0.122038349
3.830000,-0.125179826,0.122083450,0.125179826,-0.122083450
3.835000,-0.125378155,0.122129319,0.125378155,-0.122129319
3.840000,-0.125579669,0.122175937,0.125579669,-0.122175937
3.845000,-0.125784275,0.122223283,0.125784275,-0.122223283
3.850000,-0.125991874,0.122271333,0.125991874,-0.122271333
3.855000,-0.126202364,0.122320066,0.126202364,-0.122320066
3.860000,-0.126415640,0.122369458,0.126415640,-0.122369458
3.865000,-0.126631592,0.122419483,0.126631592,-0.122419483
3.870000,-0.126850107,0.122470115,0.126850107,-0.122470115
3.875000,-0.127071068,0.122521329,0.127071068,-0.122521329
3.880000,-0.127294355,0.122573096,0.127294355,-0.122573096
3.885000,-0.127519844,0.122625389,0.127519844,-0.122625389
3.890000,-0.127747409,0.122678179,0.127747409,-0.122678179
3.895000,-0.127976921,0.122731436,0.127976921,-0.122731436
3.900000,-0.128208246,0.122785129,0.128208246,-0.122785129
3.905000,-0.128441249,0.122839228,0.128441249,-0.122839228
3.910000,-0.128675792,0.122893701,0.128675792,-0.122893701
3.915000,-0.128911733,0.122948515,0.128911733,-0.122948515
3.920000,-0.129148930,0.123003637,0.129148930,-0.123003637
3.925000,-0.129387237,0.123059035,0.129387237,-0.123059035
3.930000,-0.129626505,0.123114672,0.129626505,-0.123114672
3.935000,-0.129866586,0.123170516,0.129866586,-0.123170516
3.940000,-0.130107326,0.123226531,0.130107326,-0.123226531
3.945000,-0.130348573,0.123282680,0.130348573,-0.123282680
3.950000,-0.130590170,0.123338929,0.130590170,-0.123338929
3.955000,-0.130831961,0.123395240,0.130831961,-0.123395240
3.960000,-0.131073789,0.123451577,0.131073789,-0.123451577
3.965000,-0.131315492,0.123507903,0.131315492,-0.123507903
3.970000,-0.131556912,0.123564180,0.131556912,-0.123564180
3.975000,-0.131797886,0.123620371,0.131797886,-0.123620371
3.980000,-0.132038253,0.123676437,0.132038253,-0.123676437
3.985000,-0.132277849,0.123732341,0.132277849,-0.123732341
3.990000,-0.132516511,0.123788044,0.132516511,-0.123788044
3.995000,-0.132754077,0.123843508,0.132754077,-0.123843508
4.000000,-0.132990381,0.123898694,0.132990381,-0.123898694
4.005000,-0.133225261,0.123953564,0.133225261,-0.123953564
4.010000,-0.133458553,0.124008080,0.133458553,-0.124008080
4.015000,-0.133690093,0.124062203,0.133690093,-0.124062203
4.020000,-0.133919720,0.124115894,0.133919720,-0.124115894
4.025000,-0.134147270,0.124169115,0.134147270,-0.124169115
4.030000,-0.134372583,0.124221828,0.134372583,-0.124221828
4.035000,-0.134595498,0.124273996,0.134595498,-0.124273996
4.040000,-0.134815855,0.124325579,0.134815855,-0.124325579
4.045000,-0.135033497,0.124376542,0.135033497,-0.124376542
4.050000,-0.135248267,0.124426845,0.135248267,-0.124426845
4.055000,-0.135460009,0.124476453,0.135460009,-0.124476453
4.060000,-0.135668570,0.124525330,0.135668570,-0.124525330
4.065000,-0.135873798,0.124573438,0.135873798,-0.124573438
4.070000,-0.136075544,0.124620742,0.136075544,-0.124620742
4.075000,-0.136273659,0.124667206,0.136273659,-0.124667206
4.080000,-0.136467998,0.124712797,0.136467998,-0.124712797
4.085000,-0.136658419,0.124757479,0.136658419,-0.124757479
4.090000,-0.136844780,0.124801220,0.136844780,-0.124801220
4.095000,-0.137026943,0.124843985,0.137026943,-0.124843986
4.100000,-0.137204774,0.124885744,0.137204774,-0.124885744
4.105000,-0.137378140,0.124926462,0.137378140,-0.124926462
4.110000,-0.137546912,0.124966111,0.137546912,-0.124966111
4.115000,-0.137710965,0.125004659,0.137710965,-0.125004659
4.120000,-0.137870174,0.125042077,0.137870174,-0.125042077
4.125000,-0.138024421,0.125078336,0.138024421,-0.125078336
4.130000,-0.138173591,0.125113409,0.138173591,-0.125113409
4.135000,-0.138317570,0.125147267,0.138317570,-0.125147267
4.140000,-0.138456250,0.125179885,0.138456250,-0.125179885
4.145000,-0.138589526,0.125211238,0.138589526,-0.125211238
4.150000,-0.138717299,0.125241301,0.138717299,-0.125241301
4.155000,-0.138839470,0.125270051,0.138839470,-0.125270051
4.160000,-0.138955948,0.125297465,0.138955948,-0.125297465
4.165000,-0.139066644,0.125323522,0.139066644,-0.125323522
4.170000,-0.139171474,0.125348202,0.139171474,-0.125348202
4.175000,-0.139270358,0.125371485,0.139270358,-0.125371485
4.180000,-0.139363220,0.125393353,0.139363220,-0.125393353
4.185000,-0.139449991,0.125413789,0.139449991,-0.125413789
4.190000,-0.139530603,0.125432776,0.139530603,-0.125432776
4.195000,-0.139604995,0.125450300,0.139604995,-0.125450300
4.200000,-0.139673111,0.125466348,0.139673111,-0.125466348
4.205000,-0.139734898,0.125480905,0.139734898,-0.125480905
4.210000,-0.139790309,0.125493961,0.139790309,-0.125493961
4.215000,-0.139839301,0.125505505,0.139839301,-0.125505505
4.220000,-0.139881837,0.125515529,0.139881837,-0.125515529
4.225000,-0.139917885,0.125524024,0.139917885,-0.125524024
4.230000,-0.139947416,0.125530984,0.139947416,-0.125530984
4.235000,-0.139970408,0.125536403,0.139970408,-0.125536403
4.240000,-0.139986844,0.125540277,0.139986844,-0.125540277
4.245000,-0.139996710,0.125542602,0.139996710,-0.125542602
4.250000,-0.140000000,0.125543378,0.140000000,-0.125543378
4.255000,-0.139996710,0.125542602,0.139996710,-0.125542602
4.260000,-0.139986844,0.125540277,0.139986844,-0.125540277
4.265000,-0.139970408,0.125536403,0.139970408,-0.125536403
4.270000,-0.139947416,0.125530984,0.139947416,-0.125530984
4.275000,-0.139917885,0.125524024,0.139917885,-0.125524024
4.280000,-0.139881837,0.125515529,0.139881837,-0.125515529
4.285000,-0.139839301,0.125505505,0.139839301,-0.125505505
4.290000,-0.139790309,0.125493961,0.139790309,-0.125493961
4.295000,-0.139734898,0.125480905,0.139734898,-0.125480905
4.300000,-0.139673111,0.125466348,0.139673111,-0.125466348
4.305000,-0.139604995,0.125450300,0.139604995,-0.125450300
4.310000,-0.139530603,0.125432776,0.139530603,-0.125432776
4.315000,-0.139449991,0.125413789,0.139449991,-0.125413789
4.320000,-0.139363220,0.125393353,0.139363220,-0.125393353
4.325000,-0.139270358,0.125371485,0.139270358,-0.125371485
4.330000,-0.139171474,0.125348202,0.139171474,-0.125348202
4.335000,-0.139066644,0.125323522,0.139066644,-0.125323522
4.340000,-0.138955948,0.125297465,0.138955948,-0.125297465
4.345000,-0.138839470,0.125270051,0.138839470,-0.125270051
4.350000,-0.138717299,0.125241301,0.138717299,-0.125241301
4.355000,-0.138589526,0.125211238,0.138589526,-0.125211238
4.360000,-0.138456250,0.125179885,0.138456250,-0.125179885
4.365000,-0.138317570,0.125147267,0.138317570,-0.125147267
4.370000,-0.138173591,0.125113409,0.138173591,-0.125113409
4.375000,-0.138024421,0.125078336,0.138024421,-0.125078336
4.380000,-0.137870174,0.125042077,0.137870174,-0.125042077
4.385000,-0.137710965,0.125004659,0.137710965,-0.125004659
4.390000,-0.137546912,0.124966111,0.137546912,-0.124966111
4.395000,-0.137378140,0.124926462,0.137378140,-0.124926462
4.400000,-0.137204774,0.124885744,0.137204774,-0.124885744
4.405000,-0.137026943,0.124843985,0.137026943,-0.124843986
4.410000,-0.136844780,0.124801220,0.136844780,-0.124801220
4.415000,-0.136658419,0.124757479,0.136658419,-0.124757479
4.420000,-0.136467998,0.124712797,0.136467998,-0.124712797
4.425000,-0.136273659,0.124667206,0.136273659,-0.124667206
4.430000,-0.136075544,0.124620742,0.136075544,-0.124620742
4.435000,-0.135873798,0.124573438,0.135873798,-0.124573438
4.440000,-0.135668570,0.124525330,0.135668570,-0.124525330
4.445000,-0.135460009,0.124476453,0.135460009,-0.124476453
4.450000,-0.135248267,0.124426845,0.135248267,-0.124426845
4.455000,-0.135033497,0.124376542,0.135033497,-0.124376542
4.460000,-0.134815855,0.124325579,0.134815855,-0.124325579
4.465000,-0.134595498,0.124273996,0.134595498,-0.124273996
4.470000,-0.134372583,0.124221828,0.134372583,-0.124221828
4.475000,-0.134147270,0.124169115,0.134147270,-0.124169115
4.480000,-0.133919720,0.124115894,0.133919720,-0.124115894
4.485000,-0.133690093,0.124062203,0.133690093,-0.124062203
4.490000,-0.133458553,0.124008080,0.133458553,-0.124008080
4.495000,-0.133225261,0.123953564,0.133225261,-0.123953564
4.500000,-0.132990381,0.123898694,0.132990381,-0.123898694
4.505000,-0.132754077,0.123843508,0.132754077,-0.123843508
4.510000,-0.132516511,0.123788044,0.132516511,-0.123788044
4.515000,-0.132277849,0.123732341,0.132277849,-0.123732341
4.520000,-0.132038253,0.123676437,0.132038253,-0.123676437
4.525000,-0.131797886,0.123620371,0.131797886,-0.123620371
4.530000,-0.131556912,0.123564180,0.131556912,-0.123564180
4.535000,-0.131315492,0.123507903,0.131315492,-0.123507903
4.540000,-0.131073789,0.123451577,0.131073789,-0.123451577
4.545000,-0.130831961,0.123395240,0.130831961,-0.123395240
4.550000,-0.130590170,0.123338929,0.130590170,-0.123338929
4.555000,-0.130348573,0.123282680,0.130348573,-0.123282680
4.560000,-0.130107326,0.123226531,0.130107326,-0.123226531
4.565000,-0.129866586,0.123170516,0.129866586,-0.123170516
4.570000,-0.129626505,0.123114672,0.129626505,-0.123114672
4.575000,-0.129387237,0.123059035,0.129387237,-0.123059035
4.580000,-0.129148930,0.123003637,0.129148930,-0.123003637
4.585000,-0.128911733,0.122948515,0.128911733,-0.122948515
4.590000,-0.128675792,0.122893701,0.128675792,-0.122893701
4.595000,-0.128441249,0.122839228,0.128441249,-0.122839228
4.600000,-0.128208246,0.122785129,0.128208246,-0.122785129
4.605000,-0.127976921,0.122731436,0.127976921,-0.122731436
4.610000,-0.127747409,0.122678179,0.127747409,-0.122678179
4.615000,-0.127519844,0.122625389,0.127519844,-0.122625389
4.620000,-0.127294355,0.122573096,0.127294355,-0.122573096
4.625000,-0.127071068,0.122521329,0.127071068,-0.122521329
4.630000,-0.126850107,0.122470115,0.126850107,-0.122470115
4.635000,-0.126631592,0.122419483,0.126631592,-0.122419483
4.640000,-0.126415640,0.122369458,0.126415640,-0.122369458
4.645000,-0.126202364,0.122320066,0.126202364,-0.122320066
4.650000,-0.125991874,0.122271333,0.125991874,-0.122271333
4.655000,-0.125784275,0.122223283,0.125784275,-0.122223283
4.660000,-0.125579669,0.122175937,0.125579669,-0.122175937
4.665000,-0.125378155,0.122129319,0.125378155,-0.122129319
4.670000,-0.125179826,0.122083450,0.125179826,-0.122083450
4.675000,-0.124984773,0.122038349,0.124984773,-0.122038349
4.680000,-0.124793081,0.121994037,0.124793081,-0.121994037
4.685000,-0.124604833,0.121950531,0.124604833,-0.121950531
4.690000,-0.124420104,0.121907848,0.124420104,-0.121907848
4.695000,-0.124238969,0.121866006,0.124238969,-0.121866006
4.700000,-0.124061496,0.121825019,0.124061496,-0.121825019
4.705000,-0.123887749,0.121784902,0.123887749,-0.121784902
4.710000,-0.123717788,0.121745667,0.123717788,-0.121745667
4.715000,-0.123551667,0.121707327,0.123551667,-0.121707327
4.720000,-0.123389437,0.121669893,0.123389437,-0.121669893
4.725000,-0.123231144,0.121633374,0.123231144,-0.121633374
4.730000,-0.123076828,0.121597781,0.123076828,-0.121597781
4.735000,-0.122926527,0.121563120,0.122926527,-0.121563120
4.740000,-0.122780271,0.121529398,0.122780271,-0.121529398
4.745000,-0.122638088,0.121496622,0.122638088,-0.121496622
4.750000,-0.122500000,0.121464795,0.122500000,-0.121464795
4.755000,-0.122366024,0.121433921,0.122366024,-0.121433921
4.760000,-0.122236171,0.121404002,0.122236171,-0.121404002
4.765000,-0.122110452,0.121375040,0.122110452,-0.121375040
4.770000,-0.121988867,0.121347036,0.121988867,-0.121347036
4.775000,-0.121871416,0.121319987,0.121871416,-0.121319987
4.780000,-0.121758091,0.121293893,0.121758091,-0.121293893
4.785000,-0.121648883,0.121268750,0.121648883,-0.121268750
4.790000,-0.121543774,0.121244554,0.121543774,-0.121244554
4.795000,-0.121442743,0.121221300,0.121442743,-0.121221300
4.800000,-0.121345767,0.121198982,0.121345767,-0.121198982
4.805000,-0.121252815,0.121177592,0.121252815,-0.121177592
4.810000,-0.121163851,0.121157123,0.121163851,-0.121157123
4.815000,-0.121078839,0.121137565,0.121078839,-0.121137565
4.820000,-0.120997733,0.121118908,0.120997733,-0.121118908
4.825000,-0.120920487,0.121101141,0.120920487,-0.121101141
4.830000,-0.120847047,0.121084250,0.120847047,-0.121084250
4.835000,-0.120777359,0.121068224,0.120777359,-0.121068224
4.840000,-0.120711360,0.121053048,0.120711360,-0.121053048
4.845000,-0.120648987,0.121038706,0.120648987,-0.121038706
4.850000,-0.120590170,0.121025183,0.120590170,-0.121025183
4.855000,-0.120534837,0.121012462,0.120534837,-0.121012462
4.860000,-0.120482911,0.121000526,0.120482911,-0.121000526
4.865000,-0.120434311,0.120989354,0.120434311,-0.120989354
4.870000,-0.120388954,0.120978929,0.120388954,-0.120978929
4.875000,-0.120346752,0.120969229,0.120346752,-0.120969229
4.880000,-0.120307613,0.120960234,0.120307613,-0.120960234
4.885000,-0.120271443,0.120951921,0.120271443,-0.120951921
4.890000,-0.120238143,0.120944269,0.120238143,-0.120944269
4.895000,-0.120207613,0.120937253,0.120207613,-0.120937253
4.900000,-0.120179749,0.120930850,0.120179749,-0.120930850
4.905000,-0.120154443,0.120925036,0.120154443,-0.120925036
4.910000,-0.120131586,0.120919784,0.120131586,-0.120919784
4.915000,-0.120111064,0.120915068,0.120111064,-0.120915068
4.920000,-0.120092763,0.120910863,0.120092763,-0.120910863
4.925000,-0.120076564,0.120907142,0.120076564,-0.120907142
4.930000,-0.120062349,0.120903876,0.120062349,-0.120903876
4.935000,-0.120049994,0.120901037,0.120049994,-0.120901037
4.940000,-0.120039376,0.120898598,0.120039376,-0.120898598
4.945000,-0.120030368,0.120896528,0.120030368,-0.120896528
4.950000,-0.120022842,0.120894799,0.120022842,-0.120894799
4.955000,-0.120016669,0.120893381,0.120016669,-0.120893381
4.960000,-0.120011718,0.120892244,0.120011718,-0.120892244
4.965000,-0.120007857,0.120891356,0.120007857,-0.120891356
4.970000,-0.120004951,0.120890689,0.120004951,-0.120890689
4.975000,-0.120002867,0.120890210,0.120002867,-0.120890210
4.980000,-0.120001469,0.120889889,0.120001469,-0.120889889
4.985000,-0.120000620,0.120889694,0.120000620,-0.120889694
4.990000,-0.120000184,0.120889594,0.120000184,-0.120889594
4.995000,-0.120000023,0.120889557,0.120000023,-0.120889557
5.000000,-0.120000000,0.120889552,0.120000000,-0.120889552
5.005000,-0.119999977,0.120889546,0.119999977,-0.120889546
5.010000,-0.119999816,0.120889509,0.119999816,-0.120889509
5.015000,-0.119999380,0.120889409,0.119999380,-0.120889409
5.020000,-0.119998531,0.120889214,0.119998531,-0.120889214
5.025000,-0.119997133,0.120888893,0.119997133,-0.120888893
5.030000,-0.119995049,0.120888414,0.119995049,-0.120888414
5.035000,-0.119992143,0.120887747,0.119992143,-0.120887747
5.040000,-0.119988282,0.120886860,0.119988282,-0.120886860
5.045000,-0.119983331,0.120885722,0.119983331,-0.120885722
5.050000,-0.119977158,0.120884304,0.119977158,-0.120884304
5.055000,-0.119969632,0.120882575,0.119969632,-0.120882575
5.060000,-0.119960624,0.120880506,0.119960624,-0.120880506
5.065000,-0.119950006,0.120878067,0.119950006,-0.120878067
5.070000,-0.119937651,0.120875229,0.119937651,-0.120875229
5.075000,-0.119923436,0.120871963,0.119923436,-0.120871963
5.080000,-0.119907237,0.120868242,0.119907237,-0.120868242
5.085000,-0.119888936,0.120864038,0.119888936,-0.120864038
5.090000,-0.119868414,0.120859325,0.119868414,-0.120859325
5.095000,-0.119845557,0.120854074,0.119845557,-0.120854074
5.100000,-0.119820251,0.120848262,0.119820251,-0.120848262
5.105000,-0.119792387,0.120841862,0.119792387,-0.120841862
5.110000,-0.119761857,0.120834851,0.119761857,-0.120834851
5.115000,-0.119728557,0.120827203,0.119728557,-0.120827203
5.120000,-0.119692387,0.120818897,0.119692387,-0.120818897
5.125000,-0.119653248,0.120809909,0.119653248,-0.120809909
5.130000,-0.119611046,0.120800218,0.119611046,-0.120800218
5.135000,-0.119565689,0.120789804,0.119565689,-0.120789804
5.140000,-0.119517089,0.120778645,0.119517089,-0.120778645
5.145000,-0.119465163,0.120766724,0.119465163,-0.120766724
5.150000,-0.119409830,0.120754021,0.119409830,-0.120754021
5.155000,-0.119351013,0.120740520,0.119351013,-0.120740520
5.160000,-0.119288640,0.120726203,0.119288640,-0.120726203
5.165000,-0.119222641,0.120711055,0.119222641,-0.120711055
5.170000,-0.119152953,0.120695062,0.119152953,-0.120695062
5.175000,-0.119079513,0.120678209,0.119079513,-0.120678209
5.180000,-0.119002267,0.120660485,0.119002267,-0.120660485
5.185000,-0.118921161,0.120641877,0.118921161,-0.120641877
5.190000,-0.118836149,0.120622375,0.118836149,-0.120622375
5.195000,-0.118747185,0.120601968,0.118747185,-0.120601968
5.200000,-0.118654233,0.120580649,0.118654233,-0.120580649
5.205000,-0.118557257,0.120558410,0.118557257,-0.120558410
5.210000,-0.118456226,0.120535244,0.118456226,-0.120535244
5.215000,-0.118351117,0.120511146,0.118351117,-0.120511146
5.220000,-0.118241909,0.120486111,0.118241909,-0.120486111
5.225000,-0.118128584,0.120460137,0.118128584,-0.120460137
5.230000,-0.118011133,0.120433220,0.118011133,-0.120433220
5.235000,-0.117889548,0.120405361,0.117889548,-0.120405361
5.240000,-0.117763829,0.120376558,0.117763829,-0.120376558
5.245000,-0.117633976,0.120346814,0.117633976,-0.120346814
5.250000,-0.117500000,0.120316130,0.117500000,-0.120316130
5.255000,-0.117361912,0.120284510,0.117361912,-0.120284510
5.260000,-0.117219729,0.120251957,0.117219729,-0.120251957
5.265000,-0.117073473,0.120218479,0.117073473,-0.120218479
5.270000,-0.116923172,0.120184081,0.116923172,-0.120184081
5.275000,-0.116768856,0.120148771,0.116768856,-0.120148771
5.280000,-0.116610563,0.120112558,0.116610563,-0.120112558
5.285000,-0.116448333,0.120075452,0.116448333,-0.120075452
5.290000,-0.116282212,0.120037464,0.116282212,-0.120037464
5.295000,-0.116112251,0.119998606,0.116112251,-0.119998606
5.300000,-0.115938504,0.119958891,0.115938504,-0.119958891
5.305000,-0.115761031,0.119918333,0.115761031,-0.119918333
5.310000,-0.115579896,0.119876948,0.115579896,-0.119876948
5.315000,-0.115395167,0.119834752,0.115395167,-0.119834752
5.320000,-0.115206919,0.119791762,0.115206919,-0.119791762
5.325000,-0.115015227,0.119747995,0.115015227,-0.119747995
5.330000,-0.114820174,0.119703473,0.114820174,-0.119703473
5.335000,-0.114621845,0.119658213,0.114621845,-0.119658213
5.340000,-0.114420331,0.119612239,0.114420331,-0.119612239
5.345000,-0.114215725,0.119565571,0.114215725,-0.119565571
5.350000,-0.114008126,0.119518232,0.114008126,-0.119518232
5.355000,-0.113797636,0.119470247,0.113797636,-0.119470247
5.360000,-0.113584360,0.119421640,0.113584360,-0.119421640
5.365000,-0.113368408,0.119372437,0.113368408,-0.119372437
5.370000,-0.113149893,0.119322663,0.113149893,-0.119322663
5.375000,-0.112928932,0.119272346,0.112928932,-0.119272346
5.380000,-0.112705645,0.119221513,0.112705645,-0.119221513
5.385000,-0.112480156,0.119170194,0.112480156,-0.119170194
5.390000,-0.112252591,0.119118416,0.112252591,-0.119118416
5.395000,-0.112023079,0.119066211,0.112023079,-0.119066211
5.400000,-0.111791754,0.119013609,0.111791754,-0.119013609
5.405000,-0.111558751,0.118960641,0.111558751,-0.118960641
5.410000,-0.111324208,0.118907338,0.111324208,-0.118907338
5.415000,-0.111088267,0.118853733,0.111088267,-0.118853733
5.420000,-0.110851070,0.118799859,0.110851070,-0.118799859
5.425000,-0.110612763,0.118745750,0.110612763,-0.118745750
5.430000,-0.110373495,0.118691438,0.110373495,-0.118691438
5.435000,-0.110133414,0.118636958,0.110133414,-0.118636958
5.440000,-0.109892674,0.118582345,0.109892674,-0.118582345
5.445000,-0.109651427,0.118527634,0.109651427,-0.118527634
5.450000,-0.109409830,0.118472859,0.109409830,-0.118472859
5.455000,-0.109168039,0.118418058,0.109168039,-0.118418058
5.460000,-0.108926211,0.118363264,0.108926211,-0.118363264
5.465000,-0.108684508,0.118308516,0.108684508,-0.118308516
5.470000,-0.108443088,0.118253848,0.108443088,-0.118253848
5.475000,-0.108202114,0.118199298,0.108202114,-0.118199298
5.480000,-0.107961747,0.118144902,0.107961747,-0.118144902
5.485000,-0.107722151,0.118090696,0.107722151,-0.118090696
5.490000,-0.107483489,0.118036718,0.107483489,-0.118036718
5.495000,-0.107245923,0.117983004,0.107245923,-0.117983004
5.500000,-0.107009619,0.117929590,0.107009619,-0.117929590
5.505000,-0.106774739,0.117876515,0.106774739,-0.117876515
5.510000,-0.106541447,0.117823814,0.106541447,-0.117823814
5.515000,-0.106309907,0.117771523,0.106309907,-0.117771523
5.520000,-0.106080280,0.117719680,0.106080280,-0.117719680
5.525000,-0.105852730,0.117668321,0.105852730,-0.117668321
5.530000,-0.105627417,0.117617480,0.105627417,-0.117617480
5.535000,-0.105404502,0.117567195,0.105404502,-0.117567195
5.540000,-0.105184145,0.117517501,0.105184145,-0.117517501
5.545000,-0.104966503,0.117468432,0.104966503,-0.117468432
5.550000,-0.104751733,0.117420024,0.104751733,-0.117420024
5.555000,-0.104539991,0.117372311,0.104539991,-0.117372311
5.560000,-0.104331430,0.117325327,0.104331430,-0.117325327
5.565000,-0.104126202,0.117279106,0.104126202,-0.117279106
5.570000,-0.103924456,0.117233681,0.103924456,-0.117233681
5.575000,-0.103726341,0.117189085,0.103726341,-0.117189085
5.580000,-0.103532002,0.117145349,0.103532002,-0.117145349
5.585000,-0.103341581,0.117102505,0.103341581,-0.117102505
5.590000,-0.103155220,0.117060585,0.103155220,-0.117060585
5.595000,-0.102973057,0.117019618,0.102973057,-0.117019618
5.600000,-0.102795226,0.116979635,0.102795226,-0.116979635
5.605000,-0.102621860,0.116940664,0.102621860,-0.116940664
5.610000,-0.102453088,0.116902733,0.102453088,-0.116902733
5.615000,-0.102289035,0.116865871,0.102289035,-0.116865871
5.620000,-0.102129826,0.116830105,0.102129826,-0.116830105
5.625000,-0.101975579,0.116795460,0.101975579,-0.116795460
5.630000,-0.101826409,0.116761962,0.101826409,-0.116761962
5.635000,-0.101682430,0.116729635,0.101682430,-0.116729635
5.640000,-0.101543750,0.116698503,0.101543750,-0.116698503
5.645000,-0.101410474,0.116668590,0.101410474,-0.116668590
5.650000,-0.101282701,0.116639917,0.101282701,-0.116639917
5.655000,-0.101160530,0.116612504,0.101160530,-0.116612504
5.660000,-0.101044052,0.116586374,0.101044052,-0.116586374
5.665000,-0.100933356,0.116561543,0.100933356,-0.116561543
5.670000,-0.100828526,0.116538032,0.100828526,-0.116538032
5.675000,-0.100729642,0.116515857,0.100729642,-0.116515857
5.680000,-0.100636780,0.116495035,0.100636780,-0.116495035
5.685000,-0.100550009,0.116475581,0.100550009,-0.116475581
5.690000,-0.100469397,0.116457510,0.100469397,-0.116457510
5.695000,-0.100395005,0.116440835,0.100395005,-0.116440835
5.700000,-0.100326889,0.116425568,0.100326889,-0.116425568
5.705000,-0.100265102,0.116411720,0.100265102,-0.116411720
5.710000,-0.100209691,0.116399303,0.100209691,-0.116399303
5.715000,-0.100160699,0.116388324,0.100160699,-0.116388324
5.720000,-0.100118163,0.116378793,0.100118163,-0.116378793
5.725000,-0.100082115,0.116370716,0.100082115,-0.116370716
5.730000,-0.100052584,0.116364100,0.100052584,-0.116364100
5.735000,-0.100029592,0.116358948,0.100029592,-0.116358948
5.740000,-0.100013156,0.116355266,0.100013156,-0.116355266
5.745000,-0.100003290,0.116353056,0.100003290,-0.116353056
5.750000,-0.100000000,0.116352319,0.100000000,-0.116352319
5.755000,-0.100003290,0.116353056,0.100003290,-0.116353056
5.760000,-0.100013156,0.116355266,0.100013156,-0.116355266
5.765000,-0.100029592,0.116358948,0.100029592,-0.116358948
5.770000,-0.100052584,0.116364100,0.100052584,-0.116364100
5.775000,-0.100082115,0.116370716,0.100082115,-0.116370716
5.780000,-0.100118163,0.116378793,0.100118163,-0.116378793
5.785000,-0.100160699,0.116388324,0.100160699,-0.116388324
5.790000,-0.100209691,0.116399303,0.100209691,-0.116399303
5.795000,-0.100265102,0.116411720,0.100265102,-0.116411720
5.800000,-0.100326889,0.116425568,0.100326889,-0.116425568
5.805000,-0.100395005,0.116440835,0.100395005,-0.116440835
5.810000,-0.100469397,0.116457510,0.100469397,-0.116457510
5.815000,-0.100550009,0.116475581,0.100550009,-0.116475581
5.820000,-0.100636780,0.116495035,0.100636780,-0.116495035
5.825000,-0.100729642,0.116515857,0.100729642,-0.116515857
5.830000,-0.100828526,0.116538032,0.100828526,-0.116538032
5.835000,-0.100933356,0.116561543,0.100933356,-0.116561543
5.840000,-0.101044052,0.116586374,0.101044052,-0.116586374
5.845000,-0.101160530,0.116612504,0.101160530,-0.116612504
5.850000,-0.101282701,0.116639917,0.101282701,-0.116639917
5.855000,-0.101410474,0.116668590,0.101410474,-0.116668590
5.860000,-0.101543750,0.116698503,0.101543750,-0.116698503
5.865000,-0.101682430,0.116729635,0.101682430,-0.116729635
5.870000,-0.101826409,0.116761962,0.101826409,-0.116761962
5.875000,-0.101975579,0.116795460,0.101975579,-0.116795460
5.880000,-0.102129826,0.116830105,0.102129826,-0.116830105
5.885000,-0.102289035,0.116865871,0.102289035,-0.116865871
5.890000,-0.102453088,0.116902733,0.102453088,-0.116902733
5.895000,-0.102621860,0.116940664,0.102621860,-0.116940664
5.900000,-0.102795226,0.116979635,0.102795226,-0.116979635
5.905000,-0.102973057,0.117019618,0.102973057,-0.117019618
5.910000,-0.103155220,0.117060585,0.103155220,-0.117060585
5.915000,-0.103341581,0.117102505,0.103341581,-0.117102505
5.920000,-0.103532002,0.117145349,0.103532002,-0.117145349
5.925000,-0.103726341,0.117189085,0.103726341,-0.117189085
5.930000,-0.103924456,0.117233681,0.103924456,-0.117233681
5.935000,-0.104126202,0.117279106,0.104126202,-0.117279106
5.940000,-0.104331430,0.117325327,0.104331430,-0.117325327
5.945000,-0.104539991,0.117372311,0.104539991,-0.117372311
5.950000,-0.104751733,0.117420024,0.104751733,-0.117420024
5.955000,-0.104966503,0.117468432,0.104966503,-0.117468432
5.960000,-0.105184145,0.117517501,0.105184145,-0.117517501
5.965000,-0.105404502,0.117567195,0.105404502,-0.117567195
5.970000,-0.105627417,0.117617480,0.105627417,-0.117617480
5.975000,-0.105852730,0.117668321,0.105852730,-0.117668321
5.980000,-0.106080280,0.117719680,0.106080280,-0.117719680
5.985000,-0.106309907,0.117771523,0.106309907,-0.117771523
5.990000,-0.106541447,0.117823814,0.106541447,-0.117823814
5.995000,-0.106774739,0.117876515,0.106774739,-0.117876515
6.000000,-0.107009619,0.117929590,0.107009619,-0.117929590
6.005000,-0.107245923,0.117983004,0.107245923,-0.117983004
6.010000,-0.107483489,0.118036718,0.107483489,-0.118036718
6.015000,-0.107722151,0.118090696,0.107722151,-0.118090696
6.020000,-0.107961747,0.118144902,0.107961747,-0.118144902
6.025000,-0.108202114,0.118199298,0.108202114,-0.118199298
6.030000,-0.108443088,0.118253848,0.108443088,-0.118253848
6.035000,-0.108684508,0.118308516,0.108684508,-0.118308516
6.040000,-0.108926211,0.118363264,0.108926211,-0.118363264
6.045000,-0.109168039,0.118418058,0.109168039,-0.118418058
6.050000,-0.109409830,0.118472859,0.109409830,-0.118472859
6.055000,-0.109651427,0.118527634,0.109651427,-0.118527634
6.060000,-0.109892674,0.118582345,0.109892674,-0.118582345
6.065000,-0.110133414,0.118636958,0.110133414,-0.118636958
6.070000,-0.110373495,0.118691438,0.110373495,-0.118691438
6.075000,-0.110612763,0.118745750,0.110612763,-0.118745750
6.080000,-0.110851070,0.118799859,0.110851070,-0.118799859
6.085000,-0.111088267,0.118853733,0.111088267,-0.118853733
6.090000,-0.111324208,0.118907338,0.111324208,-0.118907338
6.095000,-0.111558751,0.118960641,0.111558751,-0.118960641
6.100000,-0.111791754,0.119013609,0.111791754,-0.119013609
6.105000,-0.112023079,0.119066211,0.112023079,-0.119066211
6.110000,-0.112252591,0.119118416,0.112252591,-0.119118416
6.115000,-0.112480156,0.119170194,0.112480156,-0.119170194
6.120000,-0.112705645,0.119221513,0.112705645,-0.119221513
6.125000,-0.112928932,0.119272346,0.112928932,-0.119272346
6.130000,-0.113149893,0.119322663,0.113149893,-0.119322663
6.135000,-0.113368408,0.119372437,0.113368408,-0.119372437
6.140000,-0.113584360,0.119421640,0.113584360,-0.119421640
6.145000,-0.113797636,0.119470247,0.113797636,-0.119470247
6.150000,-0.114008126,0.119518232,0.114008126,-0.119518232
6.155000,-0.114215725,0.119565571,0.114215725,-0.119565571
6.160000,-0.114420331,0.119612239,0.114420331,-0.119612239
6.165000,-0.114621845,0.119658213,0.114621845,-0.119658213
6.170000,-0.114820174,0.119703473,0.114820174,-0.119703473
6.175000,-0.115015227,0.119747995,0.115015227,-0.119747995
6.180000,-0.115206919,0.119791762,0.115206919,-0.119791762
6.185000,-0.115395167,0.119834752,0.115395167,-0.119834752
6.190000,-0.115579896,0.119876948,0.115579896,-0.119876948
6.195000,-0.115761031,0.119918333,0.115761031,-0.119918333
6.200000,-0.115938504,0.119958891,0.115938504,-0.119958891
6.205000,-0.116112251,0.119998606,0.116112251,-0.119998606
6.210000,-0.116282212,0.120037464,0.116282212,-0.120037464
6.215000,-0.116448333,0.120075452,0.116448333,-0.120075452
6.220000,-0.116610563,0.120112558,0.116610563,-0.120112558
6.225000,-0.116768856,0.120148771,0.116768856,-0.120148771
6.230000,-0.116923172,0.120184081,0.116923172,-0.120184081
6.235000,-0.117073473,0.120218479,0.117073473,-0.120218479
6.240000,-0.117219729,0.120251957,0.117219729,-0.120251957
6.245000,-0.117361912,0.120284510,0.117361912,-0.120284510
6.250000,-0.117500000,0.120316130,0.117500000,-0.120316130
6.255000,-0.117633976,0.120346814,0.117633976,-0.120346814
6.260000,-0.117763829,0.120376558,0.117763829,-0.120376558
6.265000,-0.117889548,0.120405361,0.117889548,-0.120405361
6.270000,-0.118011133,0.120433220,0.118011133,-0.120433220
6.275000,-0.118128584,0.120460137,0.118128584,-0.120460137
6.280000,-0.118241909,0.120486111,0.118241909,-0.120486111
6.285000,-0.118351117,0.120511146,0.118351117,-0.120511146
6.290000,-0.118456226,0.120535244,0.118456226,-0.120535244
6.295000,-0.118557257,0.120558410,0.118557257,-0.120558410
6.300000,-0.118654233,0.120580649,0.118654233,-0.120580649
6.305000,-0.118747185,0.120601968,0.118747185,-0.120601968
6.310000,-0.118836149,0.120622375,0.118836149,-0.120622375
6.315000,-0.118921161,0.120641877,0.118921161,-0.120641877
6.320000,-0.119002267,0.120660485,0.119002267,-0.120660485
6.325000,-0.119079513,0.120678209,0.119079513,-0.120678209
6.330000,-0.119152953,0.120695062,0.119152953,-0.120695062
6.335000,-0.119222641,0.120711055,0.119222641,-0.120711055
6.340000,-0.119288640,0.120726203,0.119288640,-0.120726203
6.345000,-0.119351013,0.120740520,0.119351013,-0.120740520
6.350000,-0.119409830,0.120754021,0.119409830,-0.120754021
6.355000,-0.119465163,0.120766724,0.119465163,-0.120766724
6.360000,-0.119517089,0.120778645,0.119517089,-0.120778645
6.365000,-0.119565689,0.120789804,0.119565689,-0.120789804
6.370000,-0.119611046,0.120800218,0.119611046,-0.120800218
6.375000,-0.119653248,0.120809909,0.119653248,-0.120809909
6.380000,-0.119692387,0.120818897,0.119692387,-0.120818897
6.385000,-0.119728557,0.120827203,0.119728557,-0.120827203
6.390000,-0.119761857,0.120834851,0.119761857,-0.120834851
6.395000,-0.119792387,0.120841862,0.119792387,-0.120841862
6.400000,-0.119820251,0.120848262,0.119820251,-0.120848262
6.405000,-0.119845557,0.120854074,0.119845557,-0.120854074
6.410000,-0.119868414,0.120859325,0.119868414,-0.120859325
6.415000,-0.119888936,0.120864038,0.119888936,-0.120864038
6.420000,-0.119907237,0.120868242,0.119907237,-0.120868242
6.425000,-0.119923436,0.120871963,0.119923436,-0.120871963
6.430000,-0.119937651,0.120875229,0.119937651,-0.120875229
6.435000,-0.119950006,0.120878067,0.119950006,-0.120878067
6.440000,-0.119960624,0.120880506,0.119960624,-0.120880506
6.445000,-0.119969632,0.120882575,0.119969632,-0.120882575
6.450000,-0.119977158,0.120884304,0.119977158,-0.120884304
6.455000,-0.119983331,0.120885722,0.119983331,-0.120885722
6.460000,-0.119988282,0.120886860,0.119988282,-0.120886860
6.465000,-0.119992143,0.120887747,0.119992143,-0.120887747
6.470000,-0.119995049,0.120888414,0.119995049,-0.120888414
6.475000,-0.119997133,0.120888893,0.119997133,-0.120888893
6.480000,-0.119998531,0.120889214,0.119998531,-0.120889214
6.485000,-0.119999380,0.120889409,0.119999380,-0.120889409
6.490000,-0.119999816,0.120889509,0.119999816,-0.120889509
6.495000,-0.119999977,0.120889546,0.119999977,-0.120889546
6.500000,-0.120000000,0.120889552,0.120000000,-0.120889552
6.505000,-0.120000023,0.120889557,0.120000023,-0.120889557
6.510000,-0.120000184,0.120889594,0.120000184,-0.120889594
6.515000,-0.120000620,0.120889694,0.120000620,-0.120889694
6.520000,-0.120001469,0.120889889,0.120001469,-0.120889889
6.525000,-0.120002867,0.120890210,0.120002867,-0.120890210
6.530000,-0.120004951,0.120890689,0.120004951,-0.120890689
6.535000,-0.120007857,0.120891356,0.120007857,-0.120891356
6.540000,-0.120011718,0.120892244,0.120011718,-0.120892244
6.545000,-0.120016669,0.120893381,0.120016669,-0.120893381
6.550000,-0.120022842,0.120894799,0.120022842,-0.120894799
6.555000,-0.120030368,0.120896528,0.120030368,-0.120896528
6.560000,-0.120039376,0.120898598,0.120039376,-0.120898598
6.565000,-0.120049994,0.120901037,0.120049994,-0.120901037
6.570000,-0.120062349,0.120903876,0.120062349,-0.120903876
6.575000,-0.120076564,0.120907142,0.120076564,-0.120907142
6.580000,-0.120092763,0.120910863,0.120092763,-0.120910863
6.585000,-0.120111064,0.120915068,0.120111064,-0.120915068
6.590000,-0.120131586,0.120919784,0.120131586,-0.120919784
6.595000,-0.120154443,0.120925036,0.120154443,-0.120925036
6.600000,-0.120179749,0.120930850,0.120179749,-0.120930850
6.605000,-0.120207613,0.120937253,0.120207613,-0.120937253
6.610000,-0.120238143,0.120944269,0.120238143,-0.120944269
6.615000,-0.120271443,0.120951921,0.120271443,-0.120951921
6.620000,-0.120307613,0.120960234,0.120307613,-0.120960234
6.625000,-0.120346752,0.120969229,0.120346752,-0.120969229
6.630000,-0.120388954,0.120978929,0.120388954,-0.120978929
6.635000,-0.120434311,0.120989354,0.120434311,-0.120989354
6.640000,-0.120482911,0.121000526,0.120482911,-0.121000526
6.645000,-0.120534837,0.121012462,0.120534837,-0.121012462
6.650000,-0.120590170,0.121025183,0.120590170,-0.121025183
6.655000,-0.120648987,0.121038706,0.120648987,-0.121038706
6.660000,-0.120711360,0.121053048,0.120711360,-0.121053048
6.665000,-0.120777359,0.121068224,0.120777359,-0.121068224
6.670000,-0.120847047,0.121084250,0.120847047,-0.121084250
6.675000,-0.120920487,0.121101141,0.120920487,-0.121101141
6.680000,-0.120997733,0.121118908,0.120997733,-0.121118908
6.685000,-0.121078839,0.121137565,0.121078839,-0.121137565
6.690000,-0.121163851,0.121157123,0.121163851,-0.121157123
6.695000,-0.121252815,0.121177592,0.121252815,-0.121177592
6.700000,-0.121345767,0.121198982,0.121345767,-0.121198982
6.705000,-0.121442743,0.121221300,0.121442743,-0.121221300
6.710000,-0.121543774,0.121244554,0.121543774,-0.121244554
6.715000,-0.121648883,0.121268750,0.121648883,-0.121268750
6.720000,-0.121758091,0.121293893,0.121758091,-0.121293893
6.725000,-0.121871416,0.121319987,0.121871416,-0.121319987
6.730000,-0.121988867,0.121347036,0.121988867,-0.121347036
6.735000,-0.122110452,0.121375040,0.122110452,-0.121375040
6.740000,-0.122236171,0.121404002,0.122236171,-0.121404002
6.745000,-0.122366024,0.121433921,0.122366024,-0.121433921
6.750000,-0.122500000,0.121464795,0.122500000,-0.121464795
6.755000,-0.122638088,0.121496622,0.122638088,-0.121496622
6.760000,-0.122780271,0.121529398,0.122780271,-0.121529398
6.765000,-0.122926527,0.121563120,0.122926527,-0.121563120
6.770000,-0.123076828,0.121597781,0.123076828,-0.121597781
6.775000,-0.123231144,0.121633374,0.123231144,-0.121633374
6.780000,-0.123389437,0.121669893,0.123389437,-0.121669893
6.785000,-0.123551667,0.121707327,0.123551667,-0.121707327
6.790000,-0.123717788,0.121745667,0.123717788,-0.121745667
6.795000,-0.123887749,0.121784902,0.123887749,-0.121784902
6.800000,-0.124061496,0.121825019,0.124061496,-0.121825019
6.805000,-0.124238969,0.121866006,0.124238969,-0.121866006
6.810000,-0.124420104,0.121907848,0.124420104,-0.121907848
6.815000,-0.124604833,0.121950531,0.124604833,-0.121950531
6.820000,-0.124793081,0.121994037,0.124793081,-0.121994037
6.825000,-0.124984773,0.122038349,0.124984773,-0.122038349
6.830000,-0.125179826,0.122083450,0.125179826,-0.122083450
6.835000,-0.125378155,0.122129319,0.125378155,-0.122129319
6.840000,-0.125579669,0.122175937,0.125579669,-0.122175937
6.845000,-0.125784275,0.122223283,0.125784275,-0.122223283
6.850000,-0.125991874,0.122271333,0.125991874,-0.122271333
6.855000,-0.126202364,0.122320066,0.126202364,-0.122320066
6.860000,-0.126415640,0.122369458,0.126415640,-0.122369458
6.865000,-0.126631592,0.122419483,0.126631592,-0.122419483
6.870000,-0.126850107,0.122470115,0.126850107,-0.122470115
6.875000,-0.127071068,0.122521329,0.127071068,-0.122521329
6.880000,-0.127294355,0.122573096,0.127294355,-0.122573096
6.885000,-0.127519844,0.122625389,0.127519844,-0.122625389
6.890000,-0.127747409,0.122678179,0.127747409,-0.122678179
6.895000,-0.127976921,0.122731436,0.127976921,-0.122731436
6.900000,-0.128208246,0.122785129,0.128208246,-0.122785129
6.905000,-0.128441249,0.122839228,0.128441249,-0.122839228
6.910000,-0.128675792,0.122893701,0.128675792,-0.122893701
6.915000,-0.128911733,0.122948515,0.128911733,-0.122948515
6.920000,-0.129148930,0.123003637,0.129148930,-0.123003637
6.925000,-0.129387237,0.123059035,0.129387237,-0.123059035
6.930000,-0.129626505,0.123114672,0.129626505,-0.123114672
6.935000,-0.129866586,0.123170516,0.129866586,-0.123170516
6.940000,-0.130107326,0.123226531,0.130107326,-0.123226531
6.945000,-0.130348573,0.123282680,0.130348573,-0.123282680
6.950000,-0.130590170,0.123338929,0.130590170,-0.123338929
6.955000,-0.130831961,0.123395240,0.130831961,-0.123395240
6.960000,-0.131073789,0.123451577,0.131073789,-0.123451577
6.965000,-0.131315492,0.123507903,0.131315492,-0.123507903
6.970000,-0.131556912,0.123564180,0.131556912,-0.123564180
6.975000,-0.131797886,0.123620371,0.131797886,-0.123620371
6.980000,-0.132038253,0.123676437,0.132038253,-0.123676437
6.985000,-0.132277849,0.123732341,0.132277849,-0.123732341
6.990000,-0.132516511,0.123788044,0.132516511,-0.123788044
6.995000,-0.132754077,0.123843508,0.132754077,-0.123843508
7.000000,-0.132990381,0.123898694,0.132990381,-0.123898694
7.005000,-0.133225261,0.123953564,0.133225261,-0.123953564
7.010000,-0.133458553,0.124008080,0.133458553,-0.124008080
7.015000,-0.133690093,0.124062203,0.133690093,-0.124062203
7.020000,-0.133919720,0.124115894,0.133919720,-0.124115894
7.025000,-0.134147270,0.124169115,0.134147270,-0.124169115
7.030000,-0.134372583,0.124221828,0.134372583,-0.124221828
7.035000,-0.134595498,0.124273996,0.134595498,-0.124273996
7.040000,-0.134815855,0.124325579,0.134815855,-0.124325579
7.045000,-0.135033497,0.124376542,0.135033497,-0.124376542
7.050000,-0.135248267,0.124426845,0.135248267,-0.124426845
7.055000,-0.135460009,0.124476453,0.135460009,-0.124476453
7.060000,-0.135668570,0.124525330,0.135668570,-0.124525330
7.065000,-0.135873798,0.124573438,0.135873798,-0.124573438
7.070000,-0.136075544,0.124620742,0.136075544,-0.124620742
7.075000,-0.136273659,0.124667206,0.136273659,-0.124667206
7.080000,-0.136467998,0.124712797,0.136467998,-0.124712797
7.085000,-0.136658419,0.124757479,0.136658419,-0.124757479
7.090000,-0.136844780,0.124801220,0.136844780,-0.124801220
7.095000,-0.137026943,0.124843985,0.137026943,-0.124843986
7.100000,-0.137204774,0.124885744,0.137204774,-0.124885744
7.105000,-0.137378140,0.124926462,0.137378140,-0.124926462
7.110000,-0.137546912,0.124966111,0.137546912,-0.124966111
7.115000,-0.137710965,0.125004659,0.137710965,-0.125004659
7.120000,-0.137870174,0.125042077,0.137870174,-0.125042077
7.125000,-0.138024421,0.125078336,0.138024421,-0.125078336
7.130000,-0.138173591,0.125113409,0.138173591,-0.125113409
7.135000,-0.138317570,0.125147267,0.138317570,-0.125147267
7.140000,-0.138456250,0.125179885,0.138456250,-0.125179885
7.145000,-0.138589526,0.125211238,0.138589526,-0.125211238
7.150000,-0.138717299,0.125241301,0.138717299,-0.125241301
7.155000,-0.138839470,0.125270051,0.138839470,-0.125270051
7.160000,-0.138955948,0.125297465,0.138955948,-0.125297465
7.165000,-0.139066644,0.125323522,0.139066644,-0.125323522
7.170000,-0.139171474,0.125348202,0.139171474,-0.125348202
7.175000,-0.139270358,0.125371485,0.139270358,-0.125371485
7.180000,-0.139363220,0.125393353,0.139363220,-0.125393353
7.185000,-0.139449991,0.125413789,0.139449991,-0.125413789
7.190000,-0.139530603,0.125432776,0.139530603,-0.125432776
7.195000,-0.139604995,0.125450300,0.139604995,-0.125450300
7.200000,-0.139673111,0.125466348,0.139673111,-0.125466348
7.205000,-0.139734898,0.125480905,0.139734898,-0.125480905
7.210000,-0.139790309,0.125493961,0.139790309,-0.125493961
7.215000,-0.139839301,0.125505505,0.139839301,-0.125505505
7.220000,-0.139881837,0.125515529,0.139881837,-0.125515529
7.225000,-0.139917885,0.125524024,0.139917885,-0.125524024
7.230000,-0.139947416,0.125530984,0.139947416,-0.125530984
7.235000,-0.139970408,0.125536403,0.139970408,-0.125536403
7.240000,-0.139986844,0.125540277,0.139986844,-0.125540277
7.245000,-0.139996710,0.125542602,0.139996710,-0.125542602
7.250000,-0.140000000,0.125543378,0.140000000,-0.125543378
7.255000,-0.139996710,0.125542602,0.139996710,-0.125542602
7.260000,-0.139986844,0.125540277,0.139986844,-0.125540277
7.265000,-0.139970408,0.125536403,0.139970408,-0.125536403
7.270000,-0.139947416,0.125530984,0.139947416,-0.125530984
7.275000,-0.139917885,0.125524024,0.139917885,-0.125524024
7.280000,-0.139881837,0.125515529,0.139881837,-0.125515529
7.285000,-0.139839301,0.125505505,0.139839301,-0.125505505
7.290000,-0.139790309,0.125493961,0.139790309,-0.125493961
7.295000,-0.139734898,0.125480905,0.139734898,-0.125480905
7.300000,-0.139673111,0.125466348,0.139673111,-0.125466348
7.305000,-0.139604995,0.125450300,0.139604995,-0.125450300
7.310000,-0.139530603,0.125432776,0.139530603,-0.125432776
7.315000,-0.139449991,0.125413789,0.139449991,-0.125413789
7.320000,-0.139363220,0.125393353,0.139363220,-0.125393353
7.325000,-0.139270358,0.125371485,0.139270358,-0.125371485
7.330000,-0.139171474,0.125348202,0.139171474,-0.125348202
7.335000,-0.139066644,0.125323522,0.139066644,-0.125323522
7.340000,-0.138955948,0.125297465,0.138955948,-0.125297465
7.345000,-0.138839470,0.125270051,0.138839470,-0.125270051
7.350000,-0.138717299,0.125241301,0.138717299,-0.125241301
7.355000,-0.138589526,0.125211238,0.138589526,-0.125211238
7.360000,-0.138456250,0.125179885,0.138456250,-0.125179885
7.365000,-0.138317570,0.125147267,0.138317570,-0.125147267
7.370000,-0.138173591,0.125113409,0.138173591,-0.125113409
7.375000,-0.138024421,0.125078336,0.138024421,-0.125078336
7.380000,-0.137870174,0.125042077,0.137870174,-0.125042077
7.385000,-0.137710965,0.125004659,0.137710965,-0.125004659
7.390000,-0.137546912,0.124966111,0.137546912,-0.124966111
7.395000,-0.137378140,0.124926462,0.137378140,-0.124926462
7.400000,-0.137204774,0.124885744,0.137204774,-0.124885744
7.405000,-0.137026943,0.124843985,0.137026943,-0.124843986
7.410000,-0.136844780,0.124801220,0.136844780,-0.124801220
7.415000,-0.136658419,0.124757479,0.136658419,-0.124757479
7.420000,-0.136467998,0.124712797,0.136467998,-0.124712797
7.425000,-0.136273659,0.124667206,0.136273659,-0.124667206
7.430000,-0.136075544,0.124620742,0.136075544,-0.124620742
7.435000,-0.135873798,0.124573438,0.135873798,-0.124573438
7.440000,-0.135668570,0.124525330,0.135668570,-0.124525330
7.445000,-0.135460009,0.124476453,0.135460009,-0.124476453
7.450000,-0.135248267,0.124426845,0.135248267,-0.124426845
7.455000,-0.135033497,0.124376542,0.135033497,-0.124376542
7.460000,-0.134815855,0.124325579,0.134815855,-0.124325579
7.465000,-0.134595498,0.124273996,0.134595498,-0.124273996
7.470000,-0.134372583,0.124221828,0.134372583,-0.124221828
7.475000,-0.134147270,0.124169115,0.134147270,-0.124169115
7.480000,-0.133919720,0.124115894,0.133919720,-0.124115894
7.485000,-0.133690093,0.124062203,0.133690093,-0.124062203
7.490000,-0.133458553,0.124008080,0.133458553,-0.124008080
7.495000,-0.133225261,0.123953564,0.133225261,-0.123953564
7.500000,-0.132990381,0.123898694,0.132990381,-0.123898694
7.505000,-0.132754077,0.123843508,0.132754077,-0.123843508
7.510000,-0.132516511,0.123788044,0.132516511,-0.123788044
7.515000,-0.132277849,0.123732341,0.132277849,-0.123732341
7.520000,-0.132038253,0.123676437,0.132038253,-0.123676437
7.525000,-0.131797886,0.123620371,0.131797886,-0.123620371
7.530000,-0.131556912,0.123564180,0.131556912,-0.123564180
7.535000,-0.131315492,0.123507903,0.131315492,-0.123507903
7.540000,-0.131073789,0.123451577,0.131073789,-0.123451577
7.545000,-0.130831961,0.123395240,0.130831961,-0.123395240
7.550000,-0.130590170,0.123338929,0.130590170,-0.123338929
7.555000,-0.130348573,0.123282680,0.130348573,-0.123282680
7.560000,-0.130107326,0.123226531,0.130107326,-0.123226531
7.565000,-0.129866586,0.123170516,0.129866586,-0.123170516
7.570000,-0.129626505,0.123114672,0.129626505,-0.123114672
7.575000,-0.129387237,0.123059035,0.129387237,-0.123059035
7.580000,-0.129148930,0.123003637,0.129148930,-0.123003637
7.585000,-0.128911733,0.122948515,0.128911733,-0.122948515
7.590000,-0.128675792,0.122893701,0.128675792,-0.122893701
7.595000,-0.128441249,0.122839228,0.128441249,-0.122839228
7.600000,-0.128208246,0.122785129,0.128208246,-0.122785129
7.605000,-0.127976921,0.122731436,0.127976921,-0.122731436
7.610000,-0.127747409,0.122678179,0.127747409,-0.122678179
7.615000,-0.127519844,0.122625389,0.127519844,-0.122625389
7.620000,-0.127294355,0.122573096,0.127294355,-0.122573096
7.625000,-0.127071068,0.122521329,0.127071068,-0.122521329
7.630000,-0.126850107,0.122470115,0.126850107,-0.122470115
7.635000,-0.126631592,0.122419483,0.126631592,-0.122419483
7.640000,-0.126415640,0.122369458,0.126415640,-0.122369458
7.645000,-0.126202364,0.122320066,0.126202364,-0.122320066
7.650000,-0.125991874,0.122271333,0.125991874,-0.122271333
7.655000,-0.125784275,0.122223283,0.125784275,-0.122223283
7.660000,-0.125579669,0.122175937,0.125579669,-0.122175937
7.665000,-0.125378155,0.122129319,0.125378155,-0.122129319
7.670000,-0.125179826,0.122083450,0.125179826,-0.122083450
7.675000,-0.124984773,0.122038349,0.124984773,-0.122038349
7.680000,-0.124793081,0.121994037,0.124793081,-0.121994037
7.685000,-0.124604833,0.121950531,0.124604833,-0.121950531
7.690000,-0.124420104,0.121907848,0.124420104,-0.121907848
7.695000,-0.124238969,0.121866006,0.124238969,-0.121866006
7.700000,-0.124061496,0.121825019,0.124061496,-0.121825019
7.705000,-0.123887749,0.121784902,0.123887749,-0.121784902
7.710000,-0.123717788,0.121745667,0.123717788,-0.121745667
7.715000,-0.123551667,0.121707327,0.123551667,-0.121707327
7.720000,-0.123389437,0.121669893,0.123389437,-0.121669893
7.725000,-0.123231144,0.121633374,0.123231144,-0.121633374
7.730000,-0.123076828,0.121597781,0.123076828,-0.121597781
7.735000,-0.122926527,0.121563120,0.122926527,-0.121563120
7.740000,-0.122780271,0.121529398,0.122780271,-0.121529398
7.745000,-0.122638088,0.121496622,0.122638088,-0.121496622
7.750000,-0.122500000,0.121464795,0.122500000,-0.121464795
7.755000,-0.122366024,0.121433921,0.122366024,-0.121433921
7.760000,-0.122236171,0.121404002,0.122236171,-0.121404002
7.765000,-0.122110452,0.121375040,0.122110452,-0.121375040
7.770000,-0.121988867,0.121347036,0.121988867,-0.121347036
7.775000,-0.121871416,0.121319987,0.121871416,-0.121319987
7.780000,-0.121758091,0.121293893,0.121758091,-0.121293893
7.785000,-0.121648883,0.121268750,0.121648883,-0.121268750
7.790000,-0.121543774,0.121244554,0.121543774,-0.121244554
7.795000,-0.121442743,0.121221300,0.121442743,-0.121221300
7.800000,-0.121345767,0.121198982,0.121345767,-0.121198982
7.805000,-0.121252815,0.121177592,0.121252815,-0.121177592
7.810000,-0.121163851,0.121157123,0.121163851,-0.121157123
7.815000,-0.121078839,0.121137565,0.121078839,-0.121137565
7.820000,-0.120997733,0.121118908,0.120997733,-0.121118908
7.825000,-0.120920487,0.121101141,0.120920487,-0.121101141
7.830000,-0.120847047,0.121084250,0.120847047,-0.121084250
7.835000,-0.120777359,0.121068224,0.120777359,-0.121068224
7.840000,-0.120711360,0.121053048,0.120711360,-0.121053048
7.845000,-0.120648987,0.121038706,0.120648987,-0.121038706
7.850000,-0.120590170,0.121025183,0.120590170,-0.121025183
7.855000,-0.120534837,0.121012462,0.120534837,-0.121012462
7.860000,-0.120482911,0.121000526,0.120482911,-0.121000526
7.865000,-0.120434311,0.120989354,0.120434311,-0.120989354
7.870000,-0.120388954,0.120978929,0.120388954,-0.120978929
7.875000,-0.120346752,0.120969229,0.120346752,-0.120969229
7.880000,-0.120307613,0.120960234,0.120307613,-0.120960234
7.885000,-0.120271443,0.120951921,0.120271443,-0.120951921
7.890000,-0.120238143,0.120944269,0.120238143,-0.120944269
7.895000,-0.120207613,0.120937253,0.120207613,-0.120937253
7.900000,-0.120179749,0.120930850,0.120179749,-0.120930850
7.905000,-0.120154443,0.120925036,0.120154443,-0.120925036
7.910000,-0.120131586,0.120919784,0.120131586,-0.120919784
7.915000,-0.120111064,0.120915068,0.120111064,-0.120915068
7.920000,-0.120092763,0.120910863,0.120092763,-0.120910863
7.925000,-0.120076564,0.120907142,0.120076564,-0.120907142
7.930000,-0.120062349,0.120903876,0.120062349,-0.120903876
7.935000,-0.120049994,0.120901037,0.120049994,-0.120901037
7.940000,-0.120039376,0.120898598,0.120039376,-0.120898598
7.945000,-0.120030368,0.120896528,0.120030368,-0.120896528
7.950000,-0.120022842,0.120894799,0.120022842,-0.120894799
7.955000,-0.120016669,0.120893381,0.120016669,-0.120893381
7.960000,-0.120011718,0.120892244,0.120011718,-0.120892244
7.965000,-0.120007857,0.120891356,0.120007857,-0.120891356
7.970000,-0.120004951,0.120890689,0.120004951,-0.120890689
7.975000,-0.120002867,0.120890210,0.120002867,-0.120890210
7.980000,-0.120001469,0.120889889,0.120001469,-0.120889889
7.985000,-0.120000620,0.120889694,0.120000620,-0.120889694
7.990000,-0.120000184,0.120889594,0.120000184,-0.120889594
7.995000,-0.120000023,0.120889557,0.120000023,-0.120889557
8.000000,-0.120000000,0.120889552,0.120000000,-0.120889552
8.005000,-0.120000000,0.120889552,0.120000000,-0.120889552
8.010000,-0.120000000,0.120889552,0.120000000,-0.120889552
8.015000,-0.120000000,0.120889552,0.120000000,-0.120889552
8.020000,-0.120000000,0.120889552,0.120000000,-0.120889552
8.025000,-0.120000000,0.120889552,0.120000000,-0.120889552
8.030000,-0.120000000,0.120889552,0.120000000,-0.120889552
8.035000,-0.120000000,0.120889552,0.120000000,-0.120889552
8.040000,-0.120000000,0.120889552,0.120000000,-0.120889552
8.045000,-0.120000000,0.120889552,0.120000000,-0.120889552
8.050000,-0.120000000,0.120889552,0.120000000,-0.120889552
8.055000,-0.120000000,0.120889552,0.120000000,-0.120889552
8.060000,-0.120000000,0.120889552,0.120000000,-0.120889552
8.065000,-0.120000000,0.120889552,0.120000000,-0.120889552
8.070000,-0.120000000,0.120889552,0.120000000,-0.120889552
8.075000,-0.120000000,0.120889552,0.120000000,-0.120889552
8.080000,-0.120000000,0.120889552,0.120000000,-0.120889552
8.085000,-0.120000000,0.120889552,0.120000000,-0.120889552
8.090000,-0.120000000,0.120889552,0.120000000,-0.120889552
8.095000,-0.120000000,0.120889552,0.120000000,-0.120889552
8.100000,-0.120000000,0.120889552,0.120000000,-0.120889552
8.105000,-0.120000000,0.120889552,0.120000000,-0.120889552
8.110000,-0.120000000,0.120889552,0.120000000,-0.120889552
8.115000,-0.120000000,0.120889552,0.120000000,-0.120889552
8.120000,-0.120000000,0.120889552,0.120000000,-0.120889552
8.125000,-0.120000000,0.120889552,0.120000000,-0.120889552
8.130000,-0.120000000,0.120889552,0.120000000,-0.120889552
8.135000,-0.120000000,0.120889552,0.120000000,-0.120889552
8.140000,-0.120000000,0.120889552,0.120000000,-0.120889552
8.145000,-0.120000000,0.120889552,0.120000000,-0.120889552
8.150000,-0.120000000,0.120889552,0.120000000,-0.120889552
8.155000,-0.120000000,0.120889552,0.120000000,-0.120889552
8.160000,-0.120000000,0.120889552,0.120000000,-0.120889552
8.165000,-0.120000000,0.120889552,0.120000000,-0.120889552
8.170000,-0.120000000,0.120889552,0.120000000,-0.120889552
8.175000,-0.120000000,0.120889552,0.120000000,-0.120889552
8.180000,-0.120000000,0.120889552,0.120000000,-0.120889552
8.185000,-0.120000000,0.120889552,0.120000000,-0.120889552
8.190000,-0.120000000,0.120889552,0.120000000,-0.120889552
8.195000,-0.120000000,0.120889552,0.120000000,-0.120889552
8.200000,-0.120000000,0.120889552,0.120000000,-0.120889552
8.205000,-0.120000000,0.120889552,0.120000000,-0.120889552
8.210000,-0.120000000,0.120889552,0.120000000,-0.120889552
8.215000,-0.120000000,0.120889552,0.120000000,-0.120889552
8.220000,-0.120000000,0.120889552,0.120000000,-0.120889552
8.225000,-0.120000000,0.120889552,0.120000000,-0.120889552
8.230000,-0.120000000,0.120889552,0.120000000,-0.120889552
8.235000,-0.120000000,0.120889552,0.120000000,-0.120889552
8.240000,-0.120000000,0.120889552,0.120000000,-0.120889552
8.245000,-0.120000000,0.120889552,0.120000000,-0.120889552
8.250000,-0.120000000,0.120889552,0.120000000,-0.120889552
8.255000,-0.120000000,0.120889552,0.120000000,-0.120889552
8.260000,-0.120000000,0.120889552,0.120000000,-0.120889552
8.265000,-0.120000000,0.120889552,0.120000000,-0.120889552
8.270000,-0.120000000,0.120889552,0.120000000,-0.120889552
8.275000,-0.120000000,0.120889552,0.120000000,-0.120889552
8.280000,-0.120000000,0.120889552,0.120000000,-0.120889552
8.285000,-0.120000000,0.120889552,0.120000000,-0.120889552
8.290000,-0.120000000,0.120889552,0.120000000,-0.120889552
8.295000,-0.120000000,0.120889552,0.120000000,-0.120889552
8.300000,-0.120000000,0.120889552,0.120000000,-0.120889552
8.305000,-0.120000000,0.120889552,0.120000000,-0.120889552
8.310000,-0.120000000,0.120889552,0.120000000,-0.120889552
8.315000,-0.120000000,0.120889552,0.120000000,-0.120889552
8.320000,-0.120000000,0.120889552,0.120000000,-0.120889552
8.325000,-0.120000000,0.120889552,0.120000000,-0.120889552
8.330000,-0.120000000,0.120889552,0.120000000,-0.120889552
8.335000,-0.120000000,0.120889552,0.120000000,-0.120889552
8.340000,-0.120000000,0.120889552,0.120000000,-0.120889552
8.345000,-0.120000000,0.120889552,0.120000000,-0.120889552
8.350000,-0.120000000,0.120889552,0.120000000,-0.120889552
8.355000,-0.120000000,0.120889552,0.120000000,-0.120889552
8.360000,-0.120000000,0.120889552,0.120000000,-0.120889552
8.365000,-0.120000000,0.120889552,0.120000000,-0.120889552
8.370000,-0.120000000,0.120889552,0.120000000,-0.120889552
8.375000,-0.120000000,0.120889552,0.120000000,-0.120889552
8.380000,-0.120000000,0.120889552,0.120000000,-0.120889552
8.385000,-0.120000000,0.120889552,0.120000000,-0.120889552
8.390000,-0.120000000,0.120889552,0.120000000,-0.120889552
8.395000,-0.120000000,0.120889552,0.120000000,-0.120889552
8.400000,-0.120000000,0.120889552,0.120000000,-0.120889552
8.405000,-0.120000000,0.120889552,0.120000000,-0.120889552
8.410000,-0.120000000,0.120889552,0.120000000,-0.120889552
8.415000,-0.120000000,0.120889552,0.120000000,-0.120889552
8.420000,-0.120000000,0.120889552,0.120000000,-0.120889552
8.425000,-0.120000000,0.120889552,0.120000000,-0.120889552
8.430000,-0.120000000,0.120889552,0.120000000,-0.120889552
8.435000,-0.120000000,0.120889552,0.120000000,-0.120889552
8.440000,-0.120000000,0.120889552,0.120000000,-0.120889552
8.445000,-0.120000000,0.120889552,0.120000000,-0.120889552
8.450000,-0.120000000,0.120889552,0.120000000,-0.120889552
8.455000,-0.120000000,0.120889552,0.120000000,-0.120889552
8.460000,-0.120000000,0.120889552,0.120000000,-0.120889552
8.465000,-0.120000000,0.120889552,0.120000000,-0.120889552
8.470000,-0.120000000,0.120889552,0.120000000,-0.120889552
8.475000,-0.120000000,0.120889552,0.120000000,-0.120889552
8.480000,-0.120000000,0.120889552,0.120000000,-0.120889552
8.485000,-0.120000000,0.120889552,0.120000000,-0.120889552
8.490000,-0.120000000,0.120889552,0.120000000,-0.120889552
8.495000,-0.120000000,0.120889552,0.120000000,-0.120889552
8.500000,-0.120000000,0.120889552,0.120000000,-0.120889552
8.505000,-0.120000000,0.120889552,0.120000000,-0.120889552
8.510000,-0.120000000,0.120889552,0.120000000,-0.120889552
8.515000,-0.120000000,0.120889552,0.120000000,-0.120889552
8.520000,-0.120000000,0.120889552,0.120000000,-0.120889552
8.525000,-0.120000000,0.120889552,0.120000000,-0.120889552
8.530000,-0.120000000,0.120889552,0.120000000,-0.120889552
8.535000,-0.120000000,0.120889552,0.120000000,-0.120889552
8.540000,-0.120000000,0.120889552,0.120000000,-0.120889552
8.545000,-0.120000000,0.120889552,0.120000000,-0.120889552
8.550000,-0.120000000,0.120889552,0.120000000,-0.120889552
8.555000,-0.120000000,0.120889552,0.120000000,-0.120889552
8.560000,-0.120000000,0.120889552,0.120000000,-0.120889552
8.565000,-0.120000000,0.120889552,0.120000000,-0.120889552
8.570000,-0.120000000,0.120889552,0.120000000,-0.120889552
8.575000,-0.120000000,0.120889552,0.120000000,-0.120889552
8.580000,-0.120000000,0.120889552,0.120000000,-0.120889552
8.585000,-0.120000000,0.120889552,0.120000000,-0.120889552
8.590000,-0.120000000,0.120889552,0.120000000,-0.120889552
8.595000,-0.120000000,0.120889552,0.120000000,-0.120889552
8.600000,-0.120000000,0.120889552,0.120000000,-0.120889552
8.605000,-0.120000000,0.120889552,0.120000000,-0.120889552
8.610000,-0.120000000,0.120889552,0.120000000,-0.120889552
8.615000,-0.120000000,0.120889552,0.120000000,-0.120889552
8.620000,-0.120000000,0.120889552,0.120000000,-0.120889552
8.625000,-0.120000000,0.120889552,0.120000000,-0.120889552
8.630000,-0.120000000,0.120889552,0.120000000,-0.120889552
8.635000,-0.120000000,0.120889552,0.120000000,-0.120889552
8.640000,-0.120000000,0.120889552,0.120000000,-0.120889552
8.645000,-0.120000000,0.120889552,0.120000000,-0.120889552
8.650000,-0.120000000,0.120889552,0.120000000,-0.120889552
8.655000,-0.120000000,0.120889552,0.120000000,-0.120889552
8.660000,-0.120000000,0.120889552,0.120000000,-0.120889552
8.665000,-0.120000000,0.120889552,0.120000000,-0.120889552
8.670000,-0.120000000,0.120889552,0.120000000,-0.120889552
8.675000,-0.120000000,0.120889552,0.120000000,-0.120889552
8.680000,-0.120000000,0.120889552,0.120000000,-0.120889552
8.685000,-0.120000000,0.120889552,0.120000000,-0.120889552
8.690000,-0.120000000,0.120889552,0.120000000,-0.120889552
8.695000,-0.120000000,0.120889552,0.120000000,-0.120889552
8.700000,-0.120000000,0.120889552,0.120000000,-0.120889552
8.705000,-0.120000000,0.120889552,0.120000000,-0.120889552
8.710000,-0.120000000,0.120889552,0.120000000,-0.120889552
8.715000,-0.120000000,0.120889552,0.120000000,-0.120889552
8.720000,-0.120000000,0.120889552,0.120000000,-0.120889552
8.725000,-0.120000000,0.120889552,0.120000000,-0.120889552
8.730000,-0.120000000,0.120889552,0.120000000,-0.120889552
8.735000,-0.120000000,0.120889552,0.120000000,-0.120889552
8.740000,-0.120000000,0.120889552,0.120000000,-0.120889552
8.745000,-0.120000000,0.120889552,0.120000000,-0.120889552
8.750000,-0.120000000,0.120889552,0.120000000,-0.120889552
8.755000,-0.120000000,0.120889552,0.120000000,-0.120889552
8.760000,-0.120000000,0.120889552,0.120000000,-0.120889552
8.765000,-0.120000000,0.120889552,0.120000000,-0.120889552
8.770000,-0.120000000,0.120889552,0.120000000,-0.120889552
8.775000,-0.120000000,0.120889552,0.120000000,-0.120889552
8.780000,-0.120000000,0.120889552,0.120000000,-0.120889552
8.785000,-0.120000000,0.120889552,0.120000000,-0.120889552
8.790000,-0.120000000,0.120889552,0.120000000,-0.120889552
8.795000,-0.120000000,0.120889552,0.120000000,-0.120889552
8.800000,-0.120000000,0.120889552,0.120000000,-0.120889552
8.805000,-0.120000000,0.120889552,0.120000000,-0.120889552
8.810000,-0.120000000,0.120889552,0.120000000,-0.120889552
8.815000,-0.120000000,0.120889552,0.120000000,-0.120889552
8.820000,-0.120000000,0.120889552,0.120000000,-0.120889552
8.825000,-0.120000000,0.120889552,0.120000000,-0.120889552
8.830000,-0.120000000,0.120889552,0.120000000,-0.120889552
8.835000,-0.120000000,0.120889552,0.120000000,-0.120889552
8.840000,-0.120000000,0.120889552,0.120000000,-0.120889552
8.845000,-0.120000000,0.120889552,0.120000000,-0.120889552
8.850000,-0.120000000,0.120889552,0.120000000,-0.120889552
8.855000,-0.120000000,0.120889552,0.120000000,-0.120889552
8.860000,-0.120000000,0.120889552,0.120000000,-0.120889552
8.865000,-0.120000000,0.120889552,0.120000000,-0.120889552
8.870000,-0.120000000,0.120889552,0.120000000,-0.120889552
8.875000,-0.120000000,0.120889552,0.120000000,-0.120889552
8.880000,-0.120000000,0.120889552,0.120000000,-0.120889552
8.885000,-0.120000000,0.120889552,0.120000000,-0.120889552
8.890000,-0.120000000,0.120889552,0.120000000,-0.120889552
8.895000,-0.120000000,0.120889552,0.120000000,-0.120889552
8.900000,-0.120000000,0.120889552,0.120000000,-0.120889552
8.905000,-0.120000000,0.120889552,0.120000000,-0.120889552
8.910000,-0.120000000,0.120889552,0.120000000,-0.120889552
8.915000,-0.120000000,0.120889552,0.120000000,-0.120889552
8.920000,-0.120000000,0.120889552,0.120000000,-0.120889552
8.925000,-0.120000000,0.120889552,0.120000000,-0.120889552
8.930000,-0.120000000,0.120889552,0.120000000,-0.120889552
8.935000,-0.120000000,0.120889552,0.120000000,-0.120889552
8.940000,-0.120000000,0.120889552,0.120000000,-0.120889552
8.945000,-0.120000000,0.120889552,0.120000000,-0.120889552
8.950000,-0.120000000,0.120889552,0.120000000,-0.120889552
8.955000,-0.120000000,0.120889552,0.120000000,-0.120889552
8.960000,-0.120000000,0.120889552,0.120000000,-0.120889552
8.965000,-0.120000000,0.120889552,0.120000000,-0.120889552
8.970000,-0.120000000,0.120889552,0.120000000,-0.120889552
8.975000,-0.120000000,0.120889552,0.120000000,-0.120889552
8.980000,-0.120000000,0.120889552,0.120000000,-0.120889552
8.985000,-0.120000000,0.120889552,0.120000000,-0.120889552
8.990000,-0.120000000,0.120889552,0.120000000,-0.120889552
8.995000,-0.120000000,0.120889552,0.120000000,-0.120889552
9.000000,-0.120000000,0.120889552,0.120000000,-0.120889552
9.005000,-0.120000000,0.120889552,0.120000000,-0.120889552
9.010000,-0.120000000,0.120889552,0.120000000,-0.120889552
9.015000,-0.120000000,0.120889552,0.120000000,-0.120889552
9.020000,-0.120000000,0.120889552,0.120000000,-0.120889552
9.025000,-0.120000000,0.120889552,0.120000000,-0.120889552
9.030000,-0.120000000,0.120889552,0.120000000,-0.120889552
9.035000,-0.120000000,0.120889552,0.120000000,-0.120889552
9.040000,-0.120000000,0.120889552,0.120000000,-0.120889552
9.045000,-0.120000000,0.120889552,0.120000000,-0.120889552
9.050000,-0.120000000,0.120889552,0.120000000,-0.120889552
9.055000,-0.120000000,0.120889552,0.120000000,-0.120889552
9.060000,-0.120000000,0.120889552,0.120000000,-0.120889552
9.065000,-0.120000000,0.120889552,0.120000000,-0.120889552
9.070000,-0.120000000,0.120889552,0.120000000,-0.120889552
9.075000,-0.120000000,0.120889552,0.120000000,-0.120889552
9.080000,-0.120000000,0.120889552,0.120000000,-0.120889552
9.085000,-0.120000000,0.120889552,0.120000000,-0.120889552
9.090000,-0.120000000,0.120889552,0.120000000,-0.120889552
9.095000,-0.120000000,0.120889552,0.120000000,-0.120889552
9.100000,-0.120000000,0.120889552,0.120000000,-0.120889552
9.105000,-0.120000000,0.120889552,0.120000000,-0.120889552
9.110000,-0.120000000,0.120889552,0.120000000,-0.120889552
9.115000,-0.120000000,0.120889552,0.120000000,-0.120889552
9.120000,-0.120000000,0.120889552,0.120000000,-0.120889552
9.125000,-0.120000000,0.120889552,0.120000000,-0.120889552
9.130000,-0.120000000,0.120889552,0.120000000,-0.120889552
9.135000,-0.120000000,0.120889552,0.120000000,-0.120889552
9.140000,-0.120000000,0.120889552,0.120000000,-0.120889552
9.145000,-0.120000000,0.120889552,0.120000000,-0.120889552
9.150000,-0.120000000,0.120889552,0.120000000,-0.120889552
9.155000,-0.120000000,0.120889552,0.120000000,-0.120889552
9.160000,-0.120000000,0.120889552,0.120000000,-0.120889552
9.165000,-0.120000000,0.120889552,0.120000000,-0.120889552
9.170000,-0.120000000,0.120889552,0.120000000,-0.120889552
9.175000,-0.120000000,0.120889552,0.120000000,-0.120889552
9.180000,-0.120000000,0.120889552,0.120000000,-0.120889552
9.185000,-0.120000000,0.120889552,0.120000000,-0.120889552
9.190000,-0.120000000,0.120889552,0.120000000,-0.120889552
9.195000,-0.120000000,0.120889552,0.120000000,-0.120889552
9.200000,-0.120000000,0.120889552,0.120000000,-0.120889552
9.205000,-0.120000000,0.120889552,0.120000000,-0.120889552
9.210000,-0.120000000,0.120889552,0.120000000,-0.120889552
9.215000,-0.120000000,0.120889552,0.120000000,-0.120889552
9.220000,-0.120000000,0.120889552,0.120000000,-0.120889552
9.225000,-0.120000000,0.120889552,0.120000000,-0.120889552
9.230000,-0.120000000,0.120889552,0.120000000,-0.120889552
9.235000,-0.120000000,0.120889552,0.120000000,-0.120889552
9.240000,-0.120000000,0.120889552,0.120000000,-0.120889552
9.245000,-0.120000000,0.120889552,0.120000000,-0.120889552
9.250000,-0.120000000,0.120889552,0.120000000,-0.120889552
9.255000,-0.120000000,0.120889552,0.120000000,-0.120889552
9.260000,-0.120000000,0.120889552,0.120000000,-0.120889552
9.265000,-0.120000000,0.120889552,0.120000000,-0.120889552
9.270000,-0.120000000,0.120889552,0.120000000,-0.120889552
9.275000,-0.120000000,0.120889552,0.120000000,-0.120889552
9.280000,-0.120000000,0.120889552,0.120000000,-0.120889552
9.285000,-0.120000000,0.120889552,0.120000000,-0.120889552
9.290000,-0.120000000,0.120889552,0.120000000,-0.120889552
9.295000,-0.120000000,0.120889552,0.120000000,-0.120889552
9.300000,-0.120000000,0.120889552,0.120000000,-0.120889552
9.305000,-0.120000000,0.120889552,0.120000000,-0.120889552
9.310000,-0.120000000,0.120889552,0.120000000,-0.120889552
9.315000,-0.120000000,0.120889552,0.120000000,-0.120889552
9.320000,-0.120000000,0.120889552,0.120000000,-0.120889552
9.325000,-0.120000000,0.120889552,0.120000000,-0.120889552
9.330000,-0.120000000,0.120889552,0.120000000,-0.120889552
9.335000,-0.120000000,0.120889552,0.120000000,-0.120889552
9.340000,-0.120000000,0.120889552,0.120000000,-0.120889552
9.345000,-0.120000000,0.120889552,0.120000000,-0.120889552
9.350000,-0.120000000,0.120889552,0.120000000,-0.120889552
9.355000,-0.120000000,0.120889552,0.120000000,-0.120889552
9.360000,-0.120000000,0.120889552,0.120000000,-0.120889552
9.365000,-0.120000000,0.120889552,0.120000000,-0.120889552
9.370000,-0.120000000,0.120889552,0.120000000,-0.120889552
9.375000,-0.120000000,0.120889552,0.120000000,-0.120889552
9.380000,-0.120000000,0.120889552,0.120000000,-0.120889552
9.385000,-0.120000000,0.120889552,0.120000000,-0.120889552
9.390000,-0.120000000,0.120889552,0.120000000,-0.120889552
9.395000,-0.120000000,0.120889552,0.120000000,-0.120889552
9.400000,-0.120000000,0.120889552,0.120000000,-0.120889552
9.405000,-0.120000000,0.120889552,0.120000000,-0.120889552
9.410000,-0.120000000,0.120889552,0.120000000,-0.120889552
9.415000,-0.120000000,0.120889552,0.120000000,-0.120889552
9.420000,-0.120000000,0.120889552,0.120000000,-0.120889552
9.425000,-0.120000000,0.120889552,0.120000000,-0.120889552
9.430000,-0.120000000,0.120889552,0.120000000,-0.120889552
9.435000,-0.120000000,0.120889552,0.120000000,-0.120889552
9.440000,-0.120000000,0.120889552,0.120000000,-0.120889552
9.445000,-0.120000000,0.120889552,0.120000000,-0.120889552
9.450000,-0.120000000,0.120889552,0.120000000,-0.120889552
9.455000,-0.120000000,0.120889552,0.120000000,-0.120889552
9.460000,-0.120000000,0.120889552,0.120000000,-0.120889552
9.465000,-0.120000000,0.120889552,0.120000000,-0.120889552
9.470000,-0.120000000,0.120889552,0.120000000,-0.120889552
9.475000,-0.120000000,0.120889552,0.120000000,-0.120889552
9.480000,-0.120000000,0.120889552,0.120000000,-0.120889552
9.485000,-0.120000000,0.120889552,0.120000000,-0.120889552
9.490000,-0.120000000,0.120889552,0.120000000,-0.120889552
9.495000,-0.120000000,0.120889552,0.120000000,-0.120889552
9.500000,-0.120000000,0.120889552,0.120000000,-0.120889552
9.505000,-0.120000000,0.120889552,0.120000000,-0.120889552
9.510000,-0.120000000,0.120889552,0.120000000,-0.120889552
9.515000,-0.120000000,0.120889552,0.120000000,-0.120889552
9.520000,-0.120000000,0.120889552,0.120000000,-0.120889552
9.525000,-0.120000000,0.120889552,0.120000000,-0.120889552
9.530000,-0.120000000,0.120889552,0.120000000,-0.120889552
9.535000,-0.120000000,0.120889552,0.120000000,-0.120889552
9.540000,-0.120000000,0.120889552,0.120000000,-0.120889552
9.545000,-0.120000000,0.120889552,0.120000000,-0.120889552
9.550000,-0.120000000,0.120889552,0.120000000,-0.120889552
9.555000,-0.120000000,0.120889552,0.120000000,-0.120889552
9.560000,-0.120000000,0.120889552,0.120000000,-0.120889552
9.565000,-0.120000000,0.120889552,0.120000000,-0.120889552
9.570000,-0.120000000,0.120889552,0.120000000,-0.120889552
9.575000,-0.120000000,0.120889552,0.120000000,-0.120889552
9.580000,-0.120000000,0.120889552,0.120000000,-0.120889552
9.585000,-0.120000000,0.120889552,0.120000000,-0.120889552
9.590000,-0.120000000,0.120889552,0.120000000,-0.120889552
9.595000,-0.120000000,0.120889552,0.120000000,-0.120889552
9.600000,-0.120000000,0.120889552,0.120000000,-0.120889552
9.605000,-0.120000000,0.120889552,0.120000000,-0.120889552
9.610000,-0.120000000,0.120889552,0.120000000,-0.120889552
9.615000,-0.120000000,0.120889552,0.120000000,-0.120889552
9.620000,-0.120000000,0.120889552,0.120000000,-0.120889552
9.625000,-0.120000000,0.120889552,0.120000000,-0.120889552
9.630000,-0.120000000,0.120889552,0.120000000,-0.120889552
9.635000,-0.120000000,0.120889552,0.120000000,-0.120889552
9.640000,-0.120000000,0.120889552,0.120000000,-0.120889552
9.645000,-0.120000000,0.120889552,0.120000000,-0.120889552
9.650000,-0.120000000,0.120889552,0.120000000,-0.120889552
9.655000,-0.120000000,0.120889552,0.120000000,-0.120889552
9.660000,-0.120000000,0.120889552,0.120000000,-0.120889552
9.665000,-0.120000000,0.120889552,0.120000000,-0.120889552
9.670000,-0.120000000,0.120889552,0.120000000,-0.120889552
9.675000,-0.120000000,0.120889552,0.120000000,-0.120889552
9.680000,-0.120000000,0.120889552,0.120000000,-0.120889552
9.685000,-0.120000000,0.120889552,0.120000000,-0.120889552
9.690000,-0.120000000,0.120889552,0.120000000,-0.120889552
9.695000,-0.120000000,0.120889552,0.120000000,-0.120889552
9.700000,-0.120000000,0.120889552,0.120000000,-0.120889552
9.705000,-0.120000000,0.120889552,0.120000000,-0.120889552
9.710000,-0.120000000,0.120889552,0.120000000,-0.120889552
9.715000,-0.120000000,0.120889552,0.120000000,-0.120889552
9.720000,-0.120000000,0.120889552,0.120000000,-0.120889552
9.725000,-0.120000000,0.120889552,0.120000000,-0.120889552
9.730000,-0.120000000,0.120889552,0.120000000,-0.120889552
9.735000,-0.120000000,0.120889552,0.120000000,-0.120889552
9.740000,-0.120000000,0.120889552,0.120000000,-0.120889552
9.745000,-0.120000000,0.120889552,0.120000000,-0.120889552
9.750000,-0.120000000,0.120889552,0.120000000,-0.120889552
9.755000,-0.120000000,0.120889552,0.120000000,-0.120889552
9.760000,-0.120000000,0.120889552,0.120000000,-0.120889552
9.765000,-0.120000000,0.120889552,0.120000000,-0.120889552
9.770000,-0.120000000,0.120889552,0.120000000,-0.120889552
9.775000,-0.120000000,0.120889552,0.120000000,-0.120889552
9.780000,-0.120000000,0.120889552,0.120000000,-0.120889552
9.785000,-0.120000000,0.120889552,0.120000000,-0.120889552
9.790000,-0.120000000,0.120889552,0.120000000,-0.120889552
9.795000,-0.120000000,0.120889552,0.120000000,-0.120889552
9.800000,-0.120000000,0.120889552,0.120000000,-0.120889552
9.805000,-0.120000000,0.120889552,0.120000000,-0.120889552
9.810000,-0.120000000,0.120889552,0.120000000,-0.120889552
9.815000,-0.120000000,0.120889552,0.120000000,-0.120889552
9.820000,-0.120000000,0.120889552,0.120000000,-0.120889552
9.825000,-0.120000000,0.120889552,0.120000000,-0.120889552
9.830000,-0.120000000,0.120889552,0.120000000,-0.120889552
9.835000,-0.120000000,0.120889552,0.120000000,-0.120889552
9.840000,-0.120000000,0.120889552,0.120000000,-0.120889552
9.845000,-0.120000000,0.120889552,0.120000000,-0.120889552
9.850000,-0.120000000,0.120889552,0.120000000,-0.120889552
9.855000,-0.120000000,0.120889552,0.120000000,-0.120889552
9.860000,-0.120000000,0.120889552,0.120000000,-0.120889552
9.865000,-0.120000000,0.120889552,0.120000000,-0.120889552
9.870000,-0.120000000,0.120889552,0.120000000,-0.120889552
9.875000,-0.120000000,0.120889552,0.120000000,-0.120889552
9.880000,-0.120000000,0.120889552,0.120000000,-0.120889552
9.885000,-0.120000000,0.120889552,0.120000000,-0.120889552
9.890000,-0.120000000,0.120889552,0.120000000,-0.120889552
9.895000,-0.120000000,0.120889552,0.120000000,-0.120889552
9.900000,-0.120000000,0.120889552,0.120000000,-0.120889552
9.905000,-0.120000000,0.120889552,0.120000000,-0.120889552
9.910000,-0.120000000,0.120889552,0.120000000,-0.120889552
9.915000,-0.120000000,0.120889552,0.120000000,-0.120889552
9.920000,-0.120000000,0.120889552,0.120000000,-0.120889552
9.925000,-0.120000000,0.120889552,0.120000000,-0.120889552
9.930000,-0.120000000,0.120889552,0.120000000,-0.120889552
9.935000,-0.120000000,0.120889552,0.120000000,-0.120889552
9.940000,-0.120000000,0.120889552,0.120000000,-0.120889552
9.945000,-0.120000000,0.120889552,0.120000000,-0.120889552
9.950000,-0.120000000,0.120889552,0.120000000,-0.120889552
9.955000,-0.120000000,0.120889552,0.120000000,-0.120889552
9.960000,-0.120000000,0.120889552,0.120000000,-0.120889552
9.965000,-0.120000000,0.120889552,0.120000000,-0.120889552
9.970000,-0.120000000,0.120889552,0.120000000,-0.120889552
9.975000,-0.120000000,0.120889552,0.120000000,-0.120889552
9.980000,-0.120000000,0.120889552,0.120000000,-0.120889552
9.985000,-0.120000000,0.120889552,0.120000000,-0.120889552
9.990000,-0.120000000,0.120889552,0.120000000,-0.120889552
9.995000,-0.120000000,0.120889552,0.120000000,-0.120889552
10.000000,-0.120000000,0.120889552,0.120000000,-0.120889552
