time_s,q_model_lf0_rad,q_model_lf00_rad,q_model_rf0_rad,q_model_rf00_rad
0.000000,-0.020000000,0.015563039,0.020000000,-0.015563039
0.005000,-0.020000000,0.015563039,0.020000000,-0.015563039
0.010000,-0.020000000,0.015563039,0.020000000,-0.015563039
0.015000,-0.020000000,0.015563039,0.020000000,-0.015563039
0.020000,-0.020000000,0.015563039,0.020000000,-0.015563039
0.025000,-0.020000000,0.015563039,0.020000000,-0.015563039
0.030000,-0.020000000,0.015563039,0.020000000,-0.015563039
0.035000,-0.020000000,0.015563039,0.020000000,-0.015563039
0.040000,-0.020000000,0.015563039,0.020000000,-0.015563039
0.045000,-0.020000000,0.015563039,0.020000000,-0.015563039
0.050000,-0.020000000,0.015563039,0.020000000,-0.015563039
0.055000,-0.020000000,0.015563039,0.020000000,-0.015563039
0.060000,-0.020000000,0.015563039,0.020000000,-0.015563039
0.065000,-0.020000000,0.015563039,0.020000000,-0.015563039
0.070000,-0.020000000,0.015563039,0.020000000,-0.015563039
0.075000,-0.020000000,0.015563039,0.020000000,-0.015563039
0.080000,-0.020000000,0.015563039,0.020000000,-0.015563039
0.085000,-0.020000000,0.015563039,0.020000000,-0.015563039
0.090000,-0.020000000,0.015563039,0.020000000,-0.015563039
0.095000,-0.020000000,0.015563039,0.020000000,-0.015563039
0.100000,-0.020000000,0.015563039,0.020000000,-0.015563039
0.105000,-0.020000000,0.015563039,0.020000000,-0.015563039
0.110000,-0.020000000,0.015563039,0.020000000,-0.015563039
0.115000,-0.020000000,0.015563039,0.020000000,-0.015563039
0.120000,-0.020000000,0.015563039,0.020000000,-0.015563039
0.125000,-0.020000000,0.015563039,0.020000000,-0.015563039
0.130000,-0.020000000,0.015563039,0.020000000,-0.015563039
0.135000,-0.020000000,0.015563039,0.020000000,-0.015563039
0.140000,-0.020000000,0.015563039,0.020000000,-0.015563039
0.145000,-0.020000000,0.015563039,0.020000000,-0.015563039
0.150000,-0.020000000,0.015563039,0.020000000,-0.015563039
0.155000,-0.020000000,0.015563039,0.020000000,-0.015563039
0.160000,-0.020000000,0.015563039,0.020000000,-0.015563039
0.165000,-0.020000000,0.015563039,0.020000000,-0.015563039
0.170000,-0.020000000,0.015563039,0.020000000,-0.015563039
0.175000,-0.020000000,0.015563039,0.020000000,-0.015563039
0.180000,-0.020000000,0.015563039,0.020000000,-0.015563039
0.185000,-0.020000000,0.015563039,0.020000000,-0.015563039
0.190000,-0.020000000,0.015563039,0.020000000,-0.015563039
0.195000,-0.020000000,0.015563039,0.020000000,-0.015563039
0.200000,-0.020000000,0.015563039,0.020000000,-0.015563039
0.205000,-0.020000000,0.015563039,0.020000000,-0.015563039
0.210000,-0.020000000,0.015563039,0.020000000,-0.015563039
0.215000,-0.020000000,0.015563039,0.020000000,-0.015563039
0.220000,-0.020000000,0.015563039,0.020000000,-0.015563039
0.225000,-0.020000000,0.015563039,0.020000000,-0.015563039
0.230000,-0.020000000,0.015563039,0.020000000,-0.015563039
0.235000,-0.020000000,0.015563039,0.020000000,-0.015563039
0.240000,-0.020000000,0.015563039,0.020000000,-0.015563039
0.245000,-0.020000000,0.015563039,0.020000000,-0.015563039
0.250000,-0.020000000,0.015563039,0.020000000,-0.015563039
0.255000,-0.020000000,0.015563039,0.020000000,-0.015563039
0.260000,-0.020000000,0.015563039,0.020000000,-0.015563039
0.265000,-0.020000000,0.015563039,0.020000000,-0.015563039
0.270000,-0.020000000,0.015563039,0.020000000,-0.015563039
0.275000,-0.020000000,0.015563039,0.020000000,-0.015563039
0.280000,-0.020000000,0.015563039,0.020000000,-0.015563039
0.285000,-0.020000000,0.015563039,0.020000000,-0.015563039
0.290000,-0.020000000,0.015563039,0.020000000,-0.015563039
0.295000,-0.020000000,0.015563039,0.020000000,-0.015563039
0.300000,-0.020000000,0.015563039,0.020000000,-0.015563039
0.305000,-0.020000000,0.015563039,0.020000000,-0.015563039
0.310000,-0.020000000,0.015563039,0.020000000,-0.015563039
0.315000,-0.020000000,0.015563039,0.020000000,-0.015563039
0.320000,-0.020000000,0.015563039,0.020000000,-0.015563039
0.325000,-0.020000000,0.015563039,0.020000000,-0.015563039
0.330000,-0.020000000,0.015563039,0.020000000,-0.015563039
0.335000,-0.020000000,0.015563039,0.020000000,-0.015563039
0.340000,-0.020000000,0.015563039,0.020000000,-0.015563039
0.345000,-0.020000000,0.015563039,0.020000000,-0.015563039
0.350000,-0.020000000,0.015563039,0.020000000,-0.015563039
0.355000,-0.020000000,0.015563039,0.020000000,-0.015563039
0.360000,-0.020000000,0.015563039,0.020000000,-0.015563039
0.365000,-0.020000000,0.015563039,0.020000000,-0.015563039
0.370000,-0.020000000,0.015563039,0.020000000,-0.015563039
0.375000,-0.020000000,0.015563039,0.020000000,-0.015563039
0.380000,-0.020000000,0.015563039,0.020000000,-0.015563039
0.385000,-0.020000000,0.015563039,0.020000000,-0.015563039
0.390000,-0.020000000,0.015563039,0.020000000,-0.015563039
0.395000,-0.020000000,0.015563039,0.020000000,-0.015563039
0.400000,-0.020000000,0.015563039,0.020000000,-0.015563039
0.405000,-0.020000000,0.015563039,0.020000000,-0.015563039
0.410000,-0.020000000,0.015563039,0.020000000,-0.015563039
0.415000,-0.020000000,0.015563039,0.020000000,-0.015563039
0.420000,-0.020000000,0.015563039,0.020000000,-0.015563039
0.425000,-0.020000000,0.015563039,0.020000000,-0.015563039
0.430000,-0.020000000,0.015563039,0.020000000,-0.015563039
0.435000,-0.020000000,0.015563039,0.020000000,-0.015563039
0.440000,-0.020000000,0.015563039,0.020000000,-0.015563039
0.445000,-0.020000000,0.015563039,0.020000000,-0.015563039
0.450000,-0.020000000,0.015563039,0.020000000,-0.015563039
0.455000,-0.020000000,0.015563039,0.020000000,-0.015563039
0.460000,-0.020000000,0.015563039,0.020000000,-0.015563039
0.465000,-0.020000000,0.015563039,0.020000000,-0.015563039
0.470000,-0.020000000,0.015563039,0.020000000,-0.015563039
0.475000,-0.020000000,0.015563039,0.020000000,-0.015563039
0.480000,-0.020000000,0.015563039,0.020000000,-0.015563039
0.485000,-0.020000000,0.015563039,0.020000000,-0.015563039
0.490000,-0.020000000,0.015563039,0.020000000,-0.015563039
0.495000,-0.020000000,0.015563039,0.020000000,-0.015563039
0.500000,-0.020000000,0.015563039,0.020000000,-0.015563039
0.505000,-0.020000000,0.015563039,0.020000000,-0.015563039
0.510000,-0.020000000,0.015563039,0.020000000,-0.015563039
0.515000,-0.020000000,0.015563039,0.020000000,-0.015563039
0.520000,-0.020000000,0.015563039,0.020000000,-0.015563039
0.525000,-0.020000000,0.015563039,0.020000000,-0.015563039
0.530000,-0.020000000,0.015563039,0.020000000,-0.015563039
0.535000,-0.020000000,0.015563039,0.020000000,-0.015563039
0.540000,-0.020000000,0.015563039,0.020000000,-0.015563039
0.545000,-0.020000000,0.015563039,0.020000000,-0.015563039
0.550000,-0.020000000,0.015563039,0.020000000,-0.015563039
0.555000,-0.020000000,0.015563039,0.020000000,-0.015563039
0.560000,-0.020000000,0.015563039,0.020000000,-0.015563039
0.565000,-0.020000000,0.015563039,0.020000000,-0.015563039
0.570000,-0.020000000,0.015563039,0.020000000,-0.015563039
0.575000,-0.020000000,0.015563039,0.020000000,-0.015563039
0.580000,-0.020000000,0.015563039,0.020000000,-0.015563039
0.585000,-0.020000000,0.015563039,0.020000000,-0.015563039
0.590000,-0.020000000,0.015563039,0.020000000,-0.015563039
0.595000,-0.020000000,0.015563039,0.020000000,-0.015563039
0.600000,-0.020000000,0.015563039,0.020000000,-0.015563039
0.605000,-0.020000000,0.015563039,0.020000000,-0.015563039
0.610000,-0.020000000,0.015563039,0.020000000,-0.015563039
0.615000,-0.020000000,0.015563039,0.020000000,-0.015563039
0.620000,-0.020000000,0.015563039,0.020000000,-0.015563039
0.625000,-0.020000000,0.015563039,0.020000000,-0.015563039
0.630000,-0.020000000,0.015563039,0.020000000,-0.015563039
0.635000,-0.020000000,0.015563039,0.020000000,-0.015563039
0.640000,-0.020000000,0.015563039,0.020000000,-0.015563039
0.645000,-0.020000000,0.015563039,0.020000000,-0.015563039
0.650000,-0.020000000,0.015563039,0.020000000,-0.015563039
0.655000,-0.020000000,0.015563039,0.020000000,-0.015563039
0.660000,-0.020000000,0.015563039,0.020000000,-0.015563039
0.665000,-0.020000000,0.015563039,0.020000000,-0.015563039
0.670000,-0.020000000,0.015563039,0.020000000,-0.015563039
0.675000,-0.020000000,0.015563039,0.020000000,-0.015563039
0.680000,-0.020000000,0.015563039,0.020000000,-0.015563039
0.685000,-0.020000000,0.015563039,0.020000000,-0.015563039
0.690000,-0.020000000,0.015563039,0.020000000,-0.015563039
0.695000,-0.020000000,0.015563039,0.020000000,-0.015563039
0.700000,-0.020000000,0.015563039,0.020000000,-0.015563039
0.705000,-0.020000000,0.015563039,0.020000000,-0.015563039
0.710000,-0.020000000,0.015563039,0.020000000,-0.015563039
0.715000,-0.020000000,0.015563039,0.020000000,-0.015563039
0.720000,-0.020000000,0.015563039,0.020000000,-0.015563039
0.725000,-0.020000000,0.015563039,0.020000000,-0.015563039
0.730000,-0.020000000,0.015563039,0.020000000,-0.015563039
0.735000,-0.020000000,0.015563039,0.020000000,-0.015563039
0.740000,-0.020000000,0.015563039,0.020000000,-0.015563039
0.745000,-0.020000000,0.015563039,0.020000000,-0.015563039
0.750000,-0.020000000,0.015563039,0.020000000,-0.015563039
0.755000,-0.020000000,0.015563039,0.020000000,-0.015563039
0.760000,-0.020000000,0.015563039,0.020000000,-0.015563039
0.765000,-0.020000000,0.015563039,0.020000000,-0.015563039
0.770000,-0.020000000,0.015563039,0.020000000,-0.015563039
0.775000,-0.020000000,0.015563039,0.020000000,-0.015563039
0.780000,-0.020000000,0.015563039,0.020000000,-0.015563039
0.785000,-0.020000000,0.015563039,0.020000000,-0.015563039
0.790000,-0.020000000,0.015563039,0.020000000,-0.015563039
0.795000,-0.020000000,0.015563039,0.020000000,-0.015563039
0.800000,-0.020000000,0.015563039,0.020000000,-0.015563039
0.805000,-0.020000000,0.015563039,0.020000000,-0.015563039
0.810000,-0.020000000,0.015563039,0.020000000,-0.015563039
0.815000,-0.020000000,0.015563039,0.020000000,-0.015563039
0.820000,-0.020000000,0.015563039,0.020000000,-0.015563039
0.825000,-0.020000000,0.015563039,0.020000000,-0.015563039
0.830000,-0.020000000,0.015563039,0.020000000,-0.015563039
0.835000,-0.020000000,0.015563039,0.020000000,-0.015563039
0.840000,-0.020000000,0.015563039,0.020000000,-0.015563039
0.845000,-0.020000000,0.015563039,0.020000000,-0.015563039
0.850000,-0.020000000,0.015563039,0.020000000,-0.015563039
0.855000,-0.020000000,0.015563039,0.020000000,-0.015563039
0.860000,-0.020000000,0.015563039,0.020000000,-0.015563039
0.865000,-0.020000000,0.015563039,0.020000000,-0.015563039
0.870000,-0.020000000,0.015563039,0.020000000,-0.015563039
0.875000,-0.020000000,0.015563039,0.020000000,-0.015563039
0.880000,-0.020000000,0.015563039,0.020000000,-0.015563039
0.885000,-0.020000000,0.015563039,0.020000000,-0.015563039
0.890000,-0.020000000,0.015563039,0.020000000,-0.015563039
0.895000,-0.020000000,0.015563039,0.020000000,-0.015563039
0.900000,-0.020000000,0.015563039,0.020000000,-0.015563039
0.905000,-0.020000000,0.015563039,0.020000000,-0.015563039
0.910000,-0.020000000,0.015563039,0.020000000,-0.015563039
0.915000,-0.020000000,0.015563039,0.020000000,-0.015563039
0.920000,-0.020000000,0.015563039,0.020000000,-0.015563039
0.925000,-0.020000000,0.015563039,0.020000000,-0.015563039
0.930000,-0.020000000,0.015563039,0.020000000,-0.015563039
0.935000,-0.020000000,0.015563039,0.020000000,-0.015563039
0.940000,-0.020000000,0.015563039,0.020000000,-0.015563039
0.945000,-0.020000000,0.015563039,0.020000000,-0.015563039
0.950000,-0.020000000,0.015563039,0.020000000,-0.015563039
0.955000,-0.020000000,0.015563039,0.020000000,-0.015563039
0.960000,-0.020000000,0.015563039,0.020000000,-0.015563039
0.965000,-0.020000000,0.015563039,0.020000000,-0.015563039
0.970000,-0.020000000,0.015563039,0.020000000,-0.015563039
0.975000,-0.020000000,0.015563039,0.020000000,-0.015563039
0.980000,-0.020000000,0.015563039,0.020000000,-0.015563039
0.985000,-0.020000000,0.015563039,0.020000000,-0.015563039
0.990000,-0.020000000,0.015563039,0.020000000,-0.015563039
0.995000,-0.020000000,0.015563039,0.020000000,-0.015563039
1.000000,-0.020000000,0.015563039,0.020000000,-0.015563039
1.005000,-0.020000000,0.015563039,0.020000000,-0.015563039
1.010000,-0.020000000,0.015563039,0.020000000,-0.015563039
1.015000,-0.020000000,0.015563039,0.020000000,-0.015563039
1.020000,-0.020000000,0.015563039,0.020000000,-0.015563039
1.025000,-0.020000000,0.015563039,0.020000000,-0.015563039
1.030000,-0.020000000,0.015563039,0.020000000,-0.015563039
1.035000,-0.020000000,0.015563039,0.020000000,-0.015563039
1.040000,-0.020000000,0.015563039,0.020000000,-0.015563039
1.045000,-0.020000000,0.015563039,0.020000000,-0.015563039
1.050000,-0.020000000,0.015563039,0.020000000,-0.015563039
1.055000,-0.020000000,0.015563039,0.020000000,-0.015563039
1.060000,-0.020000000,0.015563039,0.020000000,-0.015563039
1.065000,-0.020000000,0.015563039,0.020000000,-0.015563039
1.070000,-0.020000000,0.015563039,0.020000000,-0.015563039
1.075000,-0.020000000,0.015563039,0.020000000,-0.015563039
1.080000,-0.020000000,0.015563039,0.020000000,-0.015563039
1.085000,-0.020000000,0.015563039,0.020000000,-0.015563039
1.090000,-0.020000000,0.015563039,0.020000000,-0.015563039
1.095000,-0.020000000,0.015563039,0.020000000,-0.015563039
1.100000,-0.020000000,0.015563039,0.020000000,-0.015563039
1.105000,-0.020000000,0.015563039,0.020000000,-0.015563039
1.110000,-0.020000000,0.015563039,0.020000000,-0.015563039
1.115000,-0.020000000,0.015563039,0.020000000,-0.015563039
1.120000,-0.020000000,0.015563039,0.020000000,-0.015563039
1.125000,-0.020000000,0.015563039,0.020000000,-0.015563039
1.130000,-0.020000000,0.015563039,0.020000000,-0.015563039
1.135000,-0.020000000,0.015563039,0.020000000,-0.015563039
1.140000,-0.020000000,0.015563039,0.020000000,-0.015563039
1.145000,-0.020000000,0.015563039,0.020000000,-0.015563039
1.150000,-0.020000000,0.015563039,0.020000000,-0.015563039
1.155000,-0.020000000,0.015563039,0.020000000,-0.015563039
1.160000,-0.020000000,0.015563039,0.020000000,-0.015563039
1.165000,-0.020000000,0.015563039,0.020000000,-0.015563039
1.170000,-0.020000000,0.015563039,0.020000000,-0.015563039
1.175000,-0.020000000,0.015563039,0.020000000,-0.015563039
1.180000,-0.020000000,0.015563039,0.020000000,-0.015563039
1.185000,-0.020000000,0.015563039,0.020000000,-0.015563039
1.190000,-0.020000000,0.015563039,0.020000000,-0.015563039
1.195000,-0.020000000,0.015563039,0.020000000,-0.015563039
1.200000,-0.020000000,0.015563039,0.020000000,-0.015563039
1.205000,-0.020000000,0.015563039,0.020000000,-0.015563039
1.210000,-0.020000000,0.015563039,0.020000000,-0.015563039
1.215000,-0.020000000,0.015563039,0.020000000,-0.015563039
1.220000,-0.020000000,0.015563039,0.020000000,-0.015563039
1.225000,-0.020000000,0.015563039,0.020000000,-0.015563039
1.230000,-0.020000000,0.015563039,0.020000000,-0.015563039
1.235000,-0.020000000,0.015563039,0.020000000,-0.015563039
1.240000,-0.020000000,0.015563039,0.020000000,-0.015563039
1.245000,-0.020000000,0.015563039,0.020000000,-0.015563039
1.250000,-0.020000000,0.015563039,0.020000000,-0.015563039
1.255000,-0.020000000,0.015563039,0.020000000,-0.015563039
1.260000,-0.020000000,0.015563039,0.020000000,-0.015563039
1.265000,-0.020000000,0.015563039,0.020000000,-0.015563039
1.270000,-0.020000000,0.015563039,0.020000000,-0.015563039
1.275000,-0.020000000,0.015563039,0.020000000,-0.015563039
1.280000,-0.020000000,0.015563039,0.020000000,-0.015563039
1.285000,-0.020000000,0.015563039,0.020000000,-0.015563039
1.290000,-0.020000000,0.015563039,0.020000000,-0.015563039
1.295000,-0.020000000,0.015563039,0.020000000,-0.015563039
1.300000,-0.020000000,0.015563039,0.020000000,-0.015563039
1.305000,-0.020000000,0.015563039,0.020000000,-0.015563039
1.310000,-0.020000000,0.015563039,0.020000000,-0.015563039
1.315000,-0.020000000,0.015563039,0.020000000,-0.015563039
1.320000,-0.020000000,0.015563039,0.020000000,-0.015563039
1.325000,-0.020000000,0.015563039,0.020000000,-0.015563039
1.330000,-0.020000000,0.015563039,0.020000000,-0.015563039
1.335000,-0.020000000,0.015563039,0.020000000,-0.015563039
1.340000,-0.020000000,0.015563039,0.020000000,-0.015563039
1.345000,-0.020000000,0.015563039,0.020000000,-0.015563039
1.350000,-0.020000000,0.015563039,0.020000000,-0.015563039
1.355000,-0.020000000,0.015563039,0.020000000,-0.015563039
1.360000,-0.020000000,0.015563039,0.020000000,-0.015563039
1.365000,-0.020000000,0.015563039,0.020000000,-0.015563039
1.370000,-0.020000000,0.015563039,0.020000000,-0.015563039
1.375000,-0.020000000,0.015563039,0.020000000,-0.015563039
1.380000,-0.020000000,0.015563039,0.020000000,-0.015563039
1.385000,-0.020000000,0.015563039,0.020000000,-0.015563039
1.390000,-0.020000000,0.015563039,0.020000000,-0.015563039
1.395000,-0.020000000,0.015563039,0.020000000,-0.015563039
1.400000,-0.020000000,0.015563039,0.020000000,-0.015563039
1.405000,-0.020000000,0.015563039,0.020000000,-0.015563039
1.410000,-0.020000000,0.015563039,0.020000000,-0.015563039
1.415000,-0.020000000,0.015563039,0.020000000,-0.015563039
1.420000,-0.020000000,0.015563039,0.020000000,-0.015563039
1.425000,-0.020000000,0.015563039,0.020000000,-0.015563039
1.430000,-0.020000000,0.015563039,0.020000000,-0.015563039
1.435000,-0.020000000,0.015563039,0.020000000,-0.015563039
1.440000,-0.020000000,0.015563039,0.020000000,-0.015563039
1.445000,-0.020000000,0.015563039,0.020000000,-0.015563039
1.450000,-0.020000000,0.015563039,0.020000000,-0.015563039
1.455000,-0.020000000,0.015563039,0.020000000,-0.015563039
1.460000,-0.020000000,0.015563039,0.020000000,-0.015563039
1.465000,-0.020000000,0.015563039,0.020000000,-0.015563039
1.470000,-0.020000000,0.015563039,0.020000000,-0.015563039
1.475000,-0.020000000,0.015563039,0.020000000,-0.015563039
1.480000,-0.020000000,0.015563039,0.020000000,-0.015563039
1.485000,-0.020000000,0.015563039,0.020000000,-0.015563039
1.490000,-0.020000000,0.015563039,0.020000000,-0.015563039
1.495000,-0.020000000,0.015563039,0.020000000,-0.015563039
1.500000,-0.020000000,0.015563039,0.020000000,-0.015563039
1.505000,-0.020000000,0.015563039,0.020000000,-0.015563039
1.510000,-0.020000000,0.015563039,0.020000000,-0.015563039
1.515000,-0.020000000,0.015563039,0.020000000,-0.015563039
1.520000,-0.020000000,0.015563039,0.020000000,-0.015563039
1.525000,-0.020000000,0.015563039,0.020000000,-0.015563039
1.530000,-0.020000000,0.015563039,0.020000000,-0.015563039
1.535000,-0.020000000,0.015563039,0.020000000,-0.015563039
1.540000,-0.020000000,0.015563039,0.020000000,-0.015563039
1.545000,-0.020000000,0.015563039,0.020000000,-0.015563039
1.550000,-0.020000000,0.015563039,0.020000000,-0.015563039
1.555000,-0.020000000,0.015563039,0.020000000,-0.015563039
1.560000,-0.020000000,0.015563039,0.020000000,-0.015563039
1.565000,-0.020000000,0.015563039,0.020000000,-0.015563039
1.570000,-0.020000000,0.015563039,0.020000000,-0.015563039
1.575000,-0.020000000,0.015563039,0.020000000,-0.015563039
1.580000,-0.020000000,0.015563039,0.020000000,-0.015563039
1.585000,-0.020000000,0.015563039,0.020000000,-0.015563039
1.590000,-0.020000000,0.015563039,0.020000000,-0.015563039
1.595000,-0.020000000,0.015563039,0.020000000,-0.015563039
1.600000,-0.020000000,0.015563039,0.020000000,-0.015563039
1.605000,-0.020000000,0.015563039,0.020000000,-0.015563039
1.610000,-0.020000000,0.015563039,0.020000000,-0.015563039
1.615000,-0.020000000,0.015563039,0.020000000,-0.015563039
1.620000,-0.020000000,0.015563039,0.020000000,-0.015563039
1.625000,-0.020000000,0.015563039,0.020000000,-0.015563039
1.630000,-0.020000000,0.015563039,0.020000000,-0.015563039
1.635000,-0.020000000,0.015563039,0.020000000,-0.015563039
1.640000,-0.020000000,0.015563039,0.020000000,-0.015563039
1.645000,-0.020000000,0.015563039,0.020000000,-0.015563039
1.650000,-0.020000000,0.015563039,0.020000000,-0.015563039
1.655000,-0.020000000,0.015563039,0.020000000,-0.015563039
1.660000,-0.020000000,0.015563039,0.020000000,-0.015563039
1.665000,-0.020000000,0.015563039,0.020000000,-0.015563039
1.670000,-0.020000000,0.015563039,0.020000000,-0.015563039
1.675000,-0.020000000,0.015563039,0.020000000,-0.015563039
1.680000,-0.020000000,0.015563039,0.020000000,-0.015563039
1.685000,-0.020000000,0.015563039,0.020000000,-0.015563039
1.690000,-0.020000000,0.015563039,0.020000000,-0.015563039
1.695000,-0.020000000,0.015563039,0.020000000,-0.015563039
1.700000,-0.020000000,0.015563039,0.020000000,-0.015563039
1.705000,-0.020000000,0.015563039,0.020000000,-0.015563039
1.710000,-0.020000000,0.015563039,0.020000000,-0.015563039
1.715000,-0.020000000,0.015563039,0.020000000,-0.015563039
1.720000,-0.020000000,0.015563039,0.020000000,-0.015563039
1.725000,-0.020000000,0.015563039,0.020000000,-0.015563039
1.730000,-0.020000000,0.015563039,0.020000000,-0.015563039
1.735000,-0.020000000,0.015563039,0.020000000,-0.015563039
1.740000,-0.020000000,0.015563039,0.020000000,-0.015563039
1.745000,-0.020000000,0.015563039,0.020000000,-0.015563039
1.750000,-0.020000000,0.015563039,0.020000000,-0.015563039
1.755000,-0.020000000,0.015563039,0.020000000,-0.015563039
1.760000,-0.020000000,0.015563039,0.020000000,-0.015563039
1.765000,-0.020000000,0.015563039,0.020000000,-0.015563039
1.770000,-0.020000000,0.015563039,0.020000000,-0.015563039
1.775000,-0.020000000,0.015563039,0.020000000,-0.015563039
1.780000,-0.020000000,0.015563039,0.020000000,-0.015563039
1.785000,-0.020000000,0.015563039,0.020000000,-0.015563039
1.790000,-0.020000000,0.015563039,0.020000000,-0.015563039
1.795000,-0.020000000,0.015563039,0.020000000,-0.015563039
1.800000,-0.020000000,0.015563039,0.020000000,-0.015563039
1.805000,-0.020000000,0.015563039,0.020000000,-0.015563039
1.810000,-0.020000000,0.015563039,0.020000000,-0.015563039
1.815000,-0.020000000,0.015563039,0.020000000,-0.015563039
1.820000,-0.020000000,0.015563039,0.020000000,-0.015563039
1.825000,-0.020000000,0.015563039,0.020000000,-0.015563039
1.830000,-0.020000000,0.015563039,0.020000000,-0.015563039
1.835000,-0.020000000,0.015563039,0.020000000,-0.015563039
1.840000,-0.020000000,0.015563039,0.020000000,-0.015563039
1.845000,-0.020000000,0.015563039,0.020000000,-0.015563039
1.850000,-0.020000000,0.015563039,0.020000000,-0.015563039
1.855000,-0.020000000,0.015563039,0.020000000,-0.015563039
1.860000,-0.020000000,0.015563039,0.020000000,-0.015563039
1.865000,-0.020000000,0.015563039,0.020000000,-0.015563039
1.870000,-0.020000000,0.015563039,0.020000000,-0.015563039
1.875000,-0.020000000,0.015563039,0.020000000,-0.015563039
1.880000,-0.020000000,0.015563039,0.020000000,-0.015563039
1.885000,-0.020000000,0.015563039,0.020000000,-0.015563039
1.890000,-0.020000000,0.015563039,0.020000000,-0.015563039
1.895000,-0.020000000,0.015563039,0.020000000,-0.015563039
1.900000,-0.020000000,0.015563039,0.020000000,-0.015563039
1.905000,-0.020000000,0.015563039,0.020000000,-0.015563039
1.910000,-0.020000000,0.015563039,0.020000000,-0.015563039
1.915000,-0.020000000,0.015563039,0.020000000,-0.015563039
1.920000,-0.020000000,0.015563039,0.020000000,-0.015563039
1.925000,-0.020000000,0.015563039,0.020000000,-0.015563039
1.930000,-0.020000000,0.015563039,0.020000000,-0.015563039
1.935000,-0.020000000,0.015563039,0.020000000,-0.015563039
1.940000,-0.020000000,0.015563039,0.020000000,-0.015563039
1.945000,-0.020000000,0.015563039,0.020000000,-0.015563039
1.950000,-0.020000000,0.015563039,0.020000000,-0.015563039
1.955000,-0.020000000,0.015563039,0.020000000,-0.015563039
1.960000,-0.020000000,0.015563039,0.020000000,-0.015563039
1.965000,-0.020000000,0.015563039,0.020000000,-0.015563039
1.970000,-0.020000000,0.015563039,0.020000000,-0.015563039
1.975000,-0.020000000,0.015563039,0.020000000,-0.015563039
1.980000,-0.020000000,0.015563039,0.020000000,-0.015563039
1.985000,-0.020000000,0.015563039,0.020000000,-0.015563039
1.990000,-0.020000000,0.015563039,0.020000000,-0.015563039
1.995000,-0.020000000,0.015563039,0.020000000,-0.015563039
2.000000,-0.020000000,0.015563039,0.020000000,-0.015563039
2.005000,-0.019999977,0.015563034,0.019999977,-0.015563034
2.010000,-0.019999816,0.015563004,0.019999816,-0.015563004
2.015000,-0.019999380,0.015562922,0.019999380,-0.015562922
2.020000,-0.019998531,0.015562762,0.019998531,-0.015562762
2.025000,-0.019997133,0.015562499,0.019997133,-0.015562499
2.030000,-0.019995049,0.015562106,0.019995049,-0.015562106
2.035000,-0.019992143,0.015561559,0.019992143,-0.015561559
2.040000,-0.019988282,0.015560831,0.019988282,-0.015560831
2.045000,-0.019983331,0.015559898,0.019983331,-0.015559898
2.050000,-0.019977158,0.015558735,0.019977158,-0.015558735
2.055000,-0.019969632,0.015557318,0.019969632,-0.015557318
2.060000,-0.019960624,0.015555620,0.019960624,-0.015555620
2.065000,-0.019950006,0.015553620,0.019950006,-0.015553620
2.070000,-0.019937651,0.015551293,0.019937651,-0.015551293
2.075000,-0.019923436,0.015548615,0.019923436,-0.015548615
2.080000,-0.019907237,0.015545563,0.019907237,-0.015545563
2.085000,-0.019888936,0.015542115,0.019888936,-0.015542115
2.090000,-0.019868414,0.015538250,0.019868414,-0.015538250
2.095000,-0.019845557,0.015533944,0.019845557,-0.015533944
2.100000,-0.019820251,0.015529177,0.019820251,-0.015529177
2.105000,-0.019792387,0.015523929,0.019792387,-0.015523929
2.110000,-0.019761857,0.015518178,0.019761857,-0.015518178
2.115000,-0.019728557,0.015511906,0.019728557,-0.015511906
2.120000,-0.019692387,0.015505094,0.019692387,-0.015505094
2.125000,-0.019653248,0.015497723,0.019653248,-0.015497723
2.130000,-0.019611046,0.015489775,0.019611046,-0.015489775
2.135000,-0.019565689,0.015481233,0.019565689,-0.015481233
2.140000,-0.019517089,0.015472081,0.019517089,-0.015472081
2.145000,-0.019465163,0.015462304,0.019465163,-0.015462304
2.150000,-0.019409830,0.015451885,0.019409830,-0.015451885
2.155000,-0.019351013,0.015440812,0.019351013,-0.015440812
2.160000,-0.019288640,0.015429069,0.019288640,-0.015429069
2.165000,-0.019222641,0.015416645,0.019222641,-0.015416645
2.170000,-0.019152953,0.015403527,0.019152953,-0.015403527
2.175000,-0.019079513,0.015389704,0.019079513,-0.015389704
2.180000,-0.019002267,0.015375165,0.019002267,-0.015375165
2.185000,-0.018921161,0.015359902,0.018921161,-0.015359902
2.190000,-0.018836149,0.015343905,0.018836149,-0.015343905
2.195000,-0.018747185,0.015327166,0.018747185,-0.015327166
2.200000,-0.018654233,0.015309678,0.018654233,-0.015309678
2.205000,-0.018557257,0.015291435,0.018557257,-0.015291435
2.210000,-0.018456226,0.015272431,0.018456226,-0.015272431
2.215000,-0.018351117,0.015252662,0.018351117,-0.015252662
2.220000,-0.018241909,0.015232124,0.018241909,-0.015232124
2.225000,-0.018128584,0.015210815,0.018128584,-0.015210815
2.230000,-0.018011133,0.015188733,0.018011133,-0.015188733
2.235000,-0.017889548,0.015165877,0.017889548,-0.015165877
2.240000,-0.017763829,0.015142246,0.017763829,-0.015142246
2.245000,-0.017633976,0.015117842,0.017633976,-0.015117842
2.250000,-0.017500000,0.015092666,0.017500000,-0.015092666
2.255000,-0.017361912,0.015066722,0.017361912,-0.015066722
2.260000,-0.017219729,0.015040012,0.017219729,-0.015040012
2.265000,-0.017073473,0.015012541,0.017073473,-0.015012541
2.270000,-0.016923172,0.014984315,0.016923172,-0.014984315
2.275000,-0.016768856,0.014955340,0.016768856,-0.014955340
2.280000,-0.016610563,0.014925623,0.016610563,-0.014925623
2.285000,-0.016448333,0.014895172,0.016448333,-0.014895172
2.290000,-0.016282212,0.014863996,0.016282212,-0.014863996
2.295000,-0.016112251,0.014832105,0.016112251,-0.014832105
2.300000,-0.015938504,0.014799510,0.015938504,-0.014799510
2.305000,-0.015761031,0.014766221,0.015761031,-0.014766221
2.310000,-0.015579896,0.014732253,0.015579896,-0.014732253
2.315000,-0.015395167,0.014697618,0.015395167,-0.014697618
2.320000,-0.015206919,0.014662329,0.015206919,-0.014662329
2.325000,-0.015015227,0.014626402,0.015015227,-0.014626402
2.330000,-0.014820174,0.014589853,0.014820174,-0.014589853
2.335000,-0.014621845,0.014552698,0.014621845,-0.014552698
2.340000,-0.014420331,0.014514954,0.014420331,-0.014514954
2.345000,-0.014215725,0.014476640,0.014215725,-0.014476640
2.350000,-0.014008126,0.014437773,0.014008126,-0.014437773
2.355000,-0.013797636,0.014398374,0.013797636,-0.014398374
2.360000,-0.013584360,0.014358462,0.013584360,-0.014358462
2.365000,-0.013368408,0.014318059,0.013368408,-0.014318059
2.370000,-0.013149893,0.014277186,0.013149893,-0.014277186
2.375000,-0.012928932,0.014235865,0.012928932,-0.014235865
2.380000,-0.012705645,0.014194119,0.012705645,-0.014194119
2.385000,-0.012480156,0.014151971,0.012480156,-0.014151971
2.390000,-0.012252591,0.014109445,0.012252591,-0.014109445
2.395000,-0.012023079,0.014066566,0.012023079,-0.014066566
2.400000,-0.011791754,0.014023359,0.011791754,-0.014023359
2.405000,-0.011558751,0.013979849,0.011558751,-0.013979849
2.410000,-0.011324208,0.013936063,0.011324208,-0.013936063
2.415000,-0.011088267,0.013892026,0.011088267,-0.013892026
2.420000,-0.010851070,0.013847767,0.010851070,-0.013847767
2.425000,-0.010612763,0.013803311,0.010612763,-0.013803311
2.430000,-0.010373495,0.013758687,0.010373495,-0.013758687
2.435000,-0.010133414,0.013713923,0.010133414,-0.013713923
2.440000,-0.009892674,0.013669048,0.009892674,-0.013669048
2.445000,-0.009651427,0.013624090,0.009651427,-0.013624090
2.450000,-0.009409830,0.013579078,0.009409830,-0.013579078
2.455000,-0.009168039,0.013534041,0.009168039,-0.013534041
2.460000,-0.008926211,0.013489009,0.008926211,-0.013489009
2.465000,-0.008684508,0.013444012,0.008684508,-0.013444012
2.470000,-0.008443088,0.013399079,0.008443088,-0.013399079
2.475000,-0.008202114,0.013354240,0.008202114,-0.013354240
2.480000,-0.007961747,0.013309526,0.007961747,-0.013309526
2.485000,-0.007722151,0.013264967,0.007722151,-0.013264967
2.490000,-0.007483489,0.013220592,0.007483489,-0.013220592
2.495000,-0.007245923,0.013176433,0.007245923,-0.013176433
2.500000,-0.007009619,0.013132518,0.007009619,-0.013132518
2.505000,-0.006774739,0.013088880,0.006774739,-0.013088880
2.510000,-0.006541447,0.013045547,0.006541447,-0.013045547
2.515000,-0.006309907,0.013002550,0.006309907,-0.013002550
2.520000,-0.006080280,0.012959919,0.006080280,-0.012959919
2.525000,-0.005852730,0.012917684,0.005852730,-0.012917684
2.530000,-0.005627417,0.012875874,0.005627417,-0.012875874
2.535000,-0.005404502,0.012834519,0.005404502,-0.012834519
2.540000,-0.005184145,0.012793647,0.005184145,-0.012793647
2.545000,-0.004966503,0.012753289,0.004966503,-0.012753289
2.550000,-0.004751733,0.012713472,0.004751733,-0.012713472
2.555000,-0.004539991,0.012674226,0.004539991,-0.012674226
2.560000,-0.004331430,0.012635578,0.004331430,-0.012635578
2.565000,-0.004126202,0.012597555,0.004126202,-0.012597555
2.570000,-0.003924456,0.012560186,0.003924456,-0.012560186
2.575000,-0.003726341,0.012523497,0.003726341,-0.012523497
2.580000,-0.003532002,0.012487515,0.003532002,-0.012487515
2.585000,-0.003341581,0.012452265,0.003341581,-0.012452265
2.590000,-0.003155220,0.012417774,0.003155220,-0.012417774
2.595000,-0.002973057,0.012384066,0.002973057,-0.012384066
2.600000,-0.002795226,0.012351166,0.002795226,-0.012351166
2.605000,-0.002621860,0.012319099,0.002621860,-0.012319099
2.610000,-0.002453088,0.012287886,0.002453088,-0.012287886
2.615000,-0.002289035,0.012257552,0.002289035,-0.012257552
2.620000,-0.002129826,0.012228118,0.002129826,-0.012228118
2.625000,-0.001975579,0.012199606,0.001975579,-0.012199606
2.630000,-0.001826409,0.012172037,0.001826409,-0.012172037
2.635000,-0.001682430,0.012145432,0.001682430,-0.012145432
2.640000,-0.001543750,0.012119809,0.001543750,-0.012119809
2.645000,-0.001410474,0.012095189,0.001410474,-0.012095189
2.650000,-0.001282701,0.012071588,0.001282701,-0.012071588
2.655000,-0.001160530,0.012049025,0.001160530,-0.012049025
2.660000,-0.001044052,0.012027517,0.001044052,-0.012027517
2.665000,-0.000933356,0.012007078,0.000933356,-0.012007078
2.670000,-0.000828526,0.011987725,0.000828526,-0.011987725
2.675000,-0.000729642,0.011969471,0.000729642,-0.011969471
2.680000,-0.000636780,0.011952331,0.000636780,-0.011952331
2.685000,-0.000550009,0.011936316,0.000550009,-0.011936316
2.690000,-0.000469397,0.011921440,0.000469397,-0.011921440
2.695000,-0.000395005,0.011907712,0.000395005,-0.011907712
2.700000,-0.000326889,0.011895143,0.000326889,-0.011895143
2.705000,-0.000265102,0.011883744,0.000265102,-0.011883744
2.710000,-0.000209691,0.011873521,0.000209691,-0.011873521
2.715000,-0.000160699,0.011864483,0.000160699,-0.011864483
2.720000,-0.000118163,0.011856636,0.000118163,-0.011856636
2.725000,-0.000082115,0.011849986,0.000082115,-0.011849986
2.730000,-0.000052584,0.011844539,0.000052584,-0.011844539
2.735000,-0.000029592,0.011840298,0.000029592,-0.011840298
2.740000,-0.000013156,0.011837266,0.000013156,-0.011837266
2.745000,-0.000003290,0.011835447,0.000003290,-0.011835447
2.750000,0.000000000,0.011834840,0.000000000,-0.011834840
2.755000,-0.000003290,0.011835447,0.000003290,-0.011835447
2.760000,-0.000013156,0.011837266,0.000013156,-0.011837266
2.765000,-0.000029592,0.011840298,0.000029592,-0.011840298
2.770000,-0.000052584,0.011844539,0.000052584,-0.011844539
2.775000,-0.000082115,0.011849986,0.000082115,-0.011849986
2.780000,-0.000118163,0.011856636,0.000118163,-0.011856636
2.785000,-0.000160699,0.011864483,0.000160699,-0.011864483
2.790000,-0.000209691,0.011873521,0.000209691,-0.011873521
2.795000,-0.000265102,0.011883744,0.000265102,-0.011883744
2.800000,-0.000326889,0.011895143,0.000326889,-0.011895143
2.805000,-0.000395005,0.011907712,0.000395005,-0.011907712
2.810000,-0.000469397,0.011921440,0.000469397,-0.011921440
2.815000,-0.000550009,0.011936316,0.000550009,-0.011936316
2.820000,-0.000636780,0.011952331,0.000636780,-0.011952331
2.825000,-0.000729642,0.011969471,0.000729642,-0.011969471
2.830000,-0.000828526,0.011987725,0.000828526,-0.011987725
2.835000,-0.000933356,0.012007078,0.000933356,-0.012007078
2.840000,-0.001044052,0.012027517,0.001044052,-0.012027517
2.845000,-0.001160530,0.012049025,0.001160530,-0.012049025
2.850000,-0.001282701,0.012071588,0.001282701,-0.012071588
2.855000,-0.001410474,0.012095189,0.001410474,-0.012095189
2.860000,-0.001543750,0.012119809,0.001543750,-0.012119809
2.865000,-0.001682430,0.012145432,0.001682430,-0.012145432
2.870000,-0.001826409,0.012172037,0.001826409,-0.012172037
2.875000,-0.001975579,0.012199606,0.001975579,-0.012199606
2.880000,-0.002129826,0.012228118,0.002129826,-0.012228118
2.885000,-0.002289035,0.012257552,0.002289035,-0.012257552
2.890000,-0.002453088,0.012287886,0.002453088,-0.012287886
2.895000,-0.002621860,0.012319099,0.002621860,-0.012319099
2.900000,-0.002795226,0.012351166,0.002795226,-0.012351166
2.905000,-0.002973057,0.012384066,0.002973057,-0.012384066
2.910000,-0.003155220,0.012417774,0.003155220,-0.012417774
2.915000,-0.003341581,0.012452265,0.003341581,-0.012452265
2.920000,-0.003532002,0.012487515,0.003532002,-0.012487515
2.925000,-0.003726341,0.012523497,0.003726341,-0.012523497
2.930000,-0.003924456,0.012560186,0.003924456,-0.012560186
2.935000,-0.004126202,0.012597555,0.004126202,-0.012597555
2.940000,-0.004331430,0.012635578,0.004331430,-0.012635578
2.945000,-0.004539991,0.012674226,0.004539991,-0.012674226
2.950000,-0.004751733,0.012713472,0.004751733,-0.012713472
2.955000,-0.004966503,0.012753289,0.004966503,-0.012753289
2.960000,-0.005184145,0.012793647,0.005184145,-0.012793647
2.965000,-0.005404502,0.012834519,0.005404502,-0.012834519
2.970000,-0.005627417,0.012875874,0.005627417,-0.012875874
2.975000,-0.005852730,0.012917684,0.005852730,-0.012917684
2.980000,-0.006080280,0.012959919,0.006080280,-0.012959919
2.985000,-0.006309907,0.013002550,0.006309907,-0.013002550
2.990000,-0.006541447,0.013045547,0.006541447,-0.013045547
2.995000,-0.006774739,0.013088880,0.006774739,-0.013088880
3.000000,-0.007009619,0.013132518,0.007009619,-0.013132518
3.005000,-0.007245923,0.013176433,0.007245923,-0.013176433
3.010000,-0.007483489,0.013220592,0.007483489,-0.013220592
3.015000,-0.007722151,0.013264967,0.007722151,-0.013264967
3.020000,-0.007961747,0.013309526,0.007961747,-0.013309526
3.025000,-0.008202114,0.013354240,0.008202114,-0.013354240
3.030000,-0.008443088,0.013399079,0.008443088,-0.013399079
3.035000,-0.008684508,0.013444012,0.008684508,-0.013444012
3.040000,-0.008926211,0.013489009,0.008926211,-0.013489009
3.045000,-0.009168039,0.013534041,0.009168039,-0.013534041
3.050000,-0.009409830,0.013579078,0.009409830,-0.013579078
3.055000,-0.009651427,0.013624090,0.009651427,-0.013624090
3.060000,-0.009892674,0.013669048,0.009892674,-0.013669048
3.065000,-0.010133414,0.013713923,0.010133414,-0.013713923
3.070000,-0.010373495,0.013758687,0.010373495,-0.013758687
3.075000,-0.010612763,0.013803311,0.010612763,-0.013803311
3.080000,-0.010851070,0.013847767,0.010851070,-0.013847767
3.085000,-0.011088267,0.013892026,0.011088267,-0.013892026
3.090000,-0.011324208,0.013936063,0.011324208,-0.013936063
3.095000,-0.011558751,0.013979849,0.011558751,-0.013979849
3.100000,-0.011791754,0.014023359,0.011791754,-0.014023359
3.105000,-0.012023079,0.014066566,0.012023079,-0.014066566
3.110000,-0.012252591,0.014109445,0.012252591,-0.014109445
3.115000,-0.012480156,0.014151971,0.012480156,-0.014151971
3.120000,-0.012705645,0.014194119,0.012705645,-0.014194119
3.125000,-0.012928932,0.014235865,0.012928932,-0.014235865
3.130000,-0.013149893,0.014277186,0.013149893,-0.014277186
3.135000,-0.013368408,0.014318059,0.013368408,-0.014318059
3.140000,-0.013584360,0.014358462,0.013584360,-0.014358462
3.145000,-0.013797636,0.014398374,0.013797636,-0.014398374
3.150000,-0.014008126,0.014437773,0.014008126,-0.014437773
3.155000,-0.014215725,0.014476640,0.014215725,-0.014476640
3.160000,-0.014420331,0.014514954,0.014420331,-0.014514954
3.165000,-0.014621845,0.014552698,0.014621845,-0.014552698
3.170000,-0.014820174,0.014589853,0.014820174,-0.014589853
3.175000,-0.015015227,0.014626402,0.015015227,-0.014626402
3.180000,-0.015206919,0.014662329,0.015206919,-0.014662329
3.185000,-0.015395167,0.014697618,0.015395167,-0.014697618
3.190000,-0.015579896,0.014732253,0.015579896,-0.014732253
3.195000,-0.015761031,0.014766221,0.015761031,-0.014766221
3.200000,-0.015938504,0.014799510,0.015938504,-0.014799510
3.205000,-0.016112251,0.014832105,0.016112251,-0.014832105
3.210000,-0.016282212,0.014863996,0.016282212,-0.014863996
3.215000,-0.016448333,0.014895172,0.016448333,-0.014895172
3.220000,-0.016610563,0.014925623,0.016610563,-0.014925623
3.225000,-0.016768856,0.014955340,0.016768856,-0.014955340
3.230000,-0.016923172,0.014984315,0.016923172,-0.014984315
3.235000,-0.017073473,0.015012541,0.017073473,-0.015012541
3.240000,-0.017219729,0.015040012,0.017219729,-0.015040012
3.245000,-0.017361912,0.015066722,0.017361912,-0.015066722
3.250000,-0.017500000,0.015092666,0.017500000,-0.015092666
3.255000,-0.017633976,0.015117842,0.017633976,-0.015117842
3.260000,-0.017763829,0.015142246,0.017763829,-0.015142246
3.265000,-0.017889548,0.015165877,0.017889548,-0.015165877
3.270000,-0.018011133,0.015188733,0.018011133,-0.015188733
3.275000,-0.018128584,0.015210815,0.018128584,-0.015210815
3.280000,-0.018241909,0.015232124,0.018241909,-0.015232124
3.285000,-0.018351117,0.015252662,0.018351117,-0.015252662
3.290000,-0.018456226,0.015272431,0.018456226,-0.015272431
3.295000,-0.018557257,0.015291435,0.018557257,-0.015291435
3.300000,-0.018654233,0.015309678,0.018654233,-0.015309678
3.305000,-0.018747185,0.015327166,0.018747185,-0.015327166
3.310000,-0.018836149,0.015343905,0.018836149,-0.015343905
3.315000,-0.018921161,0.015359902,0.018921161,-0.015359902
3.320000,-0.019002267,0.015375165,0.019002267,-0.015375165
3.325000,-0.019079513,0.015389704,0.019079513,-0.015389704
3.330000,-0.019152953,0.015403527,0.019152953,-0.015403527
3.335000,-0.019222641,0.015416645,0.019222641,-0.015416645
3.340000,-0.019288640,0.015429069,0.019288640,-0.015429069
3.345000,-0.019351013,0.015440812,0.019351013,-0.015440812
3.350000,-0.019409830,0.015451885,0.019409830,-0.015451885
3.355000,-0.019465163,0.015462304,0.019465163,-0.015462304
3.360000,-0.019517089,0.015472081,0.019517089,-0.015472081
3.365000,-0.019565689,0.015481233,0.019565689,-0.015481233
3.370000,-0.019611046,0.015489775,0.019611046,-0.015489775
3.375000,-0.019653248,0.015497723,0.019653248,-0.015497723
3.380000,-0.019692387,0.015505094,0.019692387,-0.015505094
3.385000,-0.019728557,0.015511906,0.019728557,-0.015511906
3.390000,-0.019761857,0.015518178,0.019761857,-0.015518178
3.395000,-0.019792387,0.015523929,0.019792387,-0.015523929
3.400000,-0.019820251,0.015529177,0.019820251,-0.015529177
3.405000,-0.019845557,0.015533944,0.019845557,-0.015533944
3.410000,-0.019868414,0.015538250,0.019868414,-0.015538250
3.415000,-0.019888936,0.015542115,0.019888936,-0.015542115
3.420000,-0.019907237,0.015545563,0.019907237,-0.015545563
3.425000,-0.019923436,0.015548615,0.019923436,-0.015548615
3.430000,-0.019937651,0.015551293,0.019937651,-0.015551293
3.435000,-0.019950006,0.015553620,0.019950006,-0.015553620
3.440000,-0.019960624,0.015555620,0.019960624,-0.015555620
3.445000,-0.019969632,0.015557318,0.019969632,-0.015557318
3.450000,-0.019977158,0.015558735,0.019977158,-0.015558735
3.455000,-0.019983331,0.015559898,0.019983331,-0.015559898
3.460000,-0.019988282,0.015560831,0.019988282,-0.015560831
3.465000,-0.019992143,0.015561559,0.019992143,-0.015561559
3.470000,-0.019995049,0.015562106,0.019995049,-0.015562106
3.475000,-0.019997133,0.015562499,0.019997133,-0.015562499
3.480000,-0.019998531,0.015562762,0.019998531,-0.015562762
3.485000,-0.019999380,0.015562922,0.019999380,-0.015562922
3.490000,-0.019999816,0.015563004,0.019999816,-0.015563004
3.495000,-0.019999977,0.015563034,0.019999977,-0.015563034
3.500000,-0.020000000,0.015563039,0.020000000,-0.015563039
3.505000,-0.020000023,0.015563043,0.020000023,-0.015563043
3.510000,-0.020000184,0.015563073,0.020000184,-0.015563073
3.515000,-0.020000620,0.015563156,0.020000620,-0.015563156
3.520000,-0.020001469,0.015563315,0.020001469,-0.015563315
3.525000,-0.020002867,0.015563579,0.020002867,-0.015563579
3.530000,-0.020004951,0.015563972,0.020004951,-0.015563972
3.535000,-0.020007857,0.015564519,0.020007857,-0.015564519
3.540000,-0.020011718,0.015565246,0.020011718,-0.015565246
3.545000,-0.020016669,0.015566179,0.020016669,-0.015566179
3.550000,-0.020022842,0.015567342,0.020022842,-0.015567342
3.555000,-0.020030368,0.015568760,0.020030368,-0.015568760
3.560000,-0.020039376,0.015570457,0.020039376,-0.015570457
3.565000,-0.020049994,0.015572458,0.020049994,-0.015572458
3.570000,-0.020062349,0.015574786,0.020062349,-0.015574786
3.575000,-0.020076564,0.015577464,0.020076564,-0.015577464
3.580000,-0.020092763,0.015580516,0.020092763,-0.015580516
3.585000,-0.020111064,0.015583965,0.020111064,-0.015583965
3.590000,-0.020131586,0.015587831,0.020131586,-0.015587831
3.595000,-0.020154443,0.015592138,0.020154443,-0.015592138
3.600000,-0.020179749,0.015596907,0.020179749,-0.015596907
3.605000,-0.020207613,0.015602158,0.020207613,-0.015602158
3.610000,-0.020238143,0.015607911,0.020238143,-0.015607911
3.615000,-0.020271443,0.015614186,0.020271443,-0.015614186
3.620000,-0.020307613,0.015621003,0.020307613,-0.015621003
3.625000,-0.020346752,0.015628379,0.020346752,-0.015628379
3.630000,-0.020388954,0.015636333,0.020388954,-0.015636333
3.635000,-0.020434311,0.015644882,0.020434311,-0.015644882
3.640000,-0.020482911,0.015654043,0.020482911,-0.015654043
3.645000,-0.020534837,0.015663831,0.020534837,-0.015663831
3.650000,-0.020590170,0.015674262,0.020590170,-0.015674262
3.655000,-0.020648987,0.015685351,0.020648987,-0.015685351
3.660000,-0.020711360,0.015697111,0.020711360,-0.015697111
3.665000,-0.020777359,0.015709555,0.020777359,-0.015709555
3.670000,-0.020847047,0.015722696,0.020847047,-0.015722696
3.675000,-0.020920487,0.015736545,0.020920487,-0.015736545
3.680000,-0.020997733,0.015751113,0.020997733,-0.015751113
3.685000,-0.021078839,0.015766410,0.021078839,-0.015766410
3.690000,-0.021163851,0.015782446,0.021163851,-0.015782446
3.695000,-0.021252815,0.015799229,0.021252815,-0.015799229
3.700000,-0.021345767,0.015816765,0.021345767,-0.015816765
3.705000,-0.021442743,0.015835063,0.021442743,-0.015835063
3.710000,-0.021543774,0.015854128,0.021543774,-0.015854128
3.715000,-0.021648883,0.015873964,0.021648883,-0.015873964
3.720000,-0.021758091,0.015894577,0.021758091,-0.015894577
3.725000,-0.021871416,0.015915969,0.021871416,-0.015915969
3.730000,-0.021988867,0.015938143,0.021988867,-0.015938143
3.735000,-0.022110452,0.015961100,0.022110452,-0.015961100
3.740000,-0.022236171,0.015984841,0.022236171,-0.015984841
3.745000,-0.022366024,0.016009365,0.022366024,-0.016009365
3.750000,-0.022500000,0.016034673,0.022500000,-0.016034673
3.755000,-0.022638088,0.016060760,0.022638088,-0.016060760
3.760000,-0.022780271,0.016087626,0.022780271,-0.016087626
3.765000,-0.022926527,0.016115265,0.022926527,-0.016115265
3.770000,-0.023076828,0.016143673,0.023076828,-0.016143673
3.775000,-0.023231144,0.016172845,0.023231144,-0.016172845
3.780000,-0.023389437,0.016202773,0.023389437,-0.016202773
3.785000,-0.023551667,0.016233452,0.023551667,-0.016233452
3.790000,-0.023717788,0.016264871,0.023717788,-0.016264871
3.795000,-0.023887749,0.016297023,0.023887749,-0.016297023
3.800000,-0.024061496,0.016329897,0.024061496,-0.016329897
3.805000,-0.024238969,0.016363482,0.024238969,-0.016363482
3.810000,-0.024420104,0.016397767,0.024420104,-0.016397767
3.815000,-0.024604833,0.016432739,0.024604833,-0.016432739
3.820000,-0.024793081,0.016468385,0.024793081,-0.016468385
3.825000,-0.024984773,0.016504690,0.024984773,-0.016504690
3.830000,-0.025179826,0.016541639,0.025179826,-0.016541639
3.835000,-0.025378155,0.016579217,0.025378155,-0.016579217
3.840000,-0.025579669,0.016617407,0.025579669,-0.016617407
3.845000,-0.025784275,0.016656190,0.025784275,-0.016656190
3.850000,-0.025991874,0.016695550,0.025991874,-0.016695550
3.855000,-0.026202364,0.016735468,0.026202364,-0.016735468
3.860000,-0.026415640,0.016775922,0.026415640,-0.016775922
3.865000,-0.026631592,0.016816894,0.026631592,-0.016816894
3.870000,-0.026850107,0.016858362,0.026850107,-0.016858362
3.875000,-0.027071068,0.016900304,0.027071068,-0.016900304
3.880000,-0.027294355,0.016942697,0.027294355,-0.016942697
3.885000,-0.027519844,0.016985519,0.027519844,-0.016985519
3.890000,-0.027747409,0.017028746,0.027747409,-0.017028746
3.895000,-0.027976921,0.017072353,0.027976921,-0.017072353
3.900000,-0.028208246,0.017116316,0.028208246,-0.017116316
3.905000,-0.028441249,0.017160609,0.028441249,-0.017160609
3.910000,-0.028675792,0.017205206,0.028675792,-0.017205206
3.915000,-0.028911733,0.017250080,0.028911733,-0.017250080
3.920000,-0.029148930,0.017295204,0.029148930,-0.017295204
3.925000,-0.029387237,0.017340551,0.029387237,-0.017340551
3.930000,-0.029626505,0.017386093,0.029626505,-0.017386093
3.935000,-0.029866586,0.017431802,0.029866586,-0.017431802
3.940000,-0.030107326,0.017477648,0.030107326,-0.017477648
3.945000,-0.030348573,0.017523602,0.030348573,-0.017523602
3.950000,-0.030590170,0.017569635,0.030590170,-0.017569635
3.955000,-0.030831961,0.017615717,0.030831961,-0.017615717
3.960000,-0.031073789,0.017661818,0.031073789,-0.017661818
3.965000,-0.031315492,0.017707908,0.031315492,-0.017707908
3.970000,-0.031556912,0.017753955,0.031556912,-0.017753955
3.975000,-0.031797886,0.017799930,0.031797886,-0.017799930
3.980000,-0.032038253,0.017845801,0.032038253,-0.017845801
3.985000,-0.032277849,0.017891536,0.032277849,-0.017891536
3.990000,-0.032516511,0.017937105,0.032516511,-0.017937105
3.995000,-0.032754077,0.017982476,0.032754077,-0.017982476
4.000000,-0.032990381,0.018027618,0.032990381,-0.018027618
4.005000,-0.033225261,0.018072500,0.033225261,-0.018072500
4.010000,-0.033458553,0.018117089,0.033458553,-0.018117089
4.015000,-0.033690093,0.018161355,0.033690093,-0.018161355
4.020000,-0.033919720,0.018205265,0.033919720,-0.018205265
4.025000,-0.034147270,0.018248790,0.034147270,-0.018248790
4.030000,-0.034372583,0.018291897,0.034372583,-0.018291897
4.035000,-0.034595498,0.018334556,0.034595498,-0.018334556
4.040000,-0.034815855,0.018376735,0.034815855,-0.018376735
4.045000,-0.035033497,0.018418405,0.035033497,-0.018418405
4.050000,-0.035248267,0.018459534,0.035248267,-0.018459534
4.055000,-0.035460009,0.018500093,0.035460009,-0.018500093
4.060000,-0.035668570,0.018540052,0.035668570,-0.018540052
4.065000,-0.035873798,0.018579381,0.035873798,-0.018579381
4.070000,-0.036075544,0.018618052,0.036075544,-0.018618052
4.075000,-0.036273659,0.018656034,0.036273659,-0.018656034
4.080000,-0.036467998,0.018693301,0.036467998,-0.018693301
4.085000,-0.036658419,0.018729824,0.036658419,-0.018729824
4.090000,-0.036844780,0.018765576,0.036844780,-0.018765576
4.095000,-0.037026943,0.018800529,0.037026943,-0.018800529
4.100000,-0.037204774,0.018834658,0.037204774,-0.018834658
4.105000,-0.037378140,0.018867936,0.037378140,-0.018867936
4.110000,-0.037546912,0.018900338,0.037546912,-0.018900338
4.115000,-0.037710965,0.018931840,0.037710965,-0.018931840
4.120000,-0.037870174,0.018962418,0.037870174,-0.018962418
4.125000,-0.038024421,0.018992047,0.038024421,-0.018992047
4.130000,-0.038173591,0.019020706,0.038173591,-0.019020706
4.135000,-0.038317570,0.019048372,0.038317570,-0.019048372
4.140000,-0.038456250,0.019075024,0.038456250,-0.019075024
4.145000,-0.038589526,0.019100641,0.038589526,-0.019100641
4.150000,-0.038717299,0.019125204,0.038717299,-0.019125204
4.155000,-0.038839470,0.019148694,0.038839470,-0.019148694
4.160000,-0.038955948,0.019171091,0.038955948,-0.019171091
4.165000,-0.039066644,0.019192379,0.039066644,-0.019192379
4.170000,-0.039171474,0.019212542,0.039171474,-0.019212542
4.175000,-0.039270358,0.019231563,0.039270358,-0.019231563
4.180000,-0.039363220,0.019249428,0.039363220,-0.019249428
4.185000,-0.039449991,0.019266122,0.039449991,-0.019266122
4.190000,-0.039530603,0.019281633,0.039530603,-0.019281633
4.195000,-0.039604995,0.019295949,0.039604995,-0.019295949
4.200000,-0.039673111,0.019309057,0.039673111,-0.019309057
4.205000,-0.039734898,0.019320949,0.039734898,-0.019320949
4.210000,-0.039790309,0.019331614,0.039790309,-0.019331614
4.215000,-0.039839301,0.019341044,0.039839301,-0.019341044
4.220000,-0.039881837,0.019349232,0.039881837,-0.019349232
4.225000,-0.039917885,0.019356171,0.039917885,-0.019356171
4.230000,-0.039947416,0.019361856,0.039947416,-0.019361856
4.235000,-0.039970408,0.019366282,0.039970408,-0.019366282
4.240000,-0.039986844,0.019369446,0.039986844,-0.019369446
4.245000,-0.039996710,0.019371346,0.039996710,-0.019371346
4.250000,-0.040000000,0.019371979,0.040000000,-0.019371979
4.255000,-0.039996710,0.019371346,0.039996710,-0.019371346
4.260000,-0.039986844,0.019369446,0.039986844,-0.019369446
4.265000,-0.039970408,0.019366282,0.039970408,-0.019366282
4.270000,-0.039947416,0.019361856,0.039947416,-0.019361856
4.275000,-0.039917885,0.019356171,0.039917885,-0.019356171
4.280000,-0.039881837,0.019349232,0.039881837,-0.019349232
4.285000,-0.039839301,0.019341044,0.039839301,-0.019341044
4.290000,-0.039790309,0.019331614,0.039790309,-0.019331614
4.295000,-0.039734898,0.019320949,0.039734898,-0.019320949
4.300000,-0.039673111,0.019309057,0.039673111,-0.019309057
4.305000,-0.039604995,0.019295949,0.039604995,-0.019295949
4.310000,-0.039530603,0.019281633,0.039530603,-0.019281633
4.315000,-0.039449991,0.019266122,0.039449991,-0.019266122
4.320000,-0.039363220,0.019249428,0.039363220,-0.019249428
4.325000,-0.039270358,0.019231563,0.039270358,-0.019231563
4.330000,-0.039171474,0.019212542,0.039171474,-0.019212542
4.335000,-0.039066644,0.019192379,0.039066644,-0.019192379
4.340000,-0.038955948,0.019171091,0.038955948,-0.019171091
4.345000,-0.038839470,0.019148694,0.038839470,-0.019148694
4.350000,-0.038717299,0.019125204,0.038717299,-0.019125204
4.355000,-0.038589526,0.019100641,0.038589526,-0.019100641
4.360000,-0.038456250,0.019075024,0.038456250,-0.019075024
4.365000,-0.038317570,0.019048372,0.038317570,-0.019048372
4.370000,-0.038173591,0.019020706,0.038173591,-0.019020706
4.375000,-0.038024421,0.018992047,0.038024421,-0.018992047
4.380000,-0.037870174,0.018962418,0.037870174,-0.018962418
4.385000,-0.037710965,0.018931840,0.037710965,-0.018931840
4.390000,-0.037546912,0.018900338,0.037546912,-0.018900338
4.395000,-0.037378140,0.018867936,0.037378140,-0.018867936
4.400000,-0.037204774,0.018834658,0.037204774,-0.018834658
4.405000,-0.037026943,0.018800529,0.037026943,-0.018800529
4.410000,-0.036844780,0.018765576,0.036844780,-0.018765576
4.415000,-0.036658419,0.018729824,0.036658419,-0.018729824
4.420000,-0.036467998,0.018693301,0.036467998,-0.018693301
4.425000,-0.036273659,0.018656034,0.036273659,-0.018656034
4.430000,-0.036075544,0.018618052,0.036075544,-0.018618052
4.435000,-0.035873798,0.018579381,0.035873798,-0.018579381
4.440000,-0.035668570,0.018540052,0.035668570,-0.018540052
4.445000,-0.035460009,0.018500093,0.035460009,-0.018500093
4.450000,-0.035248267,0.018459534,0.035248267,-0.018459534
4.455000,-0.035033497,0.018418405,0.035033497,-0.018418405
4.460000,-0.034815855,0.018376735,0.034815855,-0.018376735
4.465000,-0.034595498,0.018334556,0.034595498,-0.018334556
4.470000,-0.034372583,0.018291897,0.034372583,-0.018291897
4.475000,-0.034147270,0.018248790,0.034147270,-0.018248790
4.480000,-0.033919720,0.018205265,0.033919720,-0.018205265
4.485000,-0.033690093,0.018161355,0.033690093,-0.018161355
4.490000,-0.033458553,0.018117089,0.033458553,-0.018117089
4.495000,-0.033225261,0.018072500,0.033225261,-0.018072500
4.500000,-0.032990381,0.018027618,0.032990381,-0.018027618
4.505000,-0.032754077,0.017982476,0.032754077,-0.017982476
4.510000,-0.032516511,0.017937105,0.032516511,-0.017937105
4.515000,-0.032277849,0.017891536,0.032277849,-0.017891536
4.520000,-0.032038253,0.017845801,0.032038253,-0.017845801
4.525000,-0.031797886,0.017799930,0.031797886,-0.017799930
4.530000,-0.031556912,0.017753955,0.031556912,-0.017753955
4.535000,-0.031315492,0.017707908,0.031315492,-0.017707908
4.540000,-0.031073789,0.017661818,0.031073789,-0.017661818
4.545000,-0.030831961,0.017615717,0.030831961,-0.017615717
4.550000,-0.030590170,0.017569635,0.030590170,-0.017569635
4.555000,-0.030348573,0.017523602,0.030348573,-0.017523602
4.560000,-0.030107326,0.017477648,0.030107326,-0.017477648
4.565000,-0.029866586,0.017431802,0.029866586,-0.017431802
4.570000,-0.029626505,0.017386093,0.029626505,-0.017386093
4.575000,-0.029387237,0.017340551,0.029387237,-0.017340551
4.580000,-0.029148930,0.017295204,0.029148930,-0.017295204
4.585000,-0.028911733,0.017250080,0.028911733,-0.017250080
4.590000,-0.028675792,0.017205206,0.028675792,-0.017205206
4.595000,-0.028441249,0.017160609,0.028441249,-0.017160609
4.600000,-0.028208246,0.017116316,0.028208246,-0.017116316
4.605000,-0.027976921,0.017072353,0.027976921,-0.017072353
4.610000,-0.027747409,0.017028746,0.027747409,-0.017028746
4.615000,-0.027519844,0.016985519,0.027519844,-0.016985519
4.620000,-0.027294355,0.016942697,0.027294355,-0.016942697
4.625000,-0.027071068,0.016900304,0.027071068,-0.016900304
4.630000,-0.026850107,0.016858362,0.026850107,-0.016858362
4.635000,-0.026631592,0.016816894,0.026631592,-0.016816894
4.640000,-0.026415640,0.016775922,0.026415640,-0.016775922
4.645000,-0.026202364,0.016735468,0.026202364,-0.016735468
4.650000,-0.025991874,0.016695550,0.025991874,-0.016695550
4.655000,-0.025784275,0.016656190,0.025784275,-0.016656190
4.660000,-0.025579669,0.016617407,0.025579669,-0.016617407
4.665000,-0.025378155,0.016579217,0.025378155,-0.016579217
4.670000,-0.025179826,0.016541639,0.025179826,-0.016541639
4.675000,-0.024984773,0.016504690,0.024984773,-0.016504690
4.680000,-0.024793081,0.016468385,0.024793081,-0.016468385
4.685000,-0.024604833,0.016432739,0.024604833,-0.016432739
4.690000,-0.024420104,0.016397767,0.024420104,-0.016397767
4.695000,-0.024238969,0.016363482,0.024238969,-0.016363482
4.700000,-0.024061496,0.016329897,0.024061496,-0.016329897
4.705000,-0.023887749,0.016297023,0.023887749,-0.016297023
4.710000,-0.023717788,0.016264871,0.023717788,-0.016264871
4.715000,-0.023551667,0.016233452,0.023551667,-0.016233452
4.720000,-0.023389437,0.016202773,0.023389437,-0.016202773
4.725000,-0.023231144,0.016172845,0.023231144,-0.016172845
4.730000,-0.023076828,0.016143673,0.023076828,-0.016143673
4.735000,-0.022926527,0.016115265,0.022926527,-0.016115265
4.740000,-0.022780271,0.016087626,0.022780271,-0.016087626
4.745000,-0.022638088,0.016060760,0.022638088,-0.016060760
4.750000,-0.022500000,0.016034673,0.022500000,-0.016034673
4.755000,-0.022366024,0.016009365,0.022366024,-0.016009365
4.760000,-0.022236171,0.015984841,0.022236171,-0.015984841
4.765000,-0.022110452,0.015961100,0.022110452,-0.015961100
4.770000,-0.021988867,0.015938143,0.021988867,-0.015938143
4.775000,-0.021871416,0.015915969,0.021871416,-0.015915969
4.780000,-0.021758091,0.015894577,0.021758091,-0.015894577
4.785000,-0.021648883,0.015873964,0.021648883,-0.015873964
4.790000,-0.021543774,0.015854128,0.021543774,-0.015854128
4.795000,-0.021442743,0.015835063,0.021442743,-0.015835063
4.800000,-0.021345767,0.015816765,0.021345767,-0.015816765
4.805000,-0.021252815,0.015799229,0.021252815,-0.015799229
4.810000,-0.021163851,0.015782446,0.021163851,-0.015782446
4.815000,-0.021078839,0.015766410,0.021078839,-0.015766410
4.820000,-0.020997733,0.015751113,0.020997733,-0.015751113
4.825000,-0.020920487,0.015736545,0.020920487,-0.015736545
4.830000,-0.020847047,0.015722696,0.020847047,-0.015722696
4.835000,-0.020777359,0.015709555,0.020777359,-0.015709555
4.840000,-0.020711360,0.015697111,0.020711360,-0.015697111
4.845000,-0.020648987,0.015685351,0.020648987,-0.015685351
4.850000,-0.020590170,0.015674262,0.020590170,-0.015674262
4.855000,-0.020534837,0.015663831,0.020534837,-0.015663831
4.860000,-0.020482911,0.015654043,0.020482911,-0.015654043
4.865000,-0.020434311,0.015644882,0.020434311,-0.015644882
4.870000,-0.020388954,0.015636333,0.020388954,-0.015636333
4.875000,-0.020346752,0.015628379,0.020346752,-0.015628379
4.880000,-0.020307613,0.015621003,0.020307613,-0.015621003
4.885000,-0.020271443,0.015614186,0.020271443,-0.015614186
4.890000,-0.020238143,0.015607911,0.020238143,-0.015607911
4.895000,-0.020207613,0.015602158,0.020207613,-0.015602158
4.900000,-0.020179749,0.015596907,0.020179749,-0.015596907
4.905000,-0.020154443,0.015592138,0.020154443,-0.015592138
4.910000,-0.020131586,0.015587831,0.020131586,-0.015587831
4.915000,-0.020111064,0.015583965,0.020111064,-0.015583965
4.920000,-0.020092763,0.015580516,0.020092763,-0.015580516
4.925000,-0.020076564,0.015577464,0.020076564,-0.015577464
4.930000,-0.020062349,0.015574786,0.020062349,-0.015574786
4.935000,-0.020049994,0.015572458,0.020049994,-0.015572458
4.940000,-0.020039376,0.015570457,0.020039376,-0.015570457
4.945000,-0.020030368,0.015568760,0.020030368,-0.015568760
4.950000,-0.020022842,0.015567342,0.020022842,-0.015567342
4.955000,-0.020016669,0.015566179,0.020016669,-0.015566179
4.960000,-0.020011718,0.015565246,0.020011718,-0.015565246
4.965000,-0.020007857,0.015564519,0.020007857,-0.015564519
4.970000,-0.020004951,0.015563972,0.020004951,-0.015563972
4.975000,-0.020002867,0.015563579,0.020002867,-0.015563579
4.980000,-0.020001469,0.015563315,0.020001469,-0.015563315
4.985000,-0.020000620,0.015563156,0.020000620,-0.015563156
4.990000,-0.020000184,0.015563073,0.020000184,-0.015563073
4.995000,-0.020000023,0.015563043,0.020000023,-0.015563043
5.000000,-0.020000000,0.015563039,0.020000000,-0.015563039
5.005000,-0.019999977,0.015563034,0.019999977,-0.015563034
5.010000,-0.019999816,0.015563004,0.019999816,-0.015563004
5.015000,-0.019999380,0.015562922,0.019999380,-0.015562922
5.020000,-0.019998531,0.015562762,0.019998531,-0.015562762
5.025000,-0.019997133,0.015562499,0.019997133,-0.015562499
5.030000,-0.019995049,0.015562106,0.019995049,-0.015562106
5.035000,-0.019992143,0.015561559,0.019992143,-0.015561559
5.040000,-0.019988282,0.015560831,0.019988282,-0.015560831
5.045000,-0.019983331,0.015559898,0.019983331,-0.015559898
5.050000,-0.019977158,0.015558735,0.019977158,-0.015558735
5.055000,-0.019969632,0.015557318,0.019969632,-0.015557318
5.060000,-0.019960624,0.015555620,0.019960624,-0.015555620
5.065000,-0.019950006,0.015553620,0.019950006,-0.015553620
5.070000,-0.019937651,0.015551293,0.019937651,-0.015551293
5.075000,-0.019923436,0.015548615,0.019923436,-0.015548615
5.080000,-0.019907237,0.015545563,0.019907237,-0.015545563
5.085000,-0.019888936,0.015542115,0.019888936,-0.015542115
5.090000,-0.019868414,0.015538250,0.019868414,-0.015538250
5.095000,-0.019845557,0.015533944,0.019845557,-0.015533944
5.100000,-0.019820251,0.015529177,0.019820251,-0.015529177
5.105000,-0.019792387,0.015523929,0.019792387,-0.015523929
5.110000,-0.019761857,0.015518178,0.019761857,-0.015518178
5.115000,-0.019728557,0.015511906,0.019728557,-0.015511906
5.120000,-0.019692387,0.015505094,0.019692387,-0.015505094
5.125000,-0.019653248,0.015497723,0.019653248,-0.015497723
5.130000,-0.019611046,0.015489775,0.019611046,-0.015489775
5.135000,-0.019565689,0.015481233,0.019565689,-0.015481233
5.140000,-0.019517089,0.015472081,0.019517089,-0.015472081
5.145000,-0.019465163,0.015462304,0.019465163,-0.015462304
5.150000,-0.019409830,0.015451885,0.019409830,-0.015451885
5.155000,-0.019351013,0.015440812,0.019351013,-0.015440812
5.160000,-0.019288640,0.015429069,0.019288640,-0.015429069
5.165000,-0.019222641,0.015416645,0.019222641,-0.015416645
5.170000,-0.019152953,0.015403527,0.019152953,-0.015403527
5.175000,-0.019079513,0.015389704,0.019079513,-0.015389704
5.180000,-0.019002267,0.015375165,0.019002267,-0.015375165
5.185000,-0.018921161,0.015359902,0.018921161,-0.015359902
5.190000,-0.018836149,0.015343905,0.018836149,-0.015343905
5.195000,-0.018747185,0.015327166,0.018747185,-0.015327166
5.200000,-0.018654233,0.015309678,0.018654233,-0.015309678
5.205000,-0.018557257,0.015291435,0.018557257,-0.015291435
5.210000,-0.018456226,0.015272431,0.018456226,-0.015272431
5.215000,-0.018351117,0.015252662,0.018351117,-0.015252662
5.220000,-0.018241909,0.015232124,0.018241909,-0.015232124
5.225000,-0.018128584,0.015210815,0.018128584,-0.015210815
5.230000,-0.018011133,0.015188733,0.018011133,-0.015188733
5.235000,-0.017889548,0.015165877,0.017889548,-0.015165877
5.240000,-0.017763829,0.015142246,0.017763829,-0.015142246
5.245000,-0.017633976,0.015117842,0.017633976,-0.015117842
5.250000,-0.017500000,0.015092666,0.017500000,-0.015092666
5.255000,-0.017361912,0.015066722,0.017361912,-0.015066722
5.260000,-0.017219729,0.015040012,0.017219729,-0.015040012
5.265000,-0.017073473,0.015012541,0.017073473,-0.015012541
5.270000,-0.016923172,0.014984315,0.016923172,-0.014984315
5.275000,-0.016768856,0.014955340,0.016768856,-0.014955340
5.280000,-0.016610563,0.014925623,0.016610563,-0.014925623
5.285000,-0.016448333,0.014895172,0.016448333,-0.014895172
5.290000,-0.016282212,0.014863996,0.016282212,-0.014863996
5.295000,-0.016112251,0.014832105,0.016112251,-0.014832105
5.300000,-0.015938504,0.014799510,0.015938504,-0.014799510
5.305000,-0.015761031,0.014766221,0.015761031,-0.014766221
5.310000,-0.015579896,0.014732253,0.015579896,-0.014732253
5.315000,-0.015395167,0.014697618,0.015395167,-0.014697618
5.320000,-0.015206919,0.014662329,0.015206919,-0.014662329
5.325000,-0.015015227,0.014626402,0.015015227,-0.014626402
5.330000,-0.014820174,0.014589853,0.014820174,-0.014589853
5.335000,-0.014621845,0.014552698,0.014621845,-0.014552698
5.340000,-0.014420331,0.014514954,0.014420331,-0.014514954
5.345000,-0.014215725,0.014476640,0.014215725,-0.014476640
5.350000,-0.014008126,0.014437773,0.014008126,-0.014437773
5.355000,-0.013797636,0.014398374,0.013797636,-0.014398374
5.360000,-0.013584360,0.014358462,0.013584360,-0.014358462
5.365000,-0.013368408,0.014318059,0.013368408,-0.014318059
5.370000,-0.013149893,0.014277186,0.013149893,-0.014277186
5.375000,-0.012928932,0.014235865,0.012928932,-0.014235865
5.380000,-0.012705645,0.014194119,0.012705645,-0.014194119
5.385000,-0.012480156,0.014151971,0.012480156,-0.014151971
5.390000,-0.012252591,0.014109445,0.012252591,-0.014109445
5.395000,-0.012023079,0.014066566,0.012023079,-0.014066566
5.400000,-0.011791754,0.014023359,0.011791754,-0.014023359
5.405000,-0.011558751,0.013979849,0.011558751,-0.013979849
5.410000,-0.011324208,0.013936063,0.011324208,-0.013936063
5.415000,-0.011088267,0.013892026,0.011088267,-0.013892026
5.420000,-0.010851070,0.013847767,0.010851070,-0.013847767
5.425000,-0.010612763,0.013803311,0.010612763,-0.013803311
5.430000,-0.010373495,0.013758687,0.010373495,-0.013758687
5.435000,-0.010133414,0.013713923,0.010133414,-0.013713923
5.440000,-0.009892674,0.013669048,0.009892674,-0.013669048
5.445000,-0.009651427,0.013624090,0.009651427,-0.013624090
5.450000,-0.009409830,0.013579078,0.009409830,-0.013579078
5.455000,-0.009168039,0.013534041,0.009168039,-0.013534041
5.460000,-0.008926211,0.013489009,0.008926211,-0.013489009
5.465000,-0.008684508,0.013444012,0.008684508,-0.013444012
5.470000,-0.008443088,0.013399079,0.008443088,-0.013399079
5.475000,-0.008202114,0.013354240,0.008202114,-0.013354240
5.480000,-0.007961747,0.013309526,0.007961747,-0.013309526
5.485000,-0.007722151,0.013264967,0.007722151,-0.013264967
5.490000,-0.007483489,0.013220592,0.007483489,-0.013220592
5.495000,-0.007245923,0.013176433,0.007245923,-0.013176433
5.500000,-0.007009619,0.013132518,0.007009619,-0.013132518
5.505000,-0.006774739,0.013088880,0.006774739,-0.013088880
5.510000,-0.006541447,0.013045547,0.006541447,-0.013045547
5.515000,-0.006309907,0.013002550,0.006309907,-0.013002550
5.520000,-0.006080280,0.012959919,0.006080280,-0.012959919
5.525000,-0.005852730,0.012917684,0.005852730,-0.012917684
5.530000,-0.005627417,0.012875874,0.005627417,-0.012875874
5.535000,-0.005404502,0.012834519,0.005404502,-0.012834519
5.540000,-0.005184145,0.012793647,0.005184145,-0.012793647
5.545000,-0.004966503,0.012753289,0.004966503,-0.012753289
5.550000,-0.004751733,0.012713472,0.004751733,-0.012713472
5.555000,-0.004539991,0.012674226,0.004539991,-0.012674226
5.560000,-0.004331430,0.012635578,0.004331430,-0.012635578
5.565000,-0.004126202,0.012597555,0.004126202,-0.012597555
5.570000,-0.003924456,0.012560186,0.003924456,-0.012560186
5.575000,-0.003726341,0.012523497,0.003726341,-0.012523497
5.580000,-0.003532002,0.012487515,0.003532002,-0.012487515
5.585000,-0.003341581,0.012452265,0.003341581,-0.012452265
5.590000,-0.003155220,0.012417774,0.003155220,-0.012417774
5.595000,-0.002973057,0.012384066,0.002973057,-0.012384066
5.600000,-0.002795226,0.012351166,0.002795226,-0.012351166
5.605000,-0.002621860,0.012319099,0.002621860,-0.012319099
5.610000,-0.002453088,0.012287886,0.002453088,-0.012287886
5.615000,-0.002289035,0.012257552,0.002289035,-0.012257552
5.620000,-0.002129826,0.012228118,0.002129826,-0.012228118
5.625000,-0.001975579,0.012199606,0.001975579,-0.012199606
5.630000,-0.001826409,0.012172037,0.001826409,-0.012172037
5.635000,-0.001682430,0.012145432,0.001682430,-0.012145432
5.640000,-0.001543750,0.012119809,0.001543750,-0.012119809
5.645000,-0.001410474,0.012095189,0.001410474,-0.012095189
5.650000,-0.001282701,0.012071588,0.001282701,-0.012071588
5.655000,-0.001160530,0.012049025,0.001160530,-0.012049025
5.660000,-0.001044052,0.012027517,0.001044052,-0.012027517
5.665000,-0.000933356,0.012007078,0.000933356,-0.012007078
5.670000,-0.000828526,0.011987725,0.000828526,-0.011987725
5.675000,-0.000729642,0.011969471,0.000729642,-0.011969471
5.680000,-0.000636780,0.011952331,0.000636780,-0.011952331
5.685000,-0.000550009,0.011936316,0.000550009,-0.011936316
5.690000,-0.000469397,0.011921440,0.000469397,-0.011921440
5.695000,-0.000395005,0.011907712,0.000395005,-0.011907712
5.700000,-0.000326889,0.011895143,0.000326889,-0.011895143
5.705000,-0.000265102,0.011883744,0.000265102,-0.011883744
5.710000,-0.000209691,0.011873521,0.000209691,-0.011873521
5.715000,-0.000160699,0.011864483,0.000160699,-0.011864483
5.720000,-0.000118163,0.011856636,0.000118163,-0.011856636
5.725000,-0.000082115,0.011849986,0.000082115,-0.011849986
5.730000,-0.000052584,0.011844539,0.000052584,-0.011844539
5.735000,-0.000029592,0.011840298,0.000029592,-0.011840298
5.740000,-0.000013156,0.011837266,0.000013156,-0.011837266
5.745000,-0.000003290,0.011835447,0.000003290,-0.011835447
5.750000,0.000000000,0.011834840,0.000000000,-0.011834840
5.755000,-0.000003290,0.011835447,0.000003290,-0.011835447
5.760000,-0.000013156,0.011837266,0.000013156,-0.011837266
5.765000,-0.000029592,0.011840298,0.000029592,-0.011840298
5.770000,-0.000052584,0.011844539,0.000052584,-0.011844539
5.775000,-0.000082115,0.011849986,0.000082115,-0.011849986
5.780000,-0.000118163,0.011856636,0.000118163,-0.011856636
5.785000,-0.000160699,0.011864483,0.000160699,-0.011864483
5.790000,-0.000209691,0.011873521,0.000209691,-0.011873521
5.795000,-0.000265102,0.011883744,0.000265102,-0.011883744
5.800000,-0.000326889,0.011895143,0.000326889,-0.011895143
5.805000,-0.000395005,0.011907712,0.000395005,-0.011907712
5.810000,-0.000469397,0.011921440,0.000469397,-0.011921440
5.815000,-0.000550009,0.011936316,0.000550009,-0.011936316
5.820000,-0.000636780,0.011952331,0.000636780,-0.011952331
5.825000,-0.000729642,0.011969471,0.000729642,-0.011969471
5.830000,-0.000828526,0.011987725,0.000828526,-0.011987725
5.835000,-0.000933356,0.012007078,0.000933356,-0.012007078
5.840000,-0.001044052,0.012027517,0.001044052,-0.012027517
5.845000,-0.001160530,0.012049025,0.001160530,-0.012049025
5.850000,-0.001282701,0.012071588,0.001282701,-0.012071588
5.855000,-0.001410474,0.012095189,0.001410474,-0.012095189
5.860000,-0.001543750,0.012119809,0.001543750,-0.012119809
5.865000,-0.001682430,0.012145432,0.001682430,-0.012145432
5.870000,-0.001826409,0.012172037,0.001826409,-0.012172037
5.875000,-0.001975579,0.012199606,0.001975579,-0.012199606
5.880000,-0.002129826,0.012228118,0.002129826,-0.012228118
5.885000,-0.002289035,0.012257552,0.002289035,-0.012257552
5.890000,-0.002453088,0.012287886,0.002453088,-0.012287886
5.895000,-0.002621860,0.012319099,0.002621860,-0.012319099
5.900000,-0.002795226,0.012351166,0.002795226,-0.012351166
5.905000,-0.002973057,0.012384066,0.002973057,-0.012384066
5.910000,-0.003155220,0.012417774,0.003155220,-0.012417774
5.915000,-0.003341581,0.012452265,0.003341581,-0.012452265
5.920000,-0.003532002,0.012487515,0.003532002,-0.012487515
5.925000,-0.003726341,0.012523497,0.003726341,-0.012523497
5.930000,-0.003924456,0.012560186,0.003924456,-0.012560186
5.935000,-0.004126202,0.012597555,0.004126202,-0.012597555
5.940000,-0.004331430,0.012635578,0.004331430,-0.012635578
5.945000,-0.004539991,0.012674226,0.004539991,-0.012674226
5.950000,-0.004751733,0.012713472,0.004751733,-0.012713472
5.955000,-0.004966503,0.012753289,0.004966503,-0.012753289
5.960000,-0.005184145,0.012793647,0.005184145,-0.012793647
5.965000,-0.005404502,0.012834519,0.005404502,-0.012834519
5.970000,-0.005627417,0.012875874,0.005627417,-0.012875874
5.975000,-0.005852730,0.012917684,0.005852730,-0.012917684
5.980000,-0.006080280,0.012959919,0.006080280,-0.012959919
5.985000,-0.006309907,0.013002550,0.006309907,-0.013002550
5.990000,-0.006541447,0.013045547,0.006541447,-0.013045547
5.995000,-0.006774739,0.013088880,0.006774739,-0.013088880
6.000000,-0.007009619,0.013132518,0.007009619,-0.013132518
6.005000,-0.007245923,0.013176433,0.007245923,-0.013176433
6.010000,-0.007483489,0.013220592,0.007483489,-0.013220592
6.015000,-0.007722151,0.013264967,0.007722151,-0.013264967
6.020000,-0.007961747,0.013309526,0.007961747,-0.013309526
6.025000,-0.008202114,0.013354240,0.008202114,-0.013354240
6.030000,-0.008443088,0.013399079,0.008443088,-0.013399079
6.035000,-0.008684508,0.013444012,0.008684508,-0.013444012
6.040000,-0.008926211,0.013489009,0.008926211,-0.013489009
6.045000,-0.009168039,0.013534041,0.009168039,-0.013534041
6.050000,-0.009409830,0.013579078,0.009409830,-0.013579078
6.055000,-0.009651427,0.013624090,0.009651427,-0.013624090
6.060000,-0.009892674,0.013669048,0.009892674,-0.013669048
6.065000,-0.010133414,0.013713923,0.010133414,-0.013713923
6.070000,-0.010373495,0.013758687,0.010373495,-0.013758687
6.075000,-0.010612763,0.013803311,0.010612763,-0.013803311
6.080000,-0.010851070,0.013847767,0.010851070,-0.013847767
6.085000,-0.011088267,0.013892026,0.011088267,-0.013892026
6.090000,-0.011324208,0.013936063,0.011324208,-0.013936063
6.095000,-0.011558751,0.013979849,0.011558751,-0.013979849
6.100000,-0.011791754,0.014023359,0.011791754,-0.014023359
6.105000,-0.012023079,0.014066566,0.012023079,-0.014066566
6.110000,-0.012252591,0.014109445,0.012252591,-0.014109445
6.115000,-0.012480156,0.014151971,0.012480156,-0.014151971
6.120000,-0.012705645,0.014194119,0.012705645,-0.014194119
6.125000,-0.012928932,0.014235865,0.012928932,-0.014235865
6.130000,-0.013149893,0.014277186,0.013149893,-0.014277186
6.135000,-0.013368408,0.014318059,0.013368408,-0.014318059
6.140000,-0.013584360,0.014358462,0.013584360,-0.014358462
6.145000,-0.013797636,0.014398374,0.013797636,-0.014398374
6.150000,-0.014008126,0.014437773,0.014008126,-0.014437773
6.155000,-0.014215725,0.014476640,0.014215725,-0.014476640
6.160000,-0.014420331,0.014514954,0.014420331,-0.014514954
6.165000,-0.014621845,0.014552698,0.014621845,-0.014552698
6.170000,-0.014820174,0.014589853,0.014820174,-0.014589853
6.175000,-0.015015227,0.014626402,0.015015227,-0.014626402
6.180000,-0.015206919,0.014662329,0.015206919,-0.014662329
6.185000,-0.015395167,0.014697618,0.015395167,-0.014697618
6.190000,-0.015579896,0.014732253,0.015579896,-0.014732253
6.195000,-0.015761031,0.014766221,0.015761031,-0.014766221
6.200000,-0.015938504,0.014799510,0.015938504,-0.014799510
6.205000,-0.016112251,0.014832105,0.016112251,-0.014832105
6.210000,-0.016282212,0.014863996,0.016282212,-0.014863996
6.215000,-0.016448333,0.014895172,0.016448333,-0.014895172
6.220000,-0.016610563,0.014925623,0.016610563,-0.014925623
6.225000,-0.016768856,0.014955340,0.016768856,-0.014955340
6.230000,-0.016923172,0.014984315,0.016923172,-0.014984315
6.235000,-0.017073473,0.015012541,0.017073473,-0.015012541
6.240000,-0.017219729,0.015040012,0.017219729,-0.015040012
6.245000,-0.017361912,0.015066722,0.017361912,-0.015066722
6.250000,-0.017500000,0.015092666,0.017500000,-0.015092666
6.255000,-0.017633976,0.015117842,0.017633976,-0.015117842
6.260000,-0.017763829,0.015142246,0.017763829,-0.015142246
6.265000,-0.017889548,0.015165877,0.017889548,-0.015165877
6.270000,-0.018011133,0.015188733,0.018011133,-0.015188733
6.275000,-0.018128584,0.015210815,0.018128584,-0.015210815
6.280000,-0.018241909,0.015232124,0.018241909,-0.015232124
6.285000,-0.018351117,0.015252662,0.018351117,-0.015252662
6.290000,-0.018456226,0.015272431,0.018456226,-0.015272431
6.295000,-0.018557257,0.015291435,0.018557257,-0.015291435
6.300000,-0.018654233,0.015309678,0.018654233,-0.015309678
6.305000,-0.018747185,0.015327166,0.018747185,-0.015327166
6.310000,-0.018836149,0.015343905,0.018836149,-0.015343905
6.315000,-0.018921161,0.015359902,0.018921161,-0.015359902
6.320000,-0.019002267,0.015375165,0.019002267,-0.015375165
6.325000,-0.019079513,0.015389704,0.019079513,-0.015389704
6.330000,-0.019152953,0.015403527,0.019152953,-0.015403527
6.335000,-0.019222641,0.015416645,0.019222641,-0.015416645
6.340000,-0.019288640,0.015429069,0.019288640,-0.015429069
6.345000,-0.019351013,0.015440812,0.019351013,-0.015440812
6.350000,-0.019409830,0.015451885,0.019409830,-0.015451885
6.355000,-0.019465163,0.015462304,0.019465163,-0.015462304
6.360000,-0.019517089,0.015472081,0.019517089,-0.015472081
6.365000,-0.019565689,0.015481233,0.019565689,-0.015481233
6.370000,-0.019611046,0.015489775,0.019611046,-0.015489775
6.375000,-0.019653248,0.015497723,0.019653248,-0.015497723
6.380000,-0.019692387,0.015505094,0.019692387,-0.015505094
6.385000,-0.019728557,0.015511906,0.019728557,-0.015511906
6.390000,-0.019761857,0.015518178,0.019761857,-0.015518178
6.395000,-0.019792387,0.015523929,0.019792387,-0.015523929
6.400000,-0.019820251,0.015529177,0.019820251,-0.015529177
6.405000,-0.019845557,0.015533944,0.019845557,-0.015533944
6.410000,-0.019868414,0.015538250,0.019868414,-0.015538250
6.415000,-0.019888936,0.015542115,0.019888936,-0.015542115
6.420000,-0.019907237,0.015545563,0.019907237,-0.015545563
6.425000,-0.019923436,0.015548615,0.019923436,-0.015548615
6.430000,-0.019937651,0.015551293,0.019937651,-0.015551293
6.435000,-0.019950006,0.015553620,0.019950006,-0.015553620
6.440000,-0.019960624,0.015555620,0.019960624,-0.015555620
6.445000,-0.019969632,0.015557318,0.019969632,-0.015557318
6.450000,-0.019977158,0.015558735,0.019977158,-0.015558735
6.455000,-0.019983331,0.015559898,0.019983331,-0.015559898
6.460000,-0.019988282,0.015560831,0.019988282,-0.015560831
6.465000,-0.019992143,0.015561559,0.019992143,-0.015561559
6.470000,-0.019995049,0.015562106,0.019995049,-0.015562106
6.475000,-0.019997133,0.015562499,0.019997133,-0.015562499
6.480000,-0.019998531,0.015562762,0.019998531,-0.015562762
6.485000,-0.019999380,0.015562922,0.019999380,-0.015562922
6.490000,-0.019999816,0.015563004,0.019999816,-0.015563004
6.495000,-0.019999977,0.015563034,0.019999977,-0.015563034
6.500000,-0.020000000,0.015563039,0.020000000,-0.015563039
6.505000,-0.020000023,0.015563043,0.020000023,-0.015563043
6.510000,-0.020000184,0.015563073,0.020000184,-0.015563073
6.515000,-0.020000620,0.015563156,0.020000620,-0.015563156
6.520000,-0.020001469,0.015563315,0.020001469,-0.015563315
6.525000,-0.020002867,0.015563579,0.020002867,-0.015563579
6.530000,-0.020004951,0.015563972,0.020004951,-0.015563972
6.535000,-0.020007857,0.015564519,0.020007857,-0.015564519
6.540000,-0.020011718,0.015565246,0.020011718,-0.015565246
6.545000,-0.020016669,0.015566179,0.020016669,-0.015566179
6.550000,-0.020022842,0.015567342,0.020022842,-0.015567342
6.555000,-0.020030368,0.015568760,0.020030368,-0.015568760
6.560000,-0.020039376,0.015570457,0.020039376,-0.015570457
6.565000,-0.020049994,0.015572458,0.020049994,-0.015572458
6.570000,-0.020062349,0.015574786,0.020062349,-0.015574786
6.575000,-0.020076564,0.015577464,0.020076564,-0.015577464
6.580000,-0.020092763,0.015580516,0.020092763,-0.015580516
6.585000,-0.020111064,0.015583965,0.020111064,-0.015583965
6.590000,-0.020131586,0.015587831,0.020131586,-0.015587831
6.595000,-0.020154443,0.015592138,0.020154443,-0.015592138
6.600000,-0.020179749,0.015596907,0.020179749,-0.015596907
6.605000,-0.020207613,0.015602158,0.020207613,-0.015602158
6.610000,-0.020238143,0.015607911,0.020238143,-0.015607911
6.615000,-0.020271443,0.015614186,0.020271443,-0.015614186
6.620000,-0.020307613,0.015621003,0.020307613,-0.015621003
6.625000,-0.020346752,0.015628379,0.020346752,-0.015628379
6.630000,-0.020388954,0.015636333,0.020388954,-0.015636333
6.635000,-0.020434311,0.015644882,0.020434311,-0.015644882
6.640000,-0.020482911,0.015654043,0.020482911,-0.015654043
6.645000,-0.020534837,0.015663831,0.020534837,-0.015663831
6.650000,-0.020590170,0.015674262,0.020590170,-0.015674262
6.655000,-0.020648987,0.015685351,0.020648987,-0.015685351
6.660000,-0.020711360,0.015697111,0.020711360,-0.015697111
6.665000,-0.020777359,0.015709555,0.020777359,-0.015709555
6.670000,-0.020847047,0.015722696,0.020847047,-0.015722696
6.675000,-0.020920487,0.015736545,0.020920487,-0.015736545
6.680000,-0.020997733,0.015751113,0.020997733,-0.015751113
6.685000,-0.021078839,0.015766410,0.021078839,-0.015766410
6.690000,-0.021163851,0.015782446,0.021163851,-0.015782446
6.695000,-0.021252815,0.015799229,0.021252815,-0.015799229
6.700000,-0.021345767,0.015816765,0.021345767,-0.015816765
6.705000,-0.021442743,0.015835063,0.021442743,-0.015835063
6.710000,-0.021543774,0.015854128,0.021543774,-0.015854128
6.715000,-0.021648883,0.015873964,0.021648883,-0.015873964
6.720000,-0.021758091,0.015894577,0.021758091,-0.015894577
6.725000,-0.021871416,0.015915969,0.021871416,-0.015915969
6.730000,-0.021988867,0.015938143,0.021988867,-0.015938143
6.735000,-0.022110452,0.015961100,0.022110452,-0.015961100
6.740000,-0.022236171,0.015984841,0.022236171,-0.015984841
6.745000,-0.022366024,0.016009365,0.022366024,-0.016009365
6.750000,-0.022500000,0.016034673,0.022500000,-0.016034673
6.755000,-0.022638088,0.016060760,0.022638088,-0.016060760
6.760000,-0.022780271,0.016087626,0.022780271,-0.016087626
6.765000,-0.022926527,0.016115265,0.022926527,-0.016115265
6.770000,-0.023076828,0.016143673,0.023076828,-0.016143673
6.775000,-0.023231144,0.016172845,0.023231144,-0.016172845
6.780000,-0.023389437,0.016202773,0.023389437,-0.016202773
6.785000,-0.023551667,0.016233452,0.023551667,-0.016233452
6.790000,-0.023717788,0.016264871,0.023717788,-0.016264871
6.795000,-0.023887749,0.016297023,0.023887749,-0.016297023
6.800000,-0.024061496,0.016329897,0.024061496,-0.016329897
6.805000,-0.024238969,0.016363482,0.024238969,-0.016363482
6.810000,-0.024420104,0.016397767,0.024420104,-0.016397767
6.815000,-0.024604833,0.016432739,0.024604833,-0.016432739
6.820000,-0.024793081,0.016468385,0.024793081,-0.016468385
6.825000,-0.024984773,0.016504690,0.024984773,-0.016504690
6.830000,-0.025179826,0.016541639,0.025179826,-0.016541639
6.835000,-0.025378155,0.016579217,0.025378155,-0.016579217
6.840000,-0.025579669,0.016617407,0.025579669,-0.016617407
6.845000,-0.025784275,0.016656190,0.025784275,-0.016656190
6.850000,-0.025991874,0.016695550,0.025991874,-0.016695550
6.855000,-0.026202364,0.016735468,0.026202364,-0.016735468
6.860000,-0.026415640,0.016775922,0.026415640,-0.016775922
6.865000,-0.026631592,0.016816894,0.026631592,-0.016816894
6.870000,-0.026850107,0.016858362,0.026850107,-0.016858362
6.875000,-0.027071068,0.016900304,0.027071068,-0.016900304
6.880000,-0.027294355,0.016942697,0.027294355,-0.016942697
6.885000,-0.027519844,0.016985519,0.027519844,-0.016985519
6.890000,-0.027747409,0.017028746,0.027747409,-0.017028746
6.895000,-0.027976921,0.017072353,0.027976921,-0.017072353
6.900000,-0.028208246,0.017116316,0.028208246,-0.017116316
6.905000,-0.028441249,0.017160609,0.028441249,-0.017160609
6.910000,-0.028675792,0.017205206,0.028675792,-0.017205206
6.915000,-0.028911733,0.017250080,0.028911733,-0.017250080
6.920000,-0.029148930,0.017295204,0.029148930,-0.017295204
6.925000,-0.029387237,0.017340551,0.029387237,-0.017340551
6.930000,-0.029626505,0.017386093,0.029626505,-0.017386093
6.935000,-0.029866586,0.017431802,0.029866586,-0.017431802
6.940000,-0.030107326,0.017477648,0.030107326,-0.017477648
6.945000,-0.030348573,0.017523602,0.030348573,-0.017523602
6.950000,-0.030590170,0.017569635,0.030590170,-0.017569635
6.955000,-0.030831961,0.017615717,0.030831961,-0.017615717
6.960000,-0.031073789,0.017661818,0.031073789,-0.017661818
6.965000,-0.031315492,0.017707908,0.031315492,-0.017707908
6.970000,-0.031556912,0.017753955,0.031556912,-0.017753955
6.975000,-0.031797886,0.017799930,0.031797886,-0.017799930
6.980000,-0.032038253,0.017845801,0.032038253,-0.017845801
6.985000,-0.032277849,0.017891536,0.032277849,-0.017891536
6.990000,-0.032516511,0.017937105,0.032516511,-0.017937105
6.995000,-0.032754077,0.017982476,0.032754077,-0.017982476
7.000000,-0.032990381,0.018027618,0.032990381,-0.018027618
7.005000,-0.033225261,0.018072500,0.033225261,-0.018072500
7.010000,-0.033458553,0.018117089,0.033458553,-0.018117089
7.015000,-0.033690093,0.018161355,0.033690093,-0.018161355
7.020000,-0.033919720,0.018205265,0.033919720,-0.018205265
7.025000,-0.034147270,0.018248790,0.034147270,-0.018248790
7.030000,-0.034372583,0.018291897,0.034372583,-0.018291897
7.035000,-0.034595498,0.018334556,0.034595498,-0.018334556
7.040000,-0.034815855,0.018376735,0.034815855,-0.018376735
7.045000,-0.035033497,0.018418405,0.035033497,-0.018418405
7.050000,-0.035248267,0.018459534,0.035248267,-0.018459534
7.055000,-0.035460009,0.018500093,0.035460009,-0.018500093
7.060000,-0.035668570,0.018540052,0.035668570,-0.018540052
7.065000,-0.035873798,0.018579381,0.035873798,-0.018579381
7.070000,-0.036075544,0.018618052,0.036075544,-0.018618052
7.075000,-0.036273659,0.018656034,0.036273659,-0.018656034
7.080000,-0.036467998,0.018693301,0.036467998,-0.018693301
7.085000,-0.036658419,0.018729824,0.036658419,-0.018729824
7.090000,-0.036844780,0.018765576,0.036844780,-0.018765576
7.095000,-0.037026943,0.018800529,0.037026943,-0.018800529
7.100000,-0.037204774,0.018834658,0.037204774,-0.018834658
7.105000,-0.037378140,0.018867936,0.037378140,-0.018867936
7.110000,-0.037546912,0.018900338,0.037546912,-0.018900338
7.115000,-0.037710965,0.018931840,0.037710965,-0.018931840
7.120000,-0.037870174,0.018962418,0.037870174,-0.018962418
7.125000,-0.038024421,0.018992047,0.038024421,-0.018992047
7.130000,-0.038173591,0.019020706,0.038173591,-0.019020706
7.135000,-0.038317570,0.019048372,0.038317570,-0.019048372
7.140000,-0.038456250,0.019075024,0.038456250,-0.019075024
7.145000,-0.038589526,0.019100641,0.038589526,-0.019100641
7.150000,-0.038717299,0.019125204,0.038717299,-0.019125204
7.155000,-0.038839470,0.019148694,0.038839470,-0.019148694
7.160000,-0.038955948,0.019171091,0.038955948,-0.019171091
7.165000,-0.039066644,0.019192379,0.039066644,-0.019192379
7.170000,-0.039171474,0.019212542,0.039171474,-0.019212542
7.175000,-0.039270358,0.019231563,0.039270358,-0.019231563
7.180000,-0.039363220,0.019249428,0.039363220,-0.019249428
7.185000,-0.039449991,0.019266122,0.039449991,-0.019266122
7.190000,-0.039530603,0.019281633,0.039530603,-0.019281633
7.195000,-0.039604995,0.019295949,0.039604995,-0.019295949
7.200000,-0.039673111,0.019309057,0.039673111,-0.019309057
7.205000,-0.039734898,0.019320949,0.039734898,-0.019320949
7.210000,-0.039790309,0.019331614,0.039790309,-0.019331614
7.215000,-0.039839301,0.019341044,0.039839301,-0.019341044
7.220000,-0.039881837,0.019349232,0.039881837,-0.019349232
7.225000,-0.039917885,0.019356171,0.039917885,-0.019356171
7.230000,-0.039947416,0.019361856,0.039947416,-0.019361856
7.235000,-0.039970408,0.019366282,0.039970408,-0.019366282
7.240000,-0.039986844,0.019369446,0.039986844,-0.019369446
7.245000,-0.039996710,0.019371346,0.039996710,-0.019371346
7.250000,-0.040000000,0.019371979,0.040000000,-0.019371979
7.255000,-0.039996710,0.019371346,0.039996710,-0.019371346
7.260000,-0.039986844,0.019369446,0.039986844,-0.019369446
7.265000,-0.039970408,0.019366282,0.039970408,-0.019366282
7.270000,-0.039947416,0.019361856,0.039947416,-0.019361856
7.275000,-0.039917885,0.019356171,0.039917885,-0.019356171
7.280000,-0.039881837,0.019349232,0.039881837,-0.019349232
7.285000,-0.039839301,0.019341044,0.039839301,-0.019341044
7.290000,-0.039790309,0.019331614,0.039790309,-0.019331614
7.295000,-0.039734898,0.019320949,0.039734898,-0.019320949
7.300000,-0.039673111,0.019309057,0.039673111,-0.019309057
7.305000,-0.039604995,0.019295949,0.039604995,-0.019295949
7.310000,-0.039530603,0.019281633,0.039530603,-0.019281633
7.315000,-0.039449991,0.019266122,0.039449991,-0.019266122
7.320000,-0.039363220,0.019249428,0.039363220,-0.019249428
7.325000,-0.039270358,0.019231563,0.039270358,-0.019231563
7.330000,-0.039171474,0.019212542,0.039171474,-0.019212542
7.335000,-0.039066644,0.019192379,0.039066644,-0.019192379
7.340000,-0.038955948,0.019171091,0.038955948,-0.019171091
7.345000,-0.038839470,0.019148694,0.038839470,-0.019148694
7.350000,-0.038717299,0.019125204,0.038717299,-0.019125204
7.355000,-0.038589526,0.019100641,0.038589526,-0.019100641
7.360000,-0.038456250,0.019075024,0.038456250,-0.019075024
7.365000,-0.038317570,0.019048372,0.038317570,-0.019048372
7.370000,-0.038173591,0.019020706,0.038173591,-0.019020706
7.375000,-0.038024421,0.018992047,0.038024421,-0.018992047
7.380000,-0.037870174,0.018962418,0.037870174,-0.018962418
7.385000,-0.037710965,0.018931840,0.037710965,-0.018931840
7.390000,-0.037546912,0.018900338,0.037546912,-0.018900338
7.395000,-0.037378140,0.018867936,0.037378140,-0.018867936
7.400000,-0.037204774,0.018834658,0.037204774,-0.018834658
7.405000,-0.037026943,0.018800529,0.037026943,-0.018800529
7.410000,-0.036844780,0.018765576,0.036844780,-0.018765576
7.415000,-0.036658419,0.018729824,0.036658419,-0.018729824
7.420000,-0.036467998,0.018693301,0.036467998,-0.018693301
7.425000,-0.036273659,0.018656034,0.036273659,-0.018656034
7.430000,-0.036075544,0.018618052,0.036075544,-0.018618052
7.435000,-0.035873798,0.018579381,0.035873798,-0.018579381
7.440000,-0.035668570,0.018540052,0.035668570,-0.018540052
7.445000,-0.035460009,0.018500093,0.035460009,-0.018500093
7.450000,-0.035248267,0.018459534,0.035248267,-0.018459534
7.455000,-0.035033497,0.018418405,0.035033497,-0.018418405
7.460000,-0.034815855,0.018376735,0.034815855,-0.018376735
7.465000,-0.034595498,0.018334556,0.034595498,-0.018334556
7.470000,-0.034372583,0.018291897,0.034372583,-0.018291897
7.475000,-0.034147270,0.018248790,0.034147270,-0.018248790
7.480000,-0.033919720,0.018205265,0.033919720,-0.018205265
7.485000,-0.033690093,0.018161355,0.033690093,-0.018161355
7.490000,-0.033458553,0.018117089,0.033458553,-0.018117089
7.495000,-0.033225261,0.018072500,0.033225261,-0.018072500
7.500000,-0.032990381,0.018027618,0.032990381,-0.018027618
7.505000,-0.032754077,0.017982476,0.032754077,-0.017982476
7.510000,-0.032516511,0.017937105,0.032516511,-0.017937105
7.515000,-0.032277849,0.017891536,0.032277849,-0.017891536
7.520000,-0.032038253,0.017845801,0.032038253,-0.017845801
7.525000,-0.031797886,0.017799930,0.031797886,-0.017799930
7.530000,-0.031556912,0.017753955,0.031556912,-0.017753955
7.535000,-0.031315492,0.017707908,0.031315492,-0.017707908
7.540000,-0.031073789,0.017661818,0.031073789,-0.017661818
7.545000,-0.030831961,0.017615717,0.030831961,-0.017615717
7.550000,-0.030590170,0.017569635,0.030590170,-0.017569635
7.555000,-0.030348573,0.017523602,0.030348573,-0.017523602
7.560000,-0.030107326,0.017477648,0.030107326,-0.017477648
7.565000,-0.029866586,0.017431802,0.029866586,-0.017431802
7.570000,-0.029626505,0.017386093,0.029626505,-0.017386093
7.575000,-0.029387237,0.017340551,0.029387237,-0.017340551
7.580000,-0.029148930,0.017295204,0.029148930,-0.017295204
7.585000,-0.028911733,0.017250080,0.028911733,-0.017250080
7.590000,-0.028675792,0.017205206,0.028675792,-0.017205206
7.595000,-0.028441249,0.017160609,0.028441249,-0.017160609
7.600000,-0.028208246,0.017116316,0.028208246,-0.017116316
7.605000,-0.027976921,0.017072353,0.027976921,-0.017072353
7.610000,-0.027747409,0.017028746,0.027747409,-0.017028746
7.615000,-0.027519844,0.016985519,0.027519844,-0.016985519
7.620000,-0.027294355,0.016942697,0.027294355,-0.016942697
7.625000,-0.027071068,0.016900304,0.027071068,-0.016900304
7.630000,-0.026850107,0.016858362,0.026850107,-0.016858362
7.635000,-0.026631592,0.016816894,0.026631592,-0.016816894
7.640000,-0.026415640,0.016775922,0.026415640,-0.016775922
7.645000,-0.026202364,0.016735468,0.026202364,-0.016735468
7.650000,-0.025991874,0.016695550,0.025991874,-0.016695550
7.655000,-0.025784275,0.016656190,0.025784275,-0.016656190
7.660000,-0.025579669,0.016617407,0.025579669,-0.016617407
7.665000,-0.025378155,0.016579217,0.025378155,-0.016579217
7.670000,-0.025179826,0.016541639,0.025179826,-0.016541639
7.675000,-0.024984773,0.016504690,0.024984773,-0.016504690
7.680000,-0.024793081,0.016468385,0.024793081,-0.016468385
7.685000,-0.024604833,0.016432739,0.024604833,-0.016432739
7.690000,-0.024420104,0.016397767,0.024420104,-0.016397767
7.695000,-0.024238969,0.016363482,0.024238969,-0.016363482
7.700000,-0.024061496,0.016329897,0.024061496,-0.016329897
7.705000,-0.023887749,0.016297023,0.023887749,-0.016297023
7.710000,-0.023717788,0.016264871,0.023717788,-0.016264871
7.715000,-0.023551667,0.016233452,0.023551667,-0.016233452
7.720000,-0.023389437,0.016202773,0.023389437,-0.016202773
7.725000,-0.023231144,0.016172845,0.023231144,-0.016172845
7.730000,-0.023076828,0.016143673,0.023076828,-0.016143673
7.735000,-0.022926527,0.016115265,0.022926527,-0.016115265
7.740000,-0.022780271,0.016087626,0.022780271,-0.016087626
7.745000,-0.022638088,0.016060760,0.022638088,-0.016060760
7.750000,-0.022500000,0.016034673,0.022500000,-0.016034673
7.755000,-0.022366024,0.016009365,0.022366024,-0.016009365
7.760000,-0.022236171,0.015984841,0.022236171,-0.015984841
7.765000,-0.022110452,0.015961100,0.022110452,-0.015961100
7.770000,-0.021988867,0.015938143,0.021988867,-0.015938143
7.775000,-0.021871416,0.015915969,0.021871416,-0.015915969
7.780000,-0.021758091,0.015894577,0.021758091,-0.015894577
7.785000,-0.021648883,0.015873964,0.021648883,-0.015873964
7.790000,-0.021543774,0.015854128,0.021543774,-0.015854128
7.795000,-0.021442743,0.015835063,0.021442743,-0.015835063
7.800000,-0.021345767,0.015816765,0.021345767,-0.015816765
7.805000,-0.021252815,0.015799229,0.021252815,-0.015799229
7.810000,-0.021163851,0.015782446,0.021163851,-0.015782446
7.815000,-0.021078839,0.015766410,0.021078839,-0.015766410
7.820000,-0.020997733,0.015751113,0.020997733,-0.015751113
7.825000,-0.020920487,0.015736545,0.020920487,-0.015736545
7.830000,-0.020847047,0.015722696,0.020847047,-0.015722696
7.835000,-0.020777359,0.015709555,0.020777359,-0.015709555
7.840000,-0.020711360,0.015697111,0.020711360,-0.015697111
7.845000,-0.020648987,0.015685351,0.020648987,-0.015685351
7.850000,-0.020590170,0.015674262,0.020590170,-0.015674262
7.855000,-0.020534837,0.015663831,0.020534837,-0.015663831
7.860000,-0.020482911,0.015654043,0.020482911,-0.015654043
7.865000,-0.020434311,0.015644882,0.020434311,-0.015644882
7.870000,-0.020388954,0.015636333,0.020388954,-0.015636333
7.875000,-0.020346752,0.015628379,0.020346752,-0.015628379
7.880000,-0.020307613,0.015621003,0.020307613,-0.015621003
7.885000,-0.020271443,0.015614186,0.020271443,-0.015614186
7.890000,-0.020238143,0.015607911,0.020238143,-0.015607911
7.895000,-0.020207613,0.015602158,0.020207613,-0.015602158
7.900000,-0.020179749,0.015596907,0.020179749,-0.015596907
7.905000,-0.020154443,0.015592138,0.020154443,-0.015592138
7.910000,-0.020131586,0.015587831,0.020131586,-0.015587831
7.915000,-0.020111064,0.015583965,0.020111064,-0.015583965
7.920000,-0.020092763,0.015580516,0.020092763,-0.015580516
7.925000,-0.020076564,0.015577464,0.020076564,-0.015577464
7.930000,-0.020062349,0.015574786,0.020062349,-0.015574786
7.935000,-0.020049994,0.015572458,0.020049994,-0.015572458
7.940000,-0.020039376,0.015570457,0.020039376,-0.015570457
7.945000,-0.020030368,0.015568760,0.020030368,-0.015568760
7.950000,-0.020022842,0.015567342,0.020022842,-0.015567342
7.955000,-0.020016669,0.015566179,0.020016669,-0.015566179
7.960000,-0.020011718,0.015565246,0.020011718,-0.015565246
7.965000,-0.020007857,0.015564519,0.020007857,-0.015564519
7.970000,-0.020004951,0.015563972,0.020004951,-0.015563972
7.975000,-0.020002867,0.015563579,0.020002867,-0.015563579
7.980000,-0.020001469,0.015563315,0.020001469,-0.015563315
7.985000,-0.020000620,0.015563156,0.020000620,-0.015563156
7.990000,-0.020000184,0.015563073,0.020000184,-0.015563073
7.995000,-0.020000023,0.015563043,0.020000023,-0.015563043
8.000000,-0.020000000,0.015563039,0.020000000,-0.015563039
8.005000,-0.020000000,0.015563039,0.020000000,-0.015563039
8.010000,-0.020000000,0.015563039,0.020000000,-0.015563039
8.015000,-0.020000000,0.015563039,0.020000000,-0.015563039
8.020000,-0.020000000,0.015563039,0.020000000,-0.015563039
8.025000,-0.020000000,0.015563039,0.020000000,-0.015563039
8.030000,-0.020000000,0.015563039,0.020000000,-0.015563039
8.035000,-0.020000000,0.015563039,0.020000000,-0.015563039
8.040000,-0.020000000,0.015563039,0.020000000,-0.015563039
8.045000,-0.020000000,0.015563039,0.020000000,-0.015563039
8.050000,-0.020000000,0.015563039,0.020000000,-0.015563039
8.055000,-0.020000000,0.015563039,0.020000000,-0.015563039
8.060000,-0.020000000,0.015563039,0.020000000,-0.015563039
8.065000,-0.020000000,0.015563039,0.020000000,-0.015563039
8.070000,-0.020000000,0.015563039,0.020000000,-0.015563039
8.075000,-0.020000000,0.015563039,0.020000000,-0.015563039
8.080000,-0.020000000,0.015563039,0.020000000,-0.015563039
8.085000,-0.020000000,0.015563039,0.020000000,-0.015563039
8.090000,-0.020000000,0.015563039,0.020000000,-0.015563039
8.095000,-0.020000000,0.015563039,0.020000000,-0.015563039
8.100000,-0.020000000,0.015563039,0.020000000,-0.015563039
8.105000,-0.020000000,0.015563039,0.020000000,-0.015563039
8.110000,-0.020000000,0.015563039,0.020000000,-0.015563039
8.115000,-0.020000000,0.015563039,0.020000000,-0.015563039
8.120000,-0.020000000,0.015563039,0.020000000,-0.015563039
8.125000,-0.020000000,0.015563039,0.020000000,-0.015563039
8.130000,-0.020000000,0.015563039,0.020000000,-0.015563039
8.135000,-0.020000000,0.015563039,0.020000000,-0.015563039
8.140000,-0.020000000,0.015563039,0.020000000,-0.015563039
8.145000,-0.020000000,0.015563039,0.020000000,-0.015563039
8.150000,-0.020000000,0.015563039,0.020000000,-0.015563039
8.155000,-0.020000000,0.015563039,0.020000000,-0.015563039
8.160000,-0.020000000,0.015563039,0.020000000,-0.015563039
8.165000,-0.020000000,0.015563039,0.020000000,-0.015563039
8.170000,-0.020000000,0.015563039,0.020000000,-0.015563039
8.175000,-0.020000000,0.015563039,0.020000000,-0.015563039
8.180000,-0.020000000,0.015563039,0.020000000,-0.015563039
8.185000,-0.020000000,0.015563039,0.020000000,-0.015563039
8.190000,-0.020000000,0.015563039,0.020000000,-0.015563039
8.195000,-0.020000000,0.015563039,0.020000000,-0.015563039
8.200000,-0.020000000,0.015563039,0.020000000,-0.015563039
8.205000,-0.020000000,0.015563039,0.020000000,-0.015563039
8.210000,-0.020000000,0.015563039,0.020000000,-0.015563039
8.215000,-0.020000000,0.015563039,0.020000000,-0.015563039
8.220000,-0.020000000,0.015563039,0.020000000,-0.015563039
8.225000,-0.020000000,0.015563039,0.020000000,-0.015563039
8.230000,-0.020000000,0.015563039,0.020000000,-0.015563039
8.235000,-0.020000000,0.015563039,0.020000000,-0.015563039
8.240000,-0.020000000,0.015563039,0.020000000,-0.015563039
8.245000,-0.020000000,0.015563039,0.020000000,-0.015563039
8.250000,-0.020000000,0.015563039,0.020000000,-0.015563039
8.255000,-0.020000000,0.015563039,0.020000000,-0.015563039
8.260000,-0.020000000,0.015563039,0.020000000,-0.015563039
8.265000,-0.020000000,0.015563039,0.020000000,-0.015563039
8.270000,-0.020000000,0.015563039,0.020000000,-0.015563039
8.275000,-0.020000000,0.015563039,0.020000000,-0.015563039
8.280000,-0.020000000,0.015563039,0.020000000,-0.015563039
8.285000,-0.020000000,0.015563039,0.020000000,-0.015563039
8.290000,-0.020000000,0.015563039,0.020000000,-0.015563039
8.295000,-0.020000000,0.015563039,0.020000000,-0.015563039
8.300000,-0.020000000,0.015563039,0.020000000,-0.015563039
8.305000,-0.020000000,0.015563039,0.020000000,-0.015563039
8.310000,-0.020000000,0.015563039,0.020000000,-0.015563039
8.315000,-0.020000000,0.015563039,0.020000000,-0.015563039
8.320000,-0.020000000,0.015563039,0.020000000,-0.015563039
8.325000,-0.020000000,0.015563039,0.020000000,-0.015563039
8.330000,-0.020000000,0.015563039,0.020000000,-0.015563039
8.335000,-0.020000000,0.015563039,0.020000000,-0.015563039
8.340000,-0.020000000,0.015563039,0.020000000,-0.015563039
8.345000,-0.020000000,0.015563039,0.020000000,-0.015563039
8.350000,-0.020000000,0.015563039,0.020000000,-0.015563039
8.355000,-0.020000000,0.015563039,0.020000000,-0.015563039
8.360000,-0.020000000,0.015563039,0.020000000,-0.015563039
8.365000,-0.020000000,0.015563039,0.020000000,-0.015563039
8.370000,-0.020000000,0.015563039,0.020000000,-0.015563039
8.375000,-0.020000000,0.015563039,0.020000000,-0.015563039
8.380000,-0.020000000,0.015563039,0.020000000,-0.015563039
8.385000,-0.020000000,0.015563039,0.020000000,-0.015563039
8.390000,-0.020000000,0.015563039,0.020000000,-0.015563039
8.395000,-0.020000000,0.015563039,0.020000000,-0.015563039
8.400000,-0.020000000,0.015563039,0.020000000,-0.015563039
8.405000,-0.020000000,0.015563039,0.020000000,-0.015563039
8.410000,-0.020000000,0.015563039,0.020000000,-0.015563039
8.415000,-0.020000000,0.015563039,0.020000000,-0.015563039
8.420000,-0.020000000,0.015563039,0.020000000,-0.015563039
8.425000,-0.020000000,0.015563039,0.020000000,-0.015563039
8.430000,-0.020000000,0.015563039,0.020000000,-0.015563039
8.435000,-0.020000000,0.015563039,0.020000000,-0.015563039
8.440000,-0.020000000,0.015563039,0.020000000,-0.015563039
8.445000,-0.020000000,0.015563039,0.020000000,-0.015563039
8.450000,-0.020000000,0.015563039,0.020000000,-0.015563039
8.455000,-0.020000000,0.015563039,0.020000000,-0.015563039
8.460000,-0.020000000,0.015563039,0.020000000,-0.015563039
8.465000,-0.020000000,0.015563039,0.020000000,-0.015563039
8.470000,-0.020000000,0.015563039,0.020000000,-0.015563039
8.475000,-0.020000000,0.015563039,0.020000000,-0.015563039
8.480000,-0.020000000,0.015563039,0.020000000,-0.015563039
8.485000,-0.020000000,0.015563039,0.020000000,-0.015563039
8.490000,-0.020000000,0.015563039,0.020000000,-0.015563039
8.495000,-0.020000000,0.015563039,0.020000000,-0.015563039
8.500000,-0.020000000,0.015563039,0.020000000,-0.015563039
8.505000,-0.020000000,0.015563039,0.020000000,-0.015563039
8.510000,-0.020000000,0.015563039,0.020000000,-0.015563039
8.515000,-0.020000000,0.015563039,0.020000000,-0.015563039
8.520000,-0.020000000,0.015563039,0.020000000,-0.015563039
8.525000,-0.020000000,0.015563039,0.020000000,-0.015563039
8.530000,-0.020000000,0.015563039,0.020000000,-0.015563039
8.535000,-0.020000000,0.015563039,0.020000000,-0.015563039
8.540000,-0.020000000,0.015563039,0.020000000,-0.015563039
8.545000,-0.020000000,0.015563039,0.020000000,-0.015563039
8.550000,-0.020000000,0.015563039,0.020000000,-0.015563039
8.555000,-0.020000000,0.015563039,0.020000000,-0.015563039
8.560000,-0.020000000,0.015563039,0.020000000,-0.015563039
8.565000,-0.020000000,0.015563039,0.020000000,-0.015563039
8.570000,-0.020000000,0.015563039,0.020000000,-0.015563039
8.575000,-0.020000000,0.015563039,0.020000000,-0.015563039
8.580000,-0.020000000,0.015563039,0.020000000,-0.015563039
8.585000,-0.020000000,0.015563039,0.020000000,-0.015563039
8.590000,-0.020000000,0.015563039,0.020000000,-0.015563039
8.595000,-0.020000000,0.015563039,0.020000000,-0.015563039
8.600000,-0.020000000,0.015563039,0.020000000,-0.015563039
8.605000,-0.020000000,0.015563039,0.020000000,-0.015563039
8.610000,-0.020000000,0.015563039,0.020000000,-0.015563039
8.615000,-0.020000000,0.015563039,0.020000000,-0.015563039
8.620000,-0.020000000,0.015563039,0.020000000,-0.015563039
8.625000,-0.020000000,0.015563039,0.020000000,-0.015563039
8.630000,-0.020000000,0.015563039,0.020000000,-0.015563039
8.635000,-0.020000000,0.015563039,0.020000000,-0.015563039
8.640000,-0.020000000,0.015563039,0.020000000,-0.015563039
8.645000,-0.020000000,0.015563039,0.020000000,-0.015563039
8.650000,-0.020000000,0.015563039,0.020000000,-0.015563039
8.655000,-0.020000000,0.015563039,0.020000000,-0.015563039
8.660000,-0.020000000,0.015563039,0.020000000,-0.015563039
8.665000,-0.020000000,0.015563039,0.020000000,-0.015563039
8.670000,-0.020000000,0.015563039,0.020000000,-0.015563039
8.675000,-0.020000000,0.015563039,0.020000000,-0.015563039
8.680000,-0.020000000,0.015563039,0.020000000,-0.015563039
8.685000,-0.020000000,0.015563039,0.020000000,-0.015563039
8.690000,-0.020000000,0.015563039,0.020000000,-0.015563039
8.695000,-0.020000000,0.015563039,0.020000000,-0.015563039
8.700000,-0.020000000,0.015563039,0.020000000,-0.015563039
8.705000,-0.020000000,0.015563039,0.020000000,-0.015563039
8.710000,-0.020000000,0.015563039,0.020000000,-0.015563039
8.715000,-0.020000000,0.015563039,0.020000000,-0.015563039
8.720000,-0.020000000,0.015563039,0.020000000,-0.015563039
8.725000,-0.020000000,0.015563039,0.020000000,-0.015563039
8.730000,-0.020000000,0.015563039,0.020000000,-0.015563039
8.735000,-0.020000000,0.015563039,0.020000000,-0.015563039
8.740000,-0.020000000,0.015563039,0.020000000,-0.015563039
8.745000,-0.020000000,0.015563039,0.020000000,-0.015563039
8.750000,-0.020000000,0.015563039,0.020000000,-0.015563039
8.755000,-0.020000000,0.015563039,0.020000000,-0.015563039
8.760000,-0.020000000,0.015563039,0.020000000,-0.015563039
8.765000,-0.020000000,0.015563039,0.020000000,-0.015563039
8.770000,-0.020000000,0.015563039,0.020000000,-0.015563039
8.775000,-0.020000000,0.015563039,0.020000000,-0.015563039
8.780000,-0.020000000,0.015563039,0.020000000,-0.015563039
8.785000,-0.020000000,0.015563039,0.020000000,-0.015563039
8.790000,-0.020000000,0.015563039,0.020000000,-0.015563039
8.795000,-0.020000000,0.015563039,0.020000000,-0.015563039
8.800000,-0.020000000,0.015563039,0.020000000,-0.015563039
8.805000,-0.020000000,0.015563039,0.020000000,-0.015563039
8.810000,-0.020000000,0.015563039,0.020000000,-0.015563039
8.815000,-0.020000000,0.015563039,0.020000000,-0.015563039
8.820000,-0.020000000,0.015563039,0.020000000,-0.015563039
8.825000,-0.020000000,0.015563039,0.020000000,-0.015563039
8.830000,-0.020000000,0.015563039,0.020000000,-0.015563039
8.835000,-0.020000000,0.015563039,0.020000000,-0.015563039
8.840000,-0.020000000,0.015563039,0.020000000,-0.015563039
8.845000,-0.020000000,0.015563039,0.020000000,-0.015563039
8.850000,-0.020000000,0.015563039,0.020000000,-0.015563039
8.855000,-0.020000000,0.015563039,0.020000000,-0.015563039
8.860000,-0.020000000,0.015563039,0.020000000,-0.015563039
8.865000,-0.020000000,0.015563039,0.020000000,-0.015563039
8.870000,-0.020000000,0.015563039,0.020000000,-0.015563039
8.875000,-0.020000000,0.015563039,0.020000000,-0.015563039
8.880000,-0.020000000,0.015563039,0.020000000,-0.015563039
8.885000,-0.020000000,0.015563039,0.020000000,-0.015563039
8.890000,-0.020000000,0.015563039,0.020000000,-0.015563039
8.895000,-0.020000000,0.015563039,0.020000000,-0.015563039
8.900000,-0.020000000,0.015563039,0.020000000,-0.015563039
8.905000,-0.020000000,0.015563039,0.020000000,-0.015563039
8.910000,-0.020000000,0.015563039,0.020000000,-0.015563039
8.915000,-0.020000000,0.015563039,0.020000000,-0.015563039
8.920000,-0.020000000,0.015563039,0.020000000,-0.015563039
8.925000,-0.020000000,0.015563039,0.020000000,-0.015563039
8.930000,-0.020000000,0.015563039,0.020000000,-0.015563039
8.935000,-0.020000000,0.015563039,0.020000000,-0.015563039
8.940000,-0.020000000,0.015563039,0.020000000,-0.015563039
8.945000,-0.020000000,0.015563039,0.020000000,-0.015563039
8.950000,-0.020000000,0.015563039,0.020000000,-0.015563039
8.955000,-0.020000000,0.015563039,0.020000000,-0.015563039
8.960000,-0.020000000,0.015563039,0.020000000,-0.015563039
8.965000,-0.020000000,0.015563039,0.020000000,-0.015563039
8.970000,-0.020000000,0.015563039,0.020000000,-0.015563039
8.975000,-0.020000000,0.015563039,0.020000000,-0.015563039
8.980000,-0.020000000,0.015563039,0.020000000,-0.015563039
8.985000,-0.020000000,0.015563039,0.020000000,-0.015563039
8.990000,-0.020000000,0.015563039,0.020000000,-0.015563039
8.995000,-0.020000000,0.015563039,0.020000000,-0.015563039
9.000000,-0.020000000,0.015563039,0.020000000,-0.015563039
9.005000,-0.020000000,0.015563039,0.020000000,-0.015563039
9.010000,-0.020000000,0.015563039,0.020000000,-0.015563039
9.015000,-0.020000000,0.015563039,0.020000000,-0.015563039
9.020000,-0.020000000,0.015563039,0.020000000,-0.015563039
9.025000,-0.020000000,0.015563039,0.020000000,-0.015563039
9.030000,-0.020000000,0.015563039,0.020000000,-0.015563039
9.035000,-0.020000000,0.015563039,0.020000000,-0.015563039
9.040000,-0.020000000,0.015563039,0.020000000,-0.015563039
9.045000,-0.020000000,0.015563039,0.020000000,-0.015563039
9.050000,-0.020000000,0.015563039,0.020000000,-0.015563039
9.055000,-0.020000000,0.015563039,0.020000000,-0.015563039
9.060000,-0.020000000,0.015563039,0.020000000,-0.015563039
9.065000,-0.020000000,0.015563039,0.020000000,-0.015563039
9.070000,-0.020000000,0.015563039,0.020000000,-0.015563039
9.075000,-0.020000000,0.015563039,0.020000000,-0.015563039
9.080000,-0.020000000,0.015563039,0.020000000,-0.015563039
9.085000,-0.020000000,0.015563039,0.020000000,-0.015563039
9.090000,-0.020000000,0.015563039,0.020000000,-0.015563039
9.095000,-0.020000000,0.015563039,0.020000000,-0.015563039
9.100000,-0.020000000,0.015563039,0.020000000,-0.015563039
9.105000,-0.020000000,0.015563039,0.020000000,-0.015563039
9.110000,-0.020000000,0.015563039,0.020000000,-0.015563039
9.115000,-0.020000000,0.015563039,0.020000000,-0.015563039
9.120000,-0.020000000,0.015563039,0.020000000,-0.015563039
9.125000,-0.020000000,0.015563039,0.020000000,-0.015563039
9.130000,-0.020000000,0.015563039,0.020000000,-0.015563039
9.135000,-0.020000000,0.015563039,0.020000000,-0.015563039
9.140000,-0.020000000,0.015563039,0.020000000,-0.015563039
9.145000,-0.020000000,0.015563039,0.020000000,-0.015563039
9.150000,-0.020000000,0.015563039,0.020000000,-0.015563039
9.155000,-0.020000000,0.015563039,0.020000000,-0.015563039
9.160000,-0.020000000,0.015563039,0.020000000,-0.015563039
9.165000,-0.020000000,0.015563039,0.020000000,-0.015563039
9.170000,-0.020000000,0.015563039,0.020000000,-0.015563039
9.175000,-0.020000000,0.015563039,0.020000000,-0.015563039
9.180000,-0.020000000,0.015563039,0.020000000,-0.015563039
9.185000,-0.020000000,0.015563039,0.020000000,-0.015563039
9.190000,-0.020000000,0.015563039,0.020000000,-0.015563039
9.195000,-0.020000000,0.015563039,0.020000000,-0.015563039
9.200000,-0.020000000,0.015563039,0.020000000,-0.015563039
9.205000,-0.020000000,0.015563039,0.020000000,-0.015563039
9.210000,-0.020000000,0.015563039,0.020000000,-0.015563039
9.215000,-0.020000000,0.015563039,0.020000000,-0.015563039
9.220000,-0.020000000,0.015563039,0.020000000,-0.015563039
9.225000,-0.020000000,0.015563039,0.020000000,-0.015563039
9.230000,-0.020000000,0.015563039,0.020000000,-0.015563039
9.235000,-0.020000000,0.015563039,0.020000000,-0.015563039
9.240000,-0.020000000,0.015563039,0.020000000,-0.015563039
9.245000,-0.020000000,0.015563039,0.020000000,-0.015563039
9.250000,-0.020000000,0.015563039,0.020000000,-0.015563039
9.255000,-0.020000000,0.015563039,0.020000000,-0.015563039
9.260000,-0.020000000,0.015563039,0.020000000,-0.015563039
9.265000,-0.020000000,0.015563039,0.020000000,-0.015563039
9.270000,-0.020000000,0.015563039,0.020000000,-0.015563039
9.275000,-0.020000000,0.015563039,0.020000000,-0.015563039
9.280000,-0.020000000,0.015563039,0.020000000,-0.015563039
9.285000,-0.020000000,0.015563039,0.020000000,-0.015563039
9.290000,-0.020000000,0.015563039,0.020000000,-0.015563039
9.295000,-0.020000000,0.015563039,0.020000000,-0.015563039
9.300000,-0.020000000,0.015563039,0.020000000,-0.015563039
9.305000,-0.020000000,0.015563039,0.020000000,-0.015563039
9.310000,-0.020000000,0.015563039,0.020000000,-0.015563039
9.315000,-0.020000000,0.015563039,0.020000000,-0.015563039
9.320000,-0.020000000,0.015563039,0.020000000,-0.015563039
9.325000,-0.020000000,0.015563039,0.020000000,-0.015563039
9.330000,-0.020000000,0.015563039,0.020000000,-0.015563039
9.335000,-0.020000000,0.015563039,0.020000000,-0.015563039
9.340000,-0.020000000,0.015563039,0.020000000,-0.015563039
9.345000,-0.020000000,0.015563039,0.020000000,-0.015563039
9.350000,-0.020000000,0.015563039,0.020000000,-0.015563039
9.355000,-0.020000000,0.015563039,0.020000000,-0.015563039
9.360000,-0.020000000,0.015563039,0.020000000,-0.015563039
9.365000,-0.020000000,0.015563039,0.020000000,-0.015563039
9.370000,-0.020000000,0.015563039,0.020000000,-0.015563039
9.375000,-0.020000000,0.015563039,0.020000000,-0.015563039
9.380000,-0.020000000,0.015563039,0.020000000,-0.015563039
9.385000,-0.020000000,0.015563039,0.020000000,-0.015563039
9.390000,-0.020000000,0.015563039,0.020000000,-0.015563039
9.395000,-0.020000000,0.015563039,0.020000000,-0.015563039
9.400000,-0.020000000,0.015563039,0.020000000,-0.015563039
9.405000,-0.020000000,0.015563039,0.020000000,-0.015563039
9.410000,-0.020000000,0.015563039,0.020000000,-0.015563039
9.415000,-0.020000000,0.015563039,0.020000000,-0.015563039
9.420000,-0.020000000,0.015563039,0.020000000,-0.015563039
9.425000,-0.020000000,0.015563039,0.020000000,-0.015563039
9.430000,-0.020000000,0.015563039,0.020000000,-0.015563039
9.435000,-0.020000000,0.015563039,0.020000000,-0.015563039
9.440000,-0.020000000,0.015563039,0.020000000,-0.015563039
9.445000,-0.020000000,0.015563039,0.020000000,-0.015563039
9.450000,-0.020000000,0.015563039,0.020000000,-0.015563039
9.455000,-0.020000000,0.015563039,0.020000000,-0.015563039
9.460000,-0.020000000,0.015563039,0.020000000,-0.015563039
9.465000,-0.020000000,0.015563039,0.020000000,-0.015563039
9.470000,-0.020000000,0.015563039,0.020000000,-0.015563039
9.475000,-0.020000000,0.015563039,0.020000000,-0.015563039
9.480000,-0.020000000,0.015563039,0.020000000,-0.015563039
9.485000,-0.020000000,0.015563039,0.020000000,-0.015563039
9.490000,-0.020000000,0.015563039,0.020000000,-0.015563039
9.495000,-0.020000000,0.015563039,0.020000000,-0.015563039
9.500000,-0.020000000,0.015563039,0.020000000,-0.015563039
9.505000,-0.020000000,0.015563039,0.020000000,-0.015563039
9.510000,-0.020000000,0.015563039,0.020000000,-0.015563039
9.515000,-0.020000000,0.015563039,0.020000000,-0.015563039
9.520000,-0.020000000,0.015563039,0.020000000,-0.015563039
9.525000,-0.020000000,0.015563039,0.020000000,-0.015563039
9.530000,-0.020000000,0.015563039,0.020000000,-0.015563039
9.535000,-0.020000000,0.015563039,0.020000000,-0.015563039
9.540000,-0.020000000,0.015563039,0.020000000,-0.015563039
9.545000,-0.020000000,0.015563039,0.020000000,-0.015563039
9.550000,-0.020000000,0.015563039,0.020000000,-0.015563039
9.555000,-0.020000000,0.015563039,0.020000000,-0.015563039
9.560000,-0.020000000,0.015563039,0.020000000,-0.015563039
9.565000,-0.020000000,0.015563039,0.020000000,-0.015563039
9.570000,-0.020000000,0.015563039,0.020000000,-0.015563039
9.575000,-0.020000000,0.015563039,0.020000000,-0.015563039
9.580000,-0.020000000,0.015563039,0.020000000,-0.015563039
9.585000,-0.020000000,0.015563039,0.020000000,-0.015563039
9.590000,-0.020000000,0.015563039,0.020000000,-0.015563039
9.595000,-0.020000000,0.015563039,0.020000000,-0.015563039
9.600000,-0.020000000,0.015563039,0.020000000,-0.015563039
9.605000,-0.020000000,0.015563039,0.020000000,-0.015563039
9.610000,-0.020000000,0.015563039,0.020000000,-0.015563039
9.615000,-0.020000000,0.015563039,0.020000000,-0.015563039
9.620000,-0.020000000,0.015563039,0.020000000,-0.015563039
9.625000,-0.020000000,0.015563039,0.020000000,-0.015563039
9.630000,-0.020000000,0.015563039,0.020000000,-0.015563039
9.635000,-0.020000000,0.015563039,0.020000000,-0.015563039
9.640000,-0.020000000,0.015563039,0.020000000,-0.015563039
9.645000,-0.020000000,0.015563039,0.020000000,-0.015563039
9.650000,-0.020000000,0.015563039,0.020000000,-0.015563039
9.655000,-0.020000000,0.015563039,0.020000000,-0.015563039
9.660000,-0.020000000,0.015563039,0.020000000,-0.015563039
9.665000,-0.020000000,0.015563039,0.020000000,-0.015563039
9.670000,-0.020000000,0.015563039,0.020000000,-0.015563039
9.675000,-0.020000000,0.015563039,0.020000000,-0.015563039
9.680000,-0.020000000,0.015563039,0.020000000,-0.015563039
9.685000,-0.020000000,0.015563039,0.020000000,-0.015563039
9.690000,-0.020000000,0.015563039,0.020000000,-0.015563039
9.695000,-0.020000000,0.015563039,0.020000000,-0.015563039
9.700000,-0.020000000,0.015563039,0.020000000,-0.015563039
9.705000,-0.020000000,0.015563039,0.020000000,-0.015563039
9.710000,-0.020000000,0.015563039,0.020000000,-0.015563039
9.715000,-0.020000000,0.015563039,0.020000000,-0.015563039
9.720000,-0.020000000,0.015563039,0.020000000,-0.015563039
9.725000,-0.020000000,0.015563039,0.020000000,-0.015563039
9.730000,-0.020000000,0.015563039,0.020000000,-0.015563039
9.735000,-0.020000000,0.015563039,0.020000000,-0.015563039
9.740000,-0.020000000,0.015563039,0.020000000,-0.015563039
9.745000,-0.020000000,0.015563039,0.020000000,-0.015563039
9.750000,-0.020000000,0.015563039,0.020000000,-0.015563039
9.755000,-0.020000000,0.015563039,0.020000000,-0.015563039
9.760000,-0.020000000,0.015563039,0.020000000,-0.015563039
9.765000,-0.020000000,0.015563039,0.020000000,-0.015563039
9.770000,-0.020000000,0.015563039,0.020000000,-0.015563039
9.775000,-0.020000000,0.015563039,0.020000000,-0.015563039
9.780000,-0.020000000,0.015563039,0.020000000,-0.015563039
9.785000,-0.020000000,0.015563039,0.020000000,-0.015563039
9.790000,-0.020000000,0.015563039,0.020000000,-0.015563039
9.795000,-0.020000000,0.015563039,0.020000000,-0.015563039
9.800000,-0.020000000,0.015563039,0.020000000,-0.015563039
9.805000,-0.020000000,0.015563039,0.020000000,-0.015563039
9.810000,-0.020000000,0.015563039,0.020000000,-0.015563039
9.815000,-0.020000000,0.015563039,0.020000000,-0.015563039
9.820000,-0.020000000,0.015563039,0.020000000,-0.015563039
9.825000,-0.020000000,0.015563039,0.020000000,-0.015563039
9.830000,-0.020000000,0.015563039,0.020000000,-0.015563039
9.835000,-0.020000000,0.015563039,0.020000000,-0.015563039
9.840000,-0.020000000,0.015563039,0.020000000,-0.015563039
9.845000,-0.020000000,0.015563039,0.020000000,-0.015563039
9.850000,-0.020000000,0.015563039,0.020000000,-0.015563039
9.855000,-0.020000000,0.015563039,0.020000000,-0.015563039
9.860000,-0.020000000,0.015563039,0.020000000,-0.015563039
9.865000,-0.020000000,0.015563039,0.020000000,-0.015563039
9.870000,-0.020000000,0.015563039,0.020000000,-0.015563039
9.875000,-0.020000000,0.015563039,0.020000000,-0.015563039
9.880000,-0.020000000,0.015563039,0.020000000,-0.015563039
9.885000,-0.020000000,0.015563039,0.020000000,-0.015563039
9.890000,-0.020000000,0.015563039,0.020000000,-0.015563039
9.895000,-0.020000000,0.015563039,0.020000000,-0.015563039
9.900000,-0.020000000,0.015563039,0.020000000,-0.015563039
9.905000,-0.020000000,0.015563039,0.020000000,-0.015563039
9.910000,-0.020000000,0.015563039,0.020000000,-0.015563039
9.915000,-0.020000000,0.015563039,0.020000000,-0.015563039
9.920000,-0.020000000,0.015563039,0.020000000,-0.015563039
9.925000,-0.020000000,0.015563039,0.020000000,-0.015563039
9.930000,-0.020000000,0.015563039,0.020000000,-0.015563039
9.935000,-0.020000000,0.015563039,0.020000000,-0.015563039
9.940000,-0.020000000,0.015563039,0.020000000,-0.015563039
9.945000,-0.020000000,0.015563039,0.020000000,-0.015563039
9.950000,-0.020000000,0.015563039,0.020000000,-0.015563039
9.955000,-0.020000000,0.015563039,0.020000000,-0.015563039
9.960000,-0.020000000,0.015563039,0.020000000,-0.015563039
9.965000,-0.020000000,0.015563039,0.020000000,-0.015563039
9.970000,-0.020000000,0.015563039,0.020000000,-0.015563039
9.975000,-0.020000000,0.015563039,0.020000000,-0.015563039
9.980000,-0.020000000,0.015563039,0.020000000,-0.015563039
9.985000,-0.020000000,0.015563039,0.020000000,-0.015563039
9.990000,-0.020000000,0.015563039,0.020000000,-0.015563039
9.995000,-0.020000000,0.015563039,0.020000000,-0.015563039
10.000000,-0.020000000,0.015563039,0.020000000,-0.015563039
