time_s,q_model_lf0_rad,q_model_lf00_rad,q_model_rf0_rad,q_model_rf00_rad
0.000000,-0.060000000,0.059270409,0.060000000,-0.059270409
0.005000,-0.060000000,0.059270409,0.060000000,-0.059270409
0.010000,-0.060000000,0.059270409,0.060000000,-0.059270409
0.015000,-0.060000000,0.059270409,0.060000000,-0.059270409
0.020000,-0.060000000,0.059270409,0.060000000,-0.059270409
0.025000,-0.060000000,0.059270409,0.060000000,-0.059270409
0.030000,-0.060000000,0.059270409,0.060000000,-0.059270409
0.035000,-0.060000000,0.059270409,0.060000000,-0.059270409
0.040000,-0.060000000,0.059270409,0.060000000,-0.059270409
0.045000,-0.060000000,0.059270409,0.060000000,-0.059270409
0.050000,-0.060000000,0.059270409,0.060000000,-0.059270409
0.055000,-0.060000000,0.059270409,0.060000000,-0.059270409
0.060000,-0.060000000,0.059270409,0.060000000,-0.059270409
0.065000,-0.060000000,0.059270409,0.060000000,-0.059270409
0.070000,-0.060000000,0.059270409,0.060000000,-0.059270409
0.075000,-0.060000000,0.059270409,0.060000000,-0.059270409
0.080000,-0.060000000,0.059270409,0.060000000,-0.059270409
0.085000,-0.060000000,0.059270409,0.060000000,-0.059270409
0.090000,-0.060000000,0.059270409,0.060000000,-0.059270409
0.095000,-0.060000000,0.059270409,0.060000000,-0.059270409
0.100000,-0.060000000,0.059270409,0.060000000,-0.059270409
0.105000,-0.060000000,0.059270409,0.060000000,-0.059270409
0.110000,-0.060000000,0.059270409,0.060000000,-0.059270409
0.115000,-0.060000000,0.059270409,0.060000000,-0.059270409
0.120000,-0.060000000,0.059270409,0.060000000,-0.059270409
0.125000,-0.060000000,0.059270409,0.060000000,-0.059270409
0.130000,-0.060000000,0.059270409,0.060000000,-0.059270409
0.135000,-0.060000000,0.059270409,0.060000000,-0.059270409
0.140000,-0.060000000,0.059270409,0.060000000,-0.059270409
0.145000,-0.060000000,0.059270409,0.060000000,-0.059270409
0.150000,-0.060000000,0.059270409,0.060000000,-0.059270409
0.155000,-0.060000000,0.059270409,0.060000000,-0.059270409
0.160000,-0.060000000,0.059270409,0.060000000,-0.059270409
0.165000,-0.060000000,0.059270409,0.060000000,-0.059270409
0.170000,-0.060000000,0.059270409,0.060000000,-0.059270409
0.175000,-0.060000000,0.059270409,0.060000000,-0.059270409
0.180000,-0.060000000,0.059270409,0.060000000,-0.059270409
0.185000,-0.060000000,0.059270409,0.060000000,-0.059270409
0.190000,-0.060000000,0.059270409,0.060000000,-0.059270409
0.195000,-0.060000000,0.059270409,0.060000000,-0.059270409
0.200000,-0.060000000,0.059270409,0.060000000,-0.059270409
0.205000,-0.060000000,0.059270409,0.060000000,-0.059270409
0.210000,-0.060000000,0.059270409,0.060000000,-0.059270409
0.215000,-0.060000000,0.059270409,0.060000000,-0.059270409
0.220000,-0.060000000,0.059270409,0.060000000,-0.059270409
0.225000,-0.060000000,0.059270409,0.060000000,-0.059270409
0.230000,-0.060000000,0.059270409,0.060000000,-0.059270409
0.235000,-0.060000000,0.059270409,0.060000000,-0.059270409
0.240000,-0.060000000,0.059270409,0.060000000,-0.059270409
0.245000,-0.060000000,0.059270409,0.060000000,-0.059270409
0.250000,-0.060000000,0.059270409,0.060000000,-0.059270409
0.255000,-0.060000000,0.059270409,0.060000000,-0.059270409
0.260000,-0.060000000,0.059270409,0.060000000,-0.059270409
0.265000,-0.060000000,0.059270409,0.060000000,-0.059270409
0.270000,-0.060000000,0.059270409,0.060000000,-0.059270409
0.275000,-0.060000000,0.059270409,0.060000000,-0.059270409
0.280000,-0.060000000,0.059270409,0.060000000,-0.059270409
0.285000,-0.060000000,0.059270409,0.060000000,-0.059270409
0.290000,-0.060000000,0.059270409,0.060000000,-0.059270409
0.295000,-0.060000000,0.059270409,0.060000000,-0.059270409
0.300000,-0.060000000,0.059270409,0.060000000,-0.059270409
0.305000,-0.060000000,0.059270409,0.060000000,-0.059270409
0.310000,-0.060000000,0.059270409,0.060000000,-0.059270409
0.315000,-0.060000000,0.059270409,0.060000000,-0.059270409
0.320000,-0.060000000,0.059270409,0.060000000,-0.059270409
0.325000,-0.060000000,0.059270409,0.060000000,-0.059270409
0.330000,-0.060000000,0.059270409,0.060000000,-0.059270409
0.335000,-0.060000000,0.059270409,0.060000000,-0.059270409
0.340000,-0.060000000,0.059270409,0.060000000,-0.059270409
0.345000,-0.060000000,0.059270409,0.060000000,-0.059270409
0.350000,-0.060000000,0.059270409,0.060000000,-0.059270409
0.355000,-0.060000000,0.059270409,0.060000000,-0.059270409
0.360000,-0.060000000,0.059270409,0.060000000,-0.059270409
0.365000,-0.060000000,0.059270409,0.060000000,-0.059270409
0.370000,-0.060000000,0.059270409,0.060000000,-0.059270409
0.375000,-0.060000000,0.059270409,0.060000000,-0.059270409
0.380000,-0.060000000,0.059270409,0.060000000,-0.059270409
0.385000,-0.060000000,0.059270409,0.060000000,-0.059270409
0.390000,-0.060000000,0.059270409,0.060000000,-0.059270409
0.395000,-0.060000000,0.059270409,0.060000000,-0.059270409
0.400000,-0.060000000,0.059270409,0.060000000,-0.059270409
0.405000,-0.060000000,0.059270409,0.060000000,-0.059270409
0.410000,-0.060000000,0.059270409,0.060000000,-0.059270409
0.415000,-0.060000000,0.059270409,0.060000000,-0.059270409
0.420000,-0.060000000,0.059270409,0.060000000,-0.059270409
0.425000,-0.060000000,0.059270409,0.060000000,-0.059270409
0.430000,-0.060000000,0.059270409,0.060000000,-0.059270409
0.435000,-0.060000000,0.059270409,0.060000000,-0.059270409
0.440000,-0.060000000,0.059270409,0.060000000,-0.059270409
0.445000,-0.060000000,0.059270409,0.060000000,-0.059270409
0.450000,-0.060000000,0.059270409,0.060000000,-0.059270409
0.455000,-0.060000000,0.059270409,0.060000000,-0.059270409
0.460000,-0.060000000,0.059270409,0.060000000,-0.059270409
0.465000,-0.060000000,0.059270409,0.060000000,-0.059270409
0.470000,-0.060000000,0.059270409,0.060000000,-0.059270409
0.475000,-0.060000000,0.059270409,0.060000000,-0.059270409
0.480000,-0.060000000,0.059270409,0.060000000,-0.059270409
0.485000,-0.060000000,0.059270409,0.060000000,-0.059270409
0.490000,-0.060000000,0.059270409,0.060000000,-0.059270409
0.495000,-0.060000000,0.059270409,0.060000000,-0.059270409
0.500000,-0.060000000,0.059270409,0.060000000,-0.059270409
0.505000,-0.060000000,0.059270409,0.060000000,-0.059270409
0.510000,-0.060000000,0.059270409,0.060000000,-0.059270409
0.515000,-0.060000000,0.059270409,0.060000000,-0.059270409
0.520000,-0.060000000,0.059270409,0.060000000,-0.059270409
0.525000,-0.060000000,0.059270409,0.060000000,-0.059270409
0.530000,-0.060000000,0.059270409,0.060000000,-0.059270409
0.535000,-0.060000000,0.059270409,0.060000000,-0.059270409
0.540000,-0.060000000,0.059270409,0.060000000,-0.059270409
0.545000,-0.060000000,0.059270409,0.060000000,-0.059270409
0.550000,-0.060000000,0.059270409,0.060000000,-0.059270409
0.555000,-0.060000000,0.059270409,0.060000000,-0.059270409
0.560000,-0.060000000,0.059270409,0.060000000,-0.059270409
0.565000,-0.060000000,0.059270409,0.060000000,-0.059270409
0.570000,-0.060000000,0.059270409,0.060000000,-0.059270409
0.575000,-0.060000000,0.059270409,0.060000000,-0.059270409
0.580000,-0.060000000,0.059270409,0.060000000,-0.059270409
0.585000,-0.060000000,0.059270409,0.060000000,-0.059270409
0.590000,-0.060000000,0.059270409,0.060000000,-0.059270409
0.595000,-0.060000000,0.059270409,0.060000000,-0.059270409
0.600000,-0.060000000,0.059270409,0.060000000,-0.059270409
0.605000,-0.060000000,0.059270409,0.060000000,-0.059270409
0.610000,-0.060000000,0.059270409,0.060000000,-0.059270409
0.615000,-0.060000000,0.059270409,0.060000000,-0.059270409
0.620000,-0.060000000,0.059270409,0.060000000,-0.059270409
0.625000,-0.060000000,0.059270409,0.060000000,-0.059270409
0.630000,-0.060000000,0.059270409,0.060000000,-0.059270409
0.635000,-0.060000000,0.059270409,0.060000000,-0.059270409
0.640000,-0.060000000,0.059270409,0.060000000,-0.059270409
0.645000,-0.060000000,0.059270409,0.060000000,-0.059270409
0.650000,-0.060000000,0.059270409,0.060000000,-0.059270409
0.655000,-0.060000000,0.059270409,0.060000000,-0.059270409
0.660000,-0.060000000,0.059270409,0.060000000,-0.059270409
0.665000,-0.060000000,0.059270409,0.060000000,-0.059270409
0.670000,-0.060000000,0.059270409,0.060000000,-0.059270409
0.675000,-0.060000000,0.059270409,0.060000000,-0.059270409
0.680000,-0.060000000,0.059270409,0.060000000,-0.059270409
0.685000,-0.060000000,0.059270409,0.060000000,-0.059270409
0.690000,-0.060000000,0.059270409,0.060000000,-0.059270409
0.695000,-0.060000000,0.059270409,0.060000000,-0.059270409
0.700000,-0.060000000,0.059270409,0.060000000,-0.059270409
0.705000,-0.060000000,0.059270409,0.060000000,-0.059270409
0.710000,-0.060000000,0.059270409,0.060000000,-0.059270409
0.715000,-0.060000000,0.059270409,0.060000000,-0.059270409
0.720000,-0.060000000,0.059270409,0.060000000,-0.059270409
0.725000,-0.060000000,0.059270409,0.060000000,-0.059270409
0.730000,-0.060000000,0.059270409,0.060000000,-0.059270409
0.735000,-0.060000000,0.059270409,0.060000000,-0.059270409
0.740000,-0.060000000,0.059270409,0.060000000,-0.059270409
0.745000,-0.060000000,0.059270409,0.060000000,-0.059270409
0.750000,-0.060000000,0.059270409,0.060000000,-0.059270409
0.755000,-0.060000000,0.059270409,0.060000000,-0.059270409
0.760000,-0.060000000,0.059270409,0.060000000,-0.059270409
0.765000,-0.060000000,0.059270409,0.060000000,-0.059270409
0.770000,-0.060000000,0.059270409,0.060000000,-0.059270409
0.775000,-0.060000000,0.059270409,0.060000000,-0.059270409
0.780000,-0.060000000,0.059270409,0.060000000,-0.059270409
0.785000,-0.060000000,0.059270409,0.060000000,-0.059270409
0.790000,-0.060000000,0.059270409,0.060000000,-0.059270409
0.795000,-0.060000000,0.059270409,0.060000000,-0.059270409
0.800000,-0.060000000,0.059270409,0.060000000,-0.059270409
0.805000,-0.060000000,0.059270409,0.060000000,-0.059270409
0.810000,-0.060000000,0.059270409,0.060000000,-0.059270409
0.815000,-0.060000000,0.059270409,0.060000000,-0.059270409
0.820000,-0.060000000,0.059270409,0.060000000,-0.059270409
0.825000,-0.060000000,0.059270409,0.060000000,-0.059270409
0.830000,-0.060000000,0.059270409,0.060000000,-0.059270409
0.835000,-0.060000000,0.059270409,0.060000000,-0.059270409
0.840000,-0.060000000,0.059270409,0.060000000,-0.059270409
0.845000,-0.060000000,0.059270409,0.060000000,-0.059270409
0.850000,-0.060000000,0.059270409,0.060000000,-0.059270409
0.855000,-0.060000000,0.059270409,0.060000000,-0.059270409
0.860000,-0.060000000,0.059270409,0.060000000,-0.059270409
0.865000,-0.060000000,0.059270409,0.060000000,-0.059270409
0.870000,-0.060000000,0.059270409,0.060000000,-0.059270409
0.875000,-0.060000000,0.059270409,0.060000000,-0.059270409
0.880000,-0.060000000,0.059270409,0.060000000,-0.059270409
0.885000,-0.060000000,0.059270409,0.060000000,-0.059270409
0.890000,-0.060000000,0.059270409,0.060000000,-0.059270409
0.895000,-0.060000000,0.059270409,0.060000000,-0.059270409
0.900000,-0.060000000,0.059270409,0.060000000,-0.059270409
0.905000,-0.060000000,0.059270409,0.060000000,-0.059270409
0.910000,-0.060000000,0.059270409,0.060000000,-0.059270409
0.915000,-0.060000000,0.059270409,0.060000000,-0.059270409
0.920000,-0.060000000,0.059270409,0.060000000,-0.059270409
0.925000,-0.060000000,0.059270409,0.060000000,-0.059270409
0.930000,-0.060000000,0.059270409,0.060000000,-0.059270409
0.935000,-0.060000000,0.059270409,0.060000000,-0.059270409
0.940000,-0.060000000,0.059270409,0.060000000,-0.059270409
0.945000,-0.060000000,0.059270409,0.060000000,-0.059270409
0.950000,-0.060000000,0.059270409,0.060000000,-0.059270409
0.955000,-0.060000000,0.059270409,0.060000000,-0.059270409
0.960000,-0.060000000,0.059270409,0.060000000,-0.059270409
0.965000,-0.060000000,0.059270409,0.060000000,-0.059270409
0.970000,-0.060000000,0.059270409,0.060000000,-0.059270409
0.975000,-0.060000000,0.059270409,0.060000000,-0.059270409
0.980000,-0.060000000,0.059270409,0.060000000,-0.059270409
0.985000,-0.060000000,0.059270409,0.060000000,-0.059270409
0.990000,-0.060000000,0.059270409,0.060000000,-0.059270409
0.995000,-0.060000000,0.059270409,0.060000000,-0.059270409
1.000000,-0.060000000,0.059270409,0.060000000,-0.059270409
1.005000,-0.060000000,0.059270409,0.060000000,-0.059270409
1.010000,-0.060000000,0.059270409,0.060000000,-0.059270409
1.015000,-0.060000000,0.059270409,0.060000000,-0.059270409
1.020000,-0.060000000,0.059270409,0.060000000,-0.059270409
1.025000,-0.060000000,0.059270409,0.060000000,-0.059270409
1.030000,-0.060000000,0.059270409,0.060000000,-0.059270409
1.035000,-0.060000000,0.059270409,0.060000000,-0.059270409
1.040000,-0.060000000,0.059270409,0.060000000,-0.059270409
1.045000,-0.060000000,0.059270409,0.060000000,-0.059270409
1.050000,-0.060000000,0.059270409,0.060000000,-0.059270409
1.055000,-0.060000000,0.059270409,0.060000000,-0.059270409
1.060000,-0.060000000,0.059270409,0.060000000,-0.059270409
1.065000,-0.060000000,0.059270409,0.060000000,-0.059270409
1.070000,-0.060000000,0.059270409,0.060000000,-0.059270409
1.075000,-0.060000000,0.059270409,0.060000000,-0.059270409
1.080000,-0.060000000,0.059270409,0.060000000,-0.059270409
1.085000,-0.060000000,0.059270409,0.060000000,-0.059270409
1.090000,-0.060000000,0.059270409,0.060000000,-0.059270409
1.095000,-0.060000000,0.059270409,0.060000000,-0.059270409
1.100000,-0.060000000,0.059270409,0.060000000,-0.059270409
1.105000,-0.060000000,0.059270409,0.060000000,-0.059270409
1.110000,-0.060000000,0.059270409,0.060000000,-0.059270409
1.115000,-0.060000000,0.059270409,0.060000000,-0.059270409
1.120000,-0.060000000,0.059270409,0.060000000,-0.059270409
1.125000,-0.060000000,0.059270409,0.060000000,-0.059270409
1.130000,-0.060000000,0.059270409,0.060000000,-0.059270409
1.135000,-0.060000000,0.059270409,0.060000000,-0.059270409
1.140000,-0.060000000,0.059270409,0.060000000,-0.059270409
1.145000,-0.060000000,0.059270409,0.060000000,-0.059270409
1.150000,-0.060000000,0.059270409,0.060000000,-0.059270409
1.155000,-0.060000000,0.059270409,0.060000000,-0.059270409
1.160000,-0.060000000,0.059270409,0.060000000,-0.059270409
1.165000,-0.060000000,0.059270409,0.060000000,-0.059270409
1.170000,-0.060000000,0.059270409,0.060000000,-0.059270409
1.175000,-0.060000000,0.059270409,0.060000000,-0.059270409
1.180000,-0.060000000,0.059270409,0.060000000,-0.059270409
1.185000,-0.060000000,0.059270409,0.060000000,-0.059270409
1.190000,-0.060000000,0.059270409,0.060000000,-0.059270409
1.195000,-0.060000000,0.059270409,0.060000000,-0.059270409
1.200000,-0.060000000,0.059270409,0.060000000,-0.059270409
1.205000,-0.060000000,0.059270409,0.060000000,-0.059270409
1.210000,-0.060000000,0.059270409,0.060000000,-0.059270409
1.215000,-0.060000000,0.059270409,0.060000000,-0.059270409
1.220000,-0.060000000,0.059270409,0.060000000,-0.059270409
1.225000,-0.060000000,0.059270409,0.060000000,-0.059270409
1.230000,-0.060000000,0.059270409,0.060000000,-0.059270409
1.235000,-0.060000000,0.059270409,0.060000000,-0.059270409
1.240000,-0.060000000,0.059270409,0.060000000,-0.059270409
1.245000,-0.060000000,0.059270409,0.060000000,-0.059270409
1.250000,-0.060000000,0.059270409,0.060000000,-0.059270409
1.255000,-0.060000000,0.059270409,0.060000000,-0.059270409
1.260000,-0.060000000,0.059270409,0.060000000,-0.059270409
1.265000,-0.060000000,0.059270409,0.060000000,-0.059270409
1.270000,-0.060000000,0.059270409,0.060000000,-0.059270409
1.275000,-0.060000000,0.059270409,0.060000000,-0.059270409
1.280000,-0.060000000,0.059270409,0.060000000,-0.059270409
1.285000,-0.060000000,0.059270409,0.060000000,-0.059270409
1.290000,-0.060000000,0.059270409,0.060000000,-0.059270409
1.295000,-0.060000000,0.059270409,0.060000000,-0.059270409
1.300000,-0.060000000,0.059270409,0.060000000,-0.059270409
1.305000,-0.060000000,0.059270409,0.060000000,-0.059270409
1.310000,-0.060000000,0.059270409,0.060000000,-0.059270409
1.315000,-0.060000000,0.059270409,0.060000000,-0.059270409
1.320000,-0.060000000,0.059270409,0.060000000,-0.059270409
1.325000,-0.060000000,0.059270409,0.060000000,-0.059270409
1.330000,-0.060000000,0.059270409,0.060000000,-0.059270409
1.335000,-0.060000000,0.059270409,0.060000000,-0.059270409
1.340000,-0.060000000,0.059270409,0.060000000,-0.059270409
1.345000,-0.060000000,0.059270409,0.060000000,-0.059270409
1.350000,-0.060000000,0.059270409,0.060000000,-0.059270409
1.355000,-0.060000000,0.059270409,0.060000000,-0.059270409
1.360000,-0.060000000,0.059270409,0.060000000,-0.059270409
1.365000,-0.060000000,0.059270409,0.060000000,-0.059270409
1.370000,-0.060000000,0.059270409,0.060000000,-0.059270409
1.375000,-0.060000000,0.059270409,0.060000000,-0.059270409
1.380000,-0.060000000,0.059270409,0.060000000,-0.059270409
1.385000,-0.060000000,0.059270409,0.060000000,-0.059270409
1.390000,-0.060000000,0.059270409,0.060000000,-0.059270409
1.395000,-0.060000000,0.059270409,0.060000000,-0.059270409
1.400000,-0.060000000,0.059270409,0.060000000,-0.059270409
1.405000,-0.060000000,0.059270409,0.060000000,-0.059270409
1.410000,-0.060000000,0.059270409,0.060000000,-0.059270409
1.415000,-0.060000000,0.059270409,0.060000000,-0.059270409
1.420000,-0.060000000,0.059270409,0.060000000,-0.059270409
1.425000,-0.060000000,0.059270409,0.060000000,-0.059270409
1.430000,-0.060000000,0.059270409,0.060000000,-0.059270409
1.435000,-0.060000000,0.059270409,0.060000000,-0.059270409
1.440000,-0.060000000,0.059270409,0.060000000,-0.059270409
1.445000,-0.060000000,0.059270409,0.060000000,-0.059270409
1.450000,-0.060000000,0.059270409,0.060000000,-0.059270409
1.455000,-0.060000000,0.059270409,0.060000000,-0.059270409
1.460000,-0.060000000,0.059270409,0.060000000,-0.059270409
1.465000,-0.060000000,0.059270409,0.060000000,-0.059270409
1.470000,-0.060000000,0.059270409,0.060000000,-0.059270409
1.475000,-0.060000000,0.059270409,0.060000000,-0.059270409
1.480000,-0.060000000,0.059270409,0.060000000,-0.059270409
1.485000,-0.060000000,0.059270409,0.060000000,-0.059270409
1.490000,-0.060000000,0.059270409,0.060000000,-0.059270409
1.495000,-0.060000000,0.059270409,0.060000000,-0.059270409
1.500000,-0.060000000,0.059270409,0.060000000,-0.059270409
1.505000,-0.060000000,0.059270409,0.060000000,-0.059270409
1.510000,-0.060000000,0.059270409,0.060000000,-0.059270409
1.515000,-0.060000000,0.059270409,0.060000000,-0.059270409
1.520000,-0.060000000,0.059270409,0.060000000,-0.059270409
1.525000,-0.060000000,0.059270409,0.060000000,-0.059270409
1.530000,-0.060000000,0.059270409,0.060000000,-0.059270409
1.535000,-0.060000000,0.059270409,0.060000000,-0.059270409
1.540000,-0.060000000,0.059270409,0.060000000,-0.059270409
1.545000,-0.060000000,0.059270409,0.060000000,-0.059270409
1.550000,-0.060000000,0.059270409,0.060000000,-0.059270409
1.555000,-0.060000000,0.059270409,0.060000000,-0.059270409
1.560000,-0.060000000,0.059270409,0.060000000,-0.059270409
1.565000,-0.060000000,0.059270409,0.060000000,-0.059270409
1.570000,-0.060000000,0.059270409,0.060000000,-0.059270409
1.575000,-0.060000000,0.059270409,0.060000000,-0.059270409
1.580000,-0.060000000,0.059270409,0.060000000,-0.059270409
1.585000,-0.060000000,0.059270409,0.060000000,-0.059270409
1.590000,-0.060000000,0.059270409,0.060000000,-0.059270409
1.595000,-0.060000000,0.059270409,0.060000000,-0.059270409
1.600000,-0.060000000,0.059270409,0.060000000,-0.059270409
1.605000,-0.060000000,0.059270409,0.060000000,-0.059270409
1.610000,-0.060000000,0.059270409,0.060000000,-0.059270409
1.615000,-0.060000000,0.059270409,0.060000000,-0.059270409
1.620000,-0.060000000,0.059270409,0.060000000,-0.059270409
1.625000,-0.060000000,0.059270409,0.060000000,-0.059270409
1.630000,-0.060000000,0.059270409,0.060000000,-0.059270409
1.635000,-0.060000000,0.059270409,0.060000000,-0.059270409
1.640000,-0.060000000,0.059270409,0.060000000,-0.059270409
1.645000,-0.060000000,0.059270409,0.060000000,-0.059270409
1.650000,-0.060000000,0.059270409,0.060000000,-0.059270409
1.655000,-0.060000000,0.059270409,0.060000000,-0.059270409
1.660000,-0.060000000,0.059270409,0.060000000,-0.059270409
1.665000,-0.060000000,0.059270409,0.060000000,-0.059270409
1.670000,-0.060000000,0.059270409,0.060000000,-0.059270409
1.675000,-0.060000000,0.059270409,0.060000000,-0.059270409
1.680000,-0.060000000,0.059270409,0.060000000,-0.059270409
1.685000,-0.060000000,0.059270409,0.060000000,-0.059270409
1.690000,-0.060000000,0.059270409,0.060000000,-0.059270409
1.695000,-0.060000000,0.059270409,0.060000000,-0.059270409
1.700000,-0.060000000,0.059270409,0.060000000,-0.059270409
1.705000,-0.060000000,0.059270409,0.060000000,-0.059270409
1.710000,-0.060000000,0.059270409,0.060000000,-0.059270409
1.715000,-0.060000000,0.059270409,0.060000000,-0.059270409
1.720000,-0.060000000,0.059270409,0.060000000,-0.059270409
1.725000,-0.060000000,0.059270409,0.060000000,-0.059270409
1.730000,-0.060000000,0.059270409,0.060000000,-0.059270409
1.735000,-0.060000000,0.059270409,0.060000000,-0.059270409
1.740000,-0.060000000,0.059270409,0.060000000,-0.059270409
1.745000,-0.060000000,0.059270409,0.060000000,-0.059270409
1.750000,-0.060000000,0.059270409,0.060000000,-0.059270409
1.755000,-0.060000000,0.059270409,0.060000000,-0.059270409
1.760000,-0.060000000,0.059270409,0.060000000,-0.059270409
1.765000,-0.060000000,0.059270409,0.060000000,-0.059270409
1.770000,-0.060000000,0.059270409,0.060000000,-0.059270409
1.775000,-0.060000000,0.059270409,0.060000000,-0.059270409
1.780000,-0.060000000,0.059270409,0.060000000,-0.059270409
1.785000,-0.060000000,0.059270409,0.060000000,-0.059270409
1.790000,-0.060000000,0.059270409,0.060000000,-0.059270409
1.795000,-0.060000000,0.059270409,0.060000000,-0.059270409
1.800000,-0.060000000,0.059270409,0.060000000,-0.059270409
1.805000,-0.060000000,0.059270409,0.060000000,-0.059270409
1.810000,-0.060000000,0.059270409,0.060000000,-0.059270409
1.815000,-0.060000000,0.059270409,0.060000000,-0.059270409
1.820000,-0.060000000,0.059270409,0.060000000,-0.059270409
1.825000,-0.060000000,0.059270409,0.060000000,-0.059270409
1.830000,-0.060000000,0.059270409,0.060000000,-0.059270409
1.835000,-0.060000000,0.059270409,0.060000000,-0.059270409
1.840000,-0.060000000,0.059270409,0.060000000,-0.059270409
1.845000,-0.060000000,0.059270409,0.060000000,-0.059270409
1.850000,-0.060000000,0.059270409,0.060000000,-0.059270409
1.855000,-0.060000000,0.059270409,0.060000000,-0.059270409
1.860000,-0.060000000,0.059270409,0.060000000,-0.059270409
1.865000,-0.060000000,0.059270409,0.060000000,-0.059270409
1.870000,-0.060000000,0.059270409,0.060000000,-0.059270409
1.875000,-0.060000000,0.059270409,0.060000000,-0.059270409
1.880000,-0.060000000,0.059270409,0.060000000,-0.059270409
1.885000,-0.060000000,0.059270409,0.060000000,-0.059270409
1.890000,-0.060000000,0.059270409,0.060000000,-0.059270409
1.895000,-0.060000000,0.059270409,0.060000000,-0.059270409
1.900000,-0.060000000,0.059270409,0.060000000,-0.059270409
1.905000,-0.060000000,0.059270409,0.060000000,-0.059270409
1.910000,-0.060000000,0.059270409,0.060000000,-0.059270409
1.915000,-0.060000000,0.059270409,0.060000000,-0.059270409
1.920000,-0.060000000,0.059270409,0.060000000,-0.059270409
1.925000,-0.060000000,0.059270409,0.060000000,-0.059270409
1.930000,-0.060000000,0.059270409,0.060000000,-0.059270409
1.935000,-0.060000000,0.059270409,0.060000000,-0.059270409
1.940000,-0.060000000,0.059270409,0.060000000,-0.059270409
1.945000,-0.060000000,0.059270409,0.060000000,-0.059270409
1.950000,-0.060000000,0.059270409,0.060000000,-0.059270409
1.955000,-0.060000000,0.059270409,0.060000000,-0.059270409
1.960000,-0.060000000,0.059270409,0.060000000,-0.059270409
1.965000,-0.060000000,0.059270409,0.060000000,-0.059270409
1.970000,-0.060000000,0.059270409,0.060000000,-0.059270409
1.975000,-0.060000000,0.059270409,0.060000000,-0.059270409
1.980000,-0.060000000,0.059270409,0.060000000,-0.059270409
1.985000,-0.060000000,0.059270409,0.060000000,-0.059270409
1.990000,-0.060000000,0.059270409,0.060000000,-0.059270409
1.995000,-0.060000000,0.059270409,0.060000000,-0.059270409
2.000000,-0.060000000,0.059270409,0.060000000,-0.059270409
2.005000,-0.059999977,0.059270404,0.059999977,-0.059270404
2.010000,-0.059999816,0.059270372,0.059999816,-0.059270372
2.015000,-0.059999380,0.059270283,0.059999380,-0.059270283
2.020000,-0.059998531,0.059270110,0.059998531,-0.059270110
2.025000,-0.059997133,0.059269825,0.059997133,-0.059269825
2.030000,-0.059995049,0.059269401,0.059995049,-0.059269401
2.035000,-0.059992143,0.059268809,0.059992143,-0.059268809
2.040000,-0.059988282,0.059268023,0.059988282,-0.059268023
2.045000,-0.059983331,0.059267015,0.059983331,-0.059267015
2.050000,-0.059977158,0.059265758,0.059977158,-0.059265758
2.055000,-0.059969632,0.059264226,0.059969632,-0.059264226
2.060000,-0.059960624,0.059262392,0.059960624,-0.059262392
2.065000,-0.059950006,0.059260230,0.059950006,-0.059260230
2.070000,-0.059937651,0.059257714,0.059937651,-0.059257714
2.075000,-0.059923436,0.059254820,0.059923436,-0.059254820
2.080000,-0.059907237,0.059251522,0.059907237,-0.059251522
2.085000,-0.059888936,0.059247797,0.059888936,-0.059247797
2.090000,-0.059868414,0.059243619,0.059868414,-0.059243619
2.095000,-0.059845557,0.059238965,0.059845557,-0.059238965
2.100000,-0.059820251,0.059233814,0.059820251,-0.059233814
2.105000,-0.059792387,0.059228142,0.059792387,-0.059228142
2.110000,-0.059761857,0.059221927,0.059761857,-0.059221927
2.115000,-0.059728557,0.059215149,0.059728557,-0.059215149
2.120000,-0.059692387,0.059207787,0.059692387,-0.059207787
2.125000,-0.059653248,0.059199821,0.059653248,-0.059199821
2.130000,-0.059611046,0.059191231,0.059611046,-0.059191231
2.135000,-0.059565689,0.059182001,0.059565689,-0.059182001
2.140000,-0.059517089,0.059172111,0.059517089,-0.059172111
2.145000,-0.059465163,0.059161544,0.059465163,-0.059161544
2.150000,-0.059409830,0.059150285,0.059409830,-0.059150285
2.155000,-0.059351013,0.059138318,0.059351013,-0.059138318
2.160000,-0.059288640,0.059125628,0.059288640,-0.059125628
2.165000,-0.059222641,0.059112201,0.059222641,-0.059112201
2.170000,-0.059152953,0.059098025,0.059152953,-0.059098025
2.175000,-0.059079513,0.059083087,0.059079513,-0.059083087
2.180000,-0.059002267,0.059067376,0.059002267,-0.059067376
2.185000,-0.058921161,0.059050882,0.058921161,-0.059050882
2.190000,-0.058836149,0.059033595,0.058836149,-0.059033595
2.195000,-0.058747185,0.059015506,0.058747185,-0.059015506
2.200000,-0.058654233,0.058996608,0.058654233,-0.058996608
2.205000,-0.058557257,0.058976894,0.058557257,-0.058976894
2.210000,-0.058456226,0.058956359,0.058456226,-0.058956359
2.215000,-0.058351117,0.058934997,0.058351117,-0.058934997
2.220000,-0.058241909,0.058912804,0.058241909,-0.058912804
2.225000,-0.058128584,0.058889778,0.058128584,-0.058889778
2.230000,-0.058011133,0.058865916,0.058011133,-0.058865916
2.235000,-0.057889548,0.058841219,0.057889548,-0.058841219
2.240000,-0.057763829,0.058815685,0.057763829,-0.058815685
2.245000,-0.057633976,0.058789315,0.057633976,-0.058789315
2.250000,-0.057500000,0.058762112,0.057500000,-0.058762112
2.255000,-0.057361912,0.058734078,0.057361912,-0.058734078
2.260000,-0.057219729,0.058705218,0.057219729,-0.058705218
2.265000,-0.057073473,0.058675536,0.057073473,-0.058675536
2.270000,-0.056923172,0.058645039,0.056923172,-0.058645039
2.275000,-0.056768856,0.058613732,0.056768856,-0.058613732
2.280000,-0.056610563,0.058581624,0.056610563,-0.058581624
2.285000,-0.056448333,0.058548723,0.056448333,-0.058548723
2.290000,-0.056282212,0.058515040,0.056282212,-0.058515040
2.295000,-0.056112251,0.058480584,0.056112251,-0.058480584
2.300000,-0.055938504,0.058445368,0.055938504,-0.058445368
2.305000,-0.055761031,0.058409404,0.055761031,-0.058409404
2.310000,-0.055579896,0.058372706,0.055579896,-0.058372706
2.315000,-0.055395167,0.058335287,0.055395167,-0.058335287
2.320000,-0.055206919,0.058297163,0.055206919,-0.058297163
2.325000,-0.055015227,0.058258351,0.055015227,-0.058258351
2.330000,-0.054820174,0.058218866,0.054820174,-0.058218866
2.335000,-0.054621845,0.058178728,0.054621845,-0.058178728
2.340000,-0.054420331,0.058137954,0.054420331,-0.058137954
2.345000,-0.054215725,0.058096564,0.054215725,-0.058096564
2.350000,-0.054008126,0.058054579,0.054008126,-0.058054579
2.355000,-0.053797636,0.058012019,0.053797636,-0.058012019
2.360000,-0.053584360,0.057968906,0.053584360,-0.057968906
2.365000,-0.053368408,0.057925263,0.053368408,-0.057925263
2.370000,-0.053149893,0.057881113,0.053149893,-0.057881113
2.375000,-0.052928932,0.057836480,0.052928932,-0.057836480
2.380000,-0.052705645,0.057791388,0.052705645,-0.057791388
2.385000,-0.052480156,0.057745864,0.052480156,-0.057745864
2.390000,-0.052252591,0.057699932,0.052252591,-0.057699932
2.395000,-0.052023079,0.057653619,0.052023079,-0.057653619
2.400000,-0.051791754,0.057606953,0.051791754,-0.057606953
2.405000,-0.051558751,0.057559960,0.051558751,-0.057559960
2.410000,-0.051324208,0.057512670,0.051324208,-0.057512670
2.415000,-0.051088267,0.057465110,0.051088267,-0.057465110
2.420000,-0.050851070,0.057417310,0.050851070,-0.057417310
2.425000,-0.050612763,0.057369299,0.050612763,-0.057369299
2.430000,-0.050373495,0.057321108,0.050373495,-0.057321108
2.435000,-0.050133414,0.057272767,0.050133414,-0.057272767
2.440000,-0.049892674,0.057224305,0.049892674,-0.057224305
2.445000,-0.049651427,0.057175756,0.049651427,-0.057175756
2.450000,-0.049409830,0.057127148,0.049409830,-0.057127148
2.455000,-0.049168039,0.057078516,0.049168039,-0.057078516
2.460000,-0.048926211,0.057029889,0.048926211,-0.057029889
2.465000,-0.048684508,0.056981301,0.048684508,-0.056981301
2.470000,-0.048443088,0.056932782,0.048443088,-0.056932782
2.475000,-0.048202114,0.056884367,0.048202114,-0.056884367
2.480000,-0.047961747,0.056836087,0.047961747,-0.056836087
2.485000,-0.047722151,0.056787975,0.047722151,-0.056787975
2.490000,-0.047483489,0.056740063,0.047483489,-0.056740063
2.495000,-0.047245923,0.056692385,0.047245923,-0.056692385
2.500000,-0.047009619,0.056644972,0.047009619,-0.056644972
2.505000,-0.046774739,0.056597858,0.046774739,-0.056597858
2.510000,-0.046541447,0.056551074,0.046541447,-0.056551074
2.515000,-0.046309907,0.056504654,0.046309907,-0.056504654
2.520000,-0.046080280,0.056458630,0.046080280,-0.056458630
2.525000,-0.045852730,0.056413034,0.045852730,-0.056413034
2.530000,-0.045627417,0.056367897,0.045627417,-0.056367897
2.535000,-0.045404502,0.056323253,0.045404502,-0.056323253
2.540000,-0.045184145,0.056279131,0.045184145,-0.056279131
2.545000,-0.044966503,0.056235564,0.044966503,-0.056235564
2.550000,-0.044751733,0.056192583,0.044751733,-0.056192583
2.555000,-0.044539991,0.056150218,0.044539991,-0.056150218
2.560000,-0.044331430,0.056108499,0.044331430,-0.056108499
2.565000,-0.044126202,0.056067456,0.044126202,-0.056067456
2.570000,-0.043924456,0.056027119,0.043924456,-0.056027119
2.575000,-0.043726341,0.055987517,0.043726341,-0.055987517
2.580000,-0.043532002,0.055948678,0.043532002,-0.055948678
2.585000,-0.043341581,0.055910631,0.043341581,-0.055910631
2.590000,-0.043155220,0.055873403,0.043155220,-0.055873403
2.595000,-0.042973057,0.055837021,0.042973057,-0.055837021
2.600000,-0.042795226,0.055801511,0.042795226,-0.055801511
2.605000,-0.042621860,0.055766900,0.042621860,-0.055766900
2.610000,-0.042453088,0.055733212,0.042453088,-0.055733212
2.615000,-0.042289035,0.055700473,0.042289035,-0.055700473
2.620000,-0.042129826,0.055668706,0.042129826,-0.055668706
2.625000,-0.041975579,0.055637934,0.041975579,-0.055637934
2.630000,-0.041826409,0.055608181,0.041826409,-0.055608181
2.635000,-0.041682430,0.055579468,0.041682430,-0.055579468
2.640000,-0.041543750,0.055551815,0.041543750,-0.055551815
2.645000,-0.041410474,0.055525244,0.041410474,-0.055525244
2.650000,-0.041282701,0.055499775,0.041282701,-0.055499775
2.655000,-0.041160530,0.055475425,0.041160530,-0.055475425
2.660000,-0.041044052,0.055452213,0.041044052,-0.055452213
2.665000,-0.040933356,0.055430156,0.040933356,-0.055430156
2.670000,-0.040828526,0.055409271,0.040828526,-0.055409271
2.675000,-0.040729642,0.055389573,0.040729642,-0.055389573
2.680000,-0.040636780,0.055371076,0.040636780,-0.055371076
2.685000,-0.040550009,0.055353794,0.040550009,-0.055353794
2.690000,-0.040469397,0.055337740,0.040469397,-0.055337740
2.695000,-0.040395005,0.055322926,0.040395005,-0.055322926
2.700000,-0.040326889,0.055309363,0.040326889,-0.055309363
2.705000,-0.040265102,0.055297061,0.040265102,-0.055297061
2.710000,-0.040209691,0.055286030,0.040209691,-0.055286030
2.715000,-0.040160699,0.055276277,0.040160699,-0.055276277
2.720000,-0.040118163,0.055267809,0.040118163,-0.055267809
2.725000,-0.040082115,0.055260634,0.040082115,-0.055260634
2.730000,-0.040052584,0.055254756,0.040052584,-0.055254756
2.735000,-0.040029592,0.055250179,0.040029592,-0.055250179
2.740000,-0.040013156,0.055246908,0.040013156,-0.055246908
2.745000,-0.040003290,0.055244944,0.040003290,-0.055244944
2.750000,-0.040000000,0.055244289,0.040000000,-0.055244289
2.755000,-0.040003290,0.055244944,0.040003290,-0.055244944
2.760000,-0.040013156,0.055246908,0.040013156,-0.055246908
2.765000,-0.040029592,0.055250179,0.040029592,-0.055250179
2.770000,-0.040052584,0.055254756,0.040052584,-0.055254756
2.775000,-0.040082115,0.055260634,0.040082115,-0.055260634
2.780000,-0.040118163,0.055267809,0.040118163,-0.055267809
2.785000,-0.040160699,0.055276277,0.040160699,-0.055276277
2.790000,-0.040209691,0.055286030,0.040209691,-0.055286030
2.795000,-0.040265102,0.055297061,0.040265102,-0.055297061
2.800000,-0.040326889,0.055309363,0.040326889,-0.055309363
2.805000,-0.040395005,0.055322926,0.040395005,-0.055322926
2.810000,-0.040469397,0.055337740,0.040469397,-0.055337740
2.815000,-0.040550009,0.055353794,0.040550009,-0.055353794
2.820000,-0.040636780,0.055371076,0.040636780,-0.055371076
2.825000,-0.040729642,0.055389573,0.040729642,-0.055389573
2.830000,-0.040828526,0.055409271,0.040828526,-0.055409271
2.835000,-0.040933356,0.055430156,0.040933356,-0.055430156
2.840000,-0.041044052,0.055452213,0.041044052,-0.055452213
2.845000,-0.041160530,0.055475425,0.041160530,-0.055475425
2.850000,-0.041282701,0.055499775,0.041282701,-0.055499775
2.855000,-0.041410474,0.055525244,0.041410474,-0.055525244
2.860000,-0.041543750,0.055551815,0.041543750,-0.055551815
2.865000,-0.041682430,0.055579468,0.041682430,-0.055579468
2.870000,-0.041826409,0.055608181,0.041826409,-0.055608181
2.875000,-0.041975579,0.055637934,0.041975579,-0.055637934
2.880000,-0.042129826,0.055668706,0.042129826,-0.055668706
2.885000,-0.042289035,0.055700473,0.042289035,-0.055700473
2.890000,-0.042453088,0.055733212,0.042453088,-0.055733212
2.895000,-0.042621860,0.055766900,0.042621860,-0.055766900
2.900000,-0.042795226,0.055801511,0.042795226,-0.055801511
2.905000,-0.042973057,0.055837021,0.042973057,-0.055837021
2.910000,-0.043155220,0.055873403,0.043155220,-0.055873403
2.915000,-0.043341581,0.055910631,0.043341581,-0.055910631
2.920000,-0.043532002,0.055948678,0.043532002,-0.055948678
2.925000,-0.043726341,0.055987517,0.043726341,-0.055987517
2.930000,-0.043924456,0.056027119,0.043924456,-0.056027119
2.935000,-0.044126202,0.056067456,0.044126202,-0.056067456
2.940000,-0.044331430,0.056108499,0.044331430,-0.056108499
2.945000,-0.044539991,0.056150218,0.044539991,-0.056150218
2.950000,-0.044751733,0.056192583,0.044751733,-0.056192583
2.955000,-0.044966503,0.056235564,0.044966503,-0.056235564
2.960000,-0.045184145,0.056279131,0.045184145,-0.056279131
2.965000,-0.045404502,0.056323253,0.045404502,-0.056323253
2.970000,-0.045627417,0.056367897,0.045627417,-0.056367897
2.975000,-0.045852730,0.056413034,0.045852730,-0.056413034
2.980000,-0.046080280,0.056458630,0.046080280,-0.056458630
2.985000,-0.046309907,0.056504654,0.046309907,-0.056504654
2.990000,-0.046541447,0.056551074,0.046541447,-0.056551074
2.995000,-0.046774739,0.056597858,0.046774739,-0.056597858
3.000000,-0.047009619,0.056644972,0.047009619,-0.056644972
3.005000,-0.047245923,0.056692385,0.047245923,-0.056692385
3.010000,-0.047483489,0.056740063,0.047483489,-0.056740063
3.015000,-0.047722151,0.056787975,0.047722151,-0.056787975
3.020000,-0.047961747,0.056836087,0.047961747,-0.056836087
3.025000,-0.048202114,0.056884367,0.048202114,-0.056884367
3.030000,-0.048443088,0.056932782,0.048443088,-0.056932782
3.035000,-0.048684508,0.056981301,0.048684508,-0.056981301
3.040000,-0.048926211,0.057029889,0.048926211,-0.057029889
3.045000,-0.049168039,0.057078516,0.049168039,-0.057078516
3.050000,-0.049409830,0.057127148,0.049409830,-0.057127148
3.055000,-0.049651427,0.057175756,0.049651427,-0.057175756
3.060000,-0.049892674,0.057224305,0.049892674,-0.057224305
3.065000,-0.050133414,0.057272767,0.050133414,-0.057272767
3.070000,-0.050373495,0.057321108,0.050373495,-0.057321108
3.075000,-0.050612763,0.057369299,0.050612763,-0.057369299
3.080000,-0.050851070,0.057417310,0.050851070,-0.057417310
3.085000,-0.051088267,0.057465110,0.051088267,-0.057465110
3.090000,-0.051324208,0.057512670,0.051324208,-0.057512670
3.095000,-0.051558751,0.057559960,0.051558751,-0.057559960
3.100000,-0.051791754,0.057606953,0.051791754,-0.057606953
3.105000,-0.052023079,0.057653619,0.052023079,-0.057653619
3.110000,-0.052252591,0.057699932,0.052252591,-0.057699932
3.115000,-0.052480156,0.057745864,0.052480156,-0.057745864
3.120000,-0.052705645,0.057791388,0.052705645,-0.057791388
3.125000,-0.052928932,0.057836480,0.052928932,-0.057836480
3.130000,-0.053149893,0.057881113,0.053149893,-0.057881113
3.135000,-0.053368408,0.057925263,0.053368408,-0.057925263
3.140000,-0.053584360,0.057968906,0.053584360,-0.057968906
3.145000,-0.053797636,0.058012019,0.053797636,-0.058012019
3.150000,-0.054008126,0.058054579,0.054008126,-0.058054579
3.155000,-0.054215725,0.058096564,0.054215725,-0.058096564
3.160000,-0.054420331,0.058137954,0.054420331,-0.058137954
3.165000,-0.054621845,0.058178728,0.054621845,-0.058178728
3.170000,-0.054820174,0.058218866,0.054820174,-0.058218866
3.175000,-0.055015227,0.058258351,0.055015227,-0.058258351
3.180000,-0.055206919,0.058297163,0.055206919,-0.058297163
3.185000,-0.055395167,0.058335287,0.055395167,-0.058335287
3.190000,-0.055579896,0.058372706,0.055579896,-0.058372706
3.195000,-0.055761031,0.058409404,0.055761031,-0.058409404
3.200000,-0.055938504,0.058445368,0.055938504,-0.058445368
3.205000,-0.056112251,0.058480584,0.056112251,-0.058480584
3.210000,-0.056282212,0.058515040,0.056282212,-0.058515040
3.215000,-0.056448333,0.058548723,0.056448333,-0.058548723
3.220000,-0.056610563,0.058581624,0.056610563,-0.058581624
3.225000,-0.056768856,0.058613732,0.056768856,-0.058613732
3.230000,-0.056923172,0.058645039,0.056923172,-0.058645039
3.235000,-0.057073473,0.058675536,0.057073473,-0.058675536
3.240000,-0.057219729,0.058705218,0.057219729,-0.058705218
3.245000,-0.057361912,0.058734078,0.057361912,-0.058734078
3.250000,-0.057500000,0.058762112,0.057500000,-0.058762112
3.255000,-0.057633976,0.058789315,0.057633976,-0.058789315
3.260000,-0.057763829,0.058815685,0.057763829,-0.058815685
3.265000,-0.057889548,0.058841219,0.057889548,-0.058841219
3.270000,-0.058011133,0.058865916,0.058011133,-0.058865916
3.275000,-0.058128584,0.058889778,0.058128584,-0.058889778
3.280000,-0.058241909,0.058912804,0.058241909,-0.058912804
3.285000,-0.058351117,0.058934997,0.058351117,-0.058934997
3.290000,-0.058456226,0.058956359,0.058456226,-0.058956359
3.295000,-0.058557257,0.058976894,0.058557257,-0.058976894
3.300000,-0.058654233,0.058996608,0.058654233,-0.058996608
3.305000,-0.058747185,0.059015506,0.058747185,-0.059015506
3.310000,-0.058836149,0.059033595,0.058836149,-0.059033595
3.315000,-0.058921161,0.059050882,0.058921161,-0.059050882
3.320000,-0.059002267,0.059067376,0.059002267,-0.059067376
3.325000,-0.059079513,0.059083087,0.059079513,-0.059083087
3.330000,-0.059152953,0.059098025,0.059152953,-0.059098025
3.335000,-0.059222641,0.059112201,0.059222641,-0.059112201
3.340000,-0.059288640,0.059125628,0.059288640,-0.059125628
3.345000,-0.059351013,0.059138318,0.059351013,-0.059138318
3.350000,-0.059409830,0.059150285,0.059409830,-0.059150285
3.355000,-0.059465163,0.059161544,0.059465163,-0.059161544
3.360000,-0.059517089,0.059172111,0.059517089,-0.059172111
3.365000,-0.059565689,0.059182001,0.059565689,-0.059182001
3.370000,-0.059611046,0.059191231,0.059611046,-0.059191231
3.375000,-0.059653248,0.059199821,0.059653248,-0.059199821
3.380000,-0.059692387,0.059207787,0.059692387,-0.059207787
3.385000,-0.059728557,0.059215149,0.059728557,-0.059215149
3.390000,-0.059761857,0.059221927,0.059761857,-0.059221927
3.395000,-0.059792387,0.059228142,0.059792387,-0.059228142
3.400000,-0.059820251,0.059233814,0.059820251,-0.059233814
3.405000,-0.059845557,0.059238965,0.059845557,-0.059238965
3.410000,-0.059868414,0.059243619,0.059868414,-0.059243619
3.415000,-0.059888936,0.059247797,0.059888936,-0.059247797
3.420000,-0.059907237,0.059251522,0.059907237,-0.059251522
3.425000,-0.059923436,0.059254820,0.059923436,-0.059254820
3.430000,-0.059937651,0.059257714,0.059937651,-0.059257714
3.435000,-0.059950006,0.059260230,0.059950006,-0.059260230
3.440000,-0.059960624,0.059262392,0.059960624,-0.059262392
3.445000,-0.059969632,0.059264226,0.059969632,-0.059264226
3.450000,-0.059977158,0.059265758,0.059977158,-0.059265758
3.455000,-0.059983331,0.059267015,0.059983331,-0.059267015
3.460000,-0.059988282,0.059268023,0.059988282,-0.059268023
3.465000,-0.059992143,0.059268809,0.059992143,-0.059268809
3.470000,-0.059995049,0.059269401,0.059995049,-0.059269401
3.475000,-0.059997133,0.059269825,0.059997133,-0.059269825
3.480000,-0.059998531,0.059270110,0.059998531,-0.059270110
3.485000,-0.059999380,0.059270283,0.059999380,-0.059270283
3.490000,-0.059999816,0.059270372,0.059999816,-0.059270372
3.495000,-0.059999977,0.059270404,0.059999977,-0.059270404
3.500000,-0.060000000,0.059270409,0.060000000,-0.059270409
3.505000,-0.060000023,0.059270414,0.060000023,-0.059270414
3.510000,-0.060000184,0.059270446,0.060000184,-0.059270446
3.515000,-0.060000620,0.059270535,0.060000620,-0.059270535
3.520000,-0.060001469,0.059270708,0.060001469,-0.059270708
3.525000,-0.060002867,0.059270993,0.060002867,-0.059270993
3.530000,-0.060004951,0.059271417,0.060004951,-0.059271417
3.535000,-0.060007857,0.059272009,0.060007857,-0.059272009
3.540000,-0.060011718,0.059272795,0.060011718,-0.059272795
3.545000,-0.060016669,0.059273803,0.060016669,-0.059273803
3.550000,-0.060022842,0.059275060,0.060022842,-0.059275060
3.555000,-0.060030368,0.059276592,0.060030368,-0.059276592
3.560000,-0.060039376,0.059278426,0.060039376,-0.059278426
3.565000,-0.060049994,0.059280589,0.060049994,-0.059280589
3.570000,-0.060062349,0.059283104,0.060062349,-0.059283104
3.575000,-0.060076564,0.059285999,0.060076564,-0.059285999
3.580000,-0.060092763,0.059289297,0.060092763,-0.059289297
3.585000,-0.060111064,0.059293024,0.060111064,-0.059293024
3.590000,-0.060131586,0.059297203,0.060131586,-0.059297203
3.595000,-0.060154443,0.059301858,0.060154443,-0.059301858
3.600000,-0.060179749,0.059307011,0.060179749,-0.059307011
3.605000,-0.060207613,0.059312686,0.060207613,-0.059312686
3.610000,-0.060238143,0.059318904,0.060238143,-0.059318904
3.615000,-0.060271443,0.059325686,0.060271443,-0.059325686
3.620000,-0.060307613,0.059333053,0.060307613,-0.059333053
3.625000,-0.060346752,0.059341025,0.060346752,-0.059341025
3.630000,-0.060388954,0.059349622,0.060388954,-0.059349622
3.635000,-0.060434311,0.059358861,0.060434311,-0.059358861
3.640000,-0.060482911,0.059368762,0.060482911,-0.059368762
3.645000,-0.060534837,0.059379341,0.060534837,-0.059379341
3.650000,-0.060590170,0.059390614,0.060590170,-0.059390614
3.655000,-0.060648987,0.059402599,0.060648987,-0.059402599
3.660000,-0.060711360,0.059415308,0.060711360,-0.059415308
3.665000,-0.060777359,0.059428758,0.060777359,-0.059428758
3.670000,-0.060847047,0.059442960,0.060847047,-0.059442960
3.675000,-0.060920487,0.059457929,0.060920487,-0.059457929
3.680000,-0.060997733,0.059473674,0.060997733,-0.059473674
3.685000,-0.061078839,0.059490208,0.061078839,-0.059490208
3.690000,-0.061163851,0.059507540,0.061163851,-0.059507540
3.695000,-0.061252815,0.059525679,0.061252815,-0.059525679
3.700000,-0.061345767,0.059544633,0.061345767,-0.059544633
3.705000,-0.061442743,0.059564410,0.061442743,-0.059564410
3.710000,-0.061543774,0.059585016,0.061543774,-0.059585016
3.715000,-0.061648883,0.059606457,0.061648883,-0.059606457
3.720000,-0.061758091,0.059628736,0.061758091,-0.059628736
3.725000,-0.061871416,0.059651859,0.061871416,-0.059651859
3.730000,-0.061988867,0.059675826,0.061988867,-0.059675826
3.735000,-0.062110452,0.059700640,0.062110452,-0.059700640
3.740000,-0.062236171,0.059726302,0.062236171,-0.059726302
3.745000,-0.062366024,0.059752811,0.062366024,-0.059752811
3.750000,-0.062500000,0.059780167,0.062500000,-0.059780167
3.755000,-0.062638088,0.059808366,0.062638088,-0.059808366
3.760000,-0.062780271,0.059837406,0.062780271,-0.059837406
3.765000,-0.062926527,0.059867283,0.062926527,-0.059867283
3.770000,-0.063076828,0.059897992,0.063076828,-0.059897992
3.775000,-0.063231144,0.059929526,0.063231144,-0.059929526
3.780000,-0.063389437,0.059961879,0.063389437,-0.059961879
3.785000,-0.063551667,0.059995043,0.063551667,-0.059995043
3.790000,-0.063717788,0.060029009,0.063717788,-0.060029009
3.795000,-0.063887749,0.060063766,0.063887749,-0.060063766
3.800000,-0.064061496,0.060099305,0.064061496,-0.060099305
3.805000,-0.064238969,0.060135614,0.064238969,-0.060135614
3.810000,-0.064420104,0.060172679,0.064420104,-0.060172679
3.815000,-0.064604833,0.060210487,0.064604833,-0.060210487
3.820000,-0.064793081,0.060249024,0.064793081,-0.060249024
3.825000,-0.064984773,0.060288275,0.064984773,-0.060288275
3.830000,-0.065179826,0.060328223,0.065179826,-0.060328223
3.835000,-0.065378155,0.060368851,0.065378155,-0.060368851
3.840000,-0.065579669,0.060410141,0.065579669,-0.060410141
3.845000,-0.065784275,0.060452074,0.065784275,-0.060452074
3.850000,-0.065991874,0.060494631,0.065991874,-0.060494631
3.855000,-0.066202364,0.060537791,0.066202364,-0.060537791
3.860000,-0.066415640,0.060581533,0.066415640,-0.060581533
3.865000,-0.066631592,0.060625834,0.066631592,-0.060625834
3.870000,-0.066850107,0.060670673,0.066850107,-0.060670673
3.875000,-0.067071068,0.060716025,0.067071068,-0.060716025
3.880000,-0.067294355,0.060761866,0.067294355,-0.060761866
3.885000,-0.067519844,0.060808172,0.067519844,-0.060808172
3.890000,-0.067747409,0.060854916,0.067747409,-0.060854916
3.895000,-0.067976921,0.060902072,0.067976921,-0.060902072
3.900000,-0.068208246,0.060949614,0.068208246,-0.060949614
3.905000,-0.068441249,0.060997513,0.068441249,-0.060997513
3.910000,-0.068675792,0.061045742,0.068675792,-0.061045742
3.915000,-0.068911733,0.061094271,0.068911733,-0.061094271
3.920000,-0.069148930,0.061143073,0.069148930,-0.061143073
3.925000,-0.069387237,0.061192116,0.069387237,-0.061192116
3.930000,-0.069626505,0.061241371,0.069626505,-0.061241371
3.935000,-0.069866586,0.061290806,0.069866586,-0.061290806
3.940000,-0.070107326,0.061340391,0.070107326,-0.061340391
3.945000,-0.070348573,0.061390095,0.070348573,-0.061390095
3.950000,-0.070590170,0.061439884,0.070590170,-0.061439884
3.955000,-0.070831961,0.061489728,0.070831961,-0.061489728
3.960000,-0.071073789,0.061539593,0.071073789,-0.061539593
3.965000,-0.071315492,0.061589446,0.071315492,-0.061589446
3.970000,-0.071556912,0.061639255,0.071556912,-0.061639255
3.975000,-0.071797886,0.061688986,0.071797886,-0.061688986
3.980000,-0.072038253,0.061738605,0.072038253,-0.061738605
3.985000,-0.072277849,0.061788080,0.072277849,-0.061788080
3.990000,-0.072516511,0.061837375,0.072516511,-0.061837375
3.995000,-0.072754077,0.061886456,0.072754077,-0.061886456
4.000000,-0.072990381,0.061935291,0.072990381,-0.061935291
4.005000,-0.073225261,0.061983845,0.073225261,-0.061983845
4.010000,-0.073458553,0.062032084,0.073458553,-0.062032084
4.015000,-0.073690093,0.062079973,0.073690093,-0.062079973
4.020000,-0.073919720,0.062127480,0.073919720,-0.062127480
4.025000,-0.074147270,0.062174569,0.074147270,-0.062174569
4.030000,-0.074372583,0.062221208,0.074372583,-0.062221208
4.035000,-0.074595498,0.062267362,0.074595498,-0.062267362
4.040000,-0.074815855,0.062312999,0.074815855,-0.062312999
4.045000,-0.075033497,0.062358084,0.075033497,-0.062358084
4.050000,-0.075248267,0.062402586,0.075248267,-0.062402586
4.055000,-0.075460009,0.062446472,0.075460009,-0.062446472
4.060000,-0.075668570,0.062489708,0.075668570,-0.062489708
4.065000,-0.075873798,0.062532264,0.075873798,-0.062532264
4.070000,-0.076075544,0.062574108,0.076075544,-0.062574108
4.075000,-0.076273659,0.062615209,0.076273659,-0.062615209
4.080000,-0.076467998,0.062655535,0.076467998,-0.062655535
4.085000,-0.076658419,0.062695057,0.076658419,-0.062695057
4.090000,-0.076844780,0.062733745,0.076844780,-0.062733745
4.095000,-0.077026943,0.062771570,0.077026943,-0.062771570
4.100000,-0.077204774,0.062808503,0.077204774,-0.062808503
4.105000,-0.077378140,0.062844516,0.077378140,-0.062844516
4.110000,-0.077546912,0.062879581,0.077546912,-0.062879581
4.115000,-0.077710965,0.062913673,0.077710965,-0.062913673
4.120000,-0.077870174,0.062946764,0.077870174,-0.062946764
4.125000,-0.078024421,0.062978831,0.078024421,-0.062978831
4.130000,-0.078173591,0.063009846,0.078173591,-0.063009846
4.135000,-0.078317570,0.063039788,0.078317570,-0.063039788
4.140000,-0.078456250,0.063068633,0.078456250,-0.063068633
4.145000,-0.078589526,0.063096358,0.078589526,-0.063096358
4.150000,-0.078717299,0.063122942,0.078717299,-0.063122942
4.155000,-0.078839470,0.063148365,0.078839470,-0.063148365
4.160000,-0.078955948,0.063172606,0.078955948,-0.063172606
4.165000,-0.079066644,0.063195647,0.079066644,-0.063195647
4.170000,-0.079171474,0.063217470,0.079171474,-0.063217470
4.175000,-0.079270358,0.063238057,0.079270358,-0.063238057
4.180000,-0.079363220,0.063257393,0.079363220,-0.063257393
4.185000,-0.079449991,0.063275462,0.079449991,-0.063275462
4.190000,-0.079530603,0.063292250,0.079530603,-0.063292250
4.195000,-0.079604995,0.063307745,0.079604995,-0.063307745
4.200000,-0.079673111,0.063321933,0.079673111,-0.063321933
4.205000,-0.079734898,0.063334805,0.079734898,-0.063334805
4.210000,-0.079790309,0.063346348,0.079790309,-0.063346348
4.215000,-0.079839301,0.063356555,0.079839301,-0.063356555
4.220000,-0.079881837,0.063365418,0.079881837,-0.063365418
4.225000,-0.079917885,0.063372929,0.079917885,-0.063372929
4.230000,-0.079947416,0.063379082,0.079947416,-0.063379082
4.235000,-0.079970408,0.063383873,0.079970408,-0.063383873
4.240000,-0.079986844,0.063387298,0.079986844,-0.063387298
4.245000,-0.079996710,0.063389354,0.079996710,-0.063389354
4.250000,-0.080000000,0.063390040,0.080000000,-0.063390040
4.255000,-0.079996710,0.063389354,0.079996710,-0.063389354
4.260000,-0.079986844,0.063387298,0.079986844,-0.063387298
4.265000,-0.079970408,0.063383873,0.079970408,-0.063383873
4.270000,-0.079947416,0.063379082,0.079947416,-0.063379082
4.275000,-0.079917885,0.063372929,0.079917885,-0.063372929
4.280000,-0.079881837,0.063365418,0.079881837,-0.063365418
4.285000,-0.079839301,0.063356555,0.079839301,-0.063356555
4.290000,-0.079790309,0.063346348,0.079790309,-0.063346348
4.295000,-0.079734898,0.063334805,0.079734898,-0.063334805
4.300000,-0.079673111,0.063321933,0.079673111,-0.063321933
4.305000,-0.079604995,0.063307745,0.079604995,-0.063307745
4.310000,-0.079530603,0.063292250,0.079530603,-0.063292250
4.315000,-0.079449991,0.063275462,0.079449991,-0.063275462
4.320000,-0.079363220,0.063257393,0.079363220,-0.063257393
4.325000,-0.079270358,0.063238057,0.079270358,-0.063238057
4.330000,-0.079171474,0.063217470,0.079171474,-0.063217470
4.335000,-0.079066644,0.063195647,0.079066644,-0.063195647
4.340000,-0.078955948,0.063172606,0.078955948,-0.063172606
4.345000,-0.078839470,0.063148365,0.078839470,-0.063148365
4.350000,-0.078717299,0.063122942,0.078717299,-0.063122942
4.355000,-0.078589526,0.063096358,0.078589526,-0.063096358
4.360000,-0.078456250,0.063068633,0.078456250,-0.063068633
4.365000,-0.078317570,0.063039788,0.078317570,-0.063039788
4.370000,-0.078173591,0.063009846,0.078173591,-0.063009846
4.375000,-0.078024421,0.062978831,0.078024421,-0.062978831
4.380000,-0.077870174,0.062946764,0.077870174,-0.062946764
4.385000,-0.077710965,0.062913673,0.077710965,-0.062913673
4.390000,-0.077546912,0.062879581,0.077546912,-0.062879581
4.395000,-0.077378140,0.062844516,0.077378140,-0.062844516
4.400000,-0.077204774,0.062808503,0.077204774,-0.062808503
4.405000,-0.077026943,0.062771570,0.077026943,-0.062771570
4.410000,-0.076844780,0.062733745,0.076844780,-0.062733745
4.415000,-0.076658419,0.062695057,0.076658419,-0.062695057
4.420000,-0.076467998,0.062655535,0.076467998,-0.062655535
4.425000,-0.076273659,0.062615209,0.076273659,-0.062615209
4.430000,-0.076075544,0.062574108,0.076075544,-0.062574108
4.435000,-0.075873798,0.062532264,0.075873798,-0.062532264
4.440000,-0.075668570,0.062489708,0.075668570,-0.062489708
4.445000,-0.075460009,0.062446472,0.075460009,-0.062446472
4.450000,-0.075248267,0.062402586,0.075248267,-0.062402586
4.455000,-0.075033497,0.062358084,0.075033497,-0.062358084
4.460000,-0.074815855,0.062312999,0.074815855,-0.062312999
4.465000,-0.074595498,0.062267362,0.074595498,-0.062267362
4.470000,-0.074372583,0.062221208,0.074372583,-0.062221208
4.475000,-0.074147270,0.062174569,0.074147270,-0.062174569
4.480000,-0.073919720,0.062127480,0.073919720,-0.062127480
4.485000,-0.073690093,0.062079973,0.073690093,-0.062079973
4.490000,-0.073458553,0.062032084,0.073458553,-0.062032084
4.495000,-0.073225261,0.061983845,0.073225261,-0.061983845
4.500000,-0.072990381,0.061935291,0.072990381,-0.061935291
4.505000,-0.072754077,0.061886456,0.072754077,-0.061886456
4.510000,-0.072516511,0.061837375,0.072516511,-0.061837375
4.515000,-0.072277849,0.061788080,0.072277849,-0.061788080
4.520000,-0.072038253,0.061738605,0.072038253,-0.061738605
4.525000,-0.071797886,0.061688986,0.071797886,-0.061688986
4.530000,-0.071556912,0.061639255,0.071556912,-0.061639255
4.535000,-0.071315492,0.061589446,0.071315492,-0.061589446
4.540000,-0.071073789,0.061539593,0.071073789,-0.061539593
4.545000,-0.070831961,0.061489728,0.070831961,-0.061489728
4.550000,-0.070590170,0.061439884,0.070590170,-0.061439884
4.555000,-0.070348573,0.061390095,0.070348573,-0.061390095
4.560000,-0.070107326,0.061340391,0.070107326,-0.061340391
4.565000,-0.069866586,0.061290806,0.069866586,-0.061290806
4.570000,-0.069626505,0.061241371,0.069626505,-0.061241371
4.575000,-0.069387237,0.061192116,0.069387237,-0.061192116
4.580000,-0.069148930,0.061143073,0.069148930,-0.061143073
4.585000,-0.068911733,0.061094271,0.068911733,-0.061094271
4.590000,-0.068675792,0.061045742,0.068675792,-0.061045742
4.595000,-0.068441249,0.060997513,0.068441249,-0.060997513
4.600000,-0.068208246,0.060949614,0.068208246,-0.060949614
4.605000,-0.067976921,0.060902072,0.067976921,-0.060902072
4.610000,-0.067747409,0.060854916,0.067747409,-0.060854916
4.615000,-0.067519844,0.060808172,0.067519844,-0.060808172
4.620000,-0.067294355,0.060761866,0.067294355,-0.060761866
4.625000,-0.067071068,0.060716025,0.067071068,-0.060716025
4.630000,-0.066850107,0.060670673,0.066850107,-0.060670673
4.635000,-0.066631592,0.060625834,0.066631592,-0.060625834
4.640000,-0.066415640,0.060581533,0.066415640,-0.060581533
4.645000,-0.066202364,0.060537791,0.066202364,-0.060537791
4.650000,-0.065991874,0.060494631,0.065991874,-0.060494631
4.655000,-0.065784275,0.060452074,0.065784275,-0.060452074
4.660000,-0.065579669,0.060410141,0.065579669,-0.060410141
4.665000,-0.065378155,0.060368851,0.065378155,-0.060368851
4.670000,-0.065179826,0.060328223,0.065179826,-0.060328223
4.675000,-0.064984773,0.060288275,0.064984773,-0.060288275
4.680000,-0.064793081,0.060249024,0.064793081,-0.060249024
4.685000,-0.064604833,0.060210487,0.064604833,-0.060210487
4.690000,-0.064420104,0.060172679,0.064420104,-0.060172679
4.695000,-0.064238969,0.060135614,0.064238969,-0.060135614
4.700000,-0.064061496,0.060099305,0.064061496,-0.060099305
4.705000,-0.063887749,0.060063766,0.063887749,-0.060063766
4.710000,-0.063717788,0.060029009,0.063717788,-0.060029009
4.715000,-0.063551667,0.059995043,0.063551667,-0.059995043
4.720000,-0.063389437,0.059961879,0.063389437,-0.059961879
4.725000,-0.063231144,0.059929526,0.063231144,-0.059929526
4.730000,-0.063076828,0.059897992,0.063076828,-0.059897992
4.735000,-0.062926527,0.059867283,0.062926527,-0.059867283
4.740000,-0.062780271,0.059837406,0.062780271,-0.059837406
4.745000,-0.062638088,0.059808366,0.062638088,-0.059808366
4.750000,-0.062500000,0.059780167,0.062500000,-0.059780167
4.755000,-0.062366024,0.059752811,0.062366024,-0.059752811
4.760000,-0.062236171,0.059726302,0.062236171,-0.059726302
4.765000,-0.062110452,0.059700640,0.062110452,-0.059700640
4.770000,-0.061988867,0.059675826,0.061988867,-0.059675826
4.775000,-0.061871416,0.059651859,0.061871416,-0.059651859
4.780000,-0.061758091,0.059628736,0.061758091,-0.059628736
4.785000,-0.061648883,0.059606457,0.061648883,-0.059606457
4.790000,-0.061543774,0.059585016,0.061543774,-0.059585016
4.795000,-0.061442743,0.059564410,0.061442743,-0.059564410
4.800000,-0.061345767,0.059544633,0.061345767,-0.059544633
4.805000,-0.061252815,0.059525679,0.061252815,-0.059525679
4.810000,-0.061163851,0.059507540,0.061163851,-0.059507540
4.815000,-0.061078839,0.059490208,0.061078839,-0.059490208
4.820000,-0.060997733,0.059473674,0.060997733,-0.059473674
4.825000,-0.060920487,0.059457929,0.060920487,-0.059457929
4.830000,-0.060847047,0.059442960,0.060847047,-0.059442960
4.835000,-0.060777359,0.059428758,0.060777359,-0.059428758
4.840000,-0.060711360,0.059415308,0.060711360,-0.059415308
4.845000,-0.060648987,0.059402599,0.060648987,-0.059402599
4.850000,-0.060590170,0.059390614,0.060590170,-0.059390614
4.855000,-0.060534837,0.059379341,0.060534837,-0.059379341
4.860000,-0.060482911,0.059368762,0.060482911,-0.059368762
4.865000,-0.060434311,0.059358861,0.060434311,-0.059358861
4.870000,-0.060388954,0.059349622,0.060388954,-0.059349622
4.875000,-0.060346752,0.059341025,0.060346752,-0.059341025
4.880000,-0.060307613,0.059333053,0.060307613,-0.059333053
4.885000,-0.060271443,0.059325686,0.060271443,-0.059325686
4.890000,-0.060238143,0.059318904,0.060238143,-0.059318904
4.895000,-0.060207613,0.059312686,0.060207613,-0.059312686
4.900000,-0.060179749,0.059307011,0.060179749,-0.059307011
4.905000,-0.060154443,0.059301858,0.060154443,-0.059301858
4.910000,-0.060131586,0.059297203,0.060131586,-0.059297203
4.915000,-0.060111064,0.059293024,0.060111064,-0.059293024
4.920000,-0.060092763,0.059289297,0.060092763,-0.059289297
4.925000,-0.060076564,0.059285999,0.060076564,-0.059285999
4.930000,-0.060062349,0.059283104,0.060062349,-0.059283104
4.935000,-0.060049994,0.059280589,0.060049994,-0.059280589
4.940000,-0.060039376,0.059278426,0.060039376,-0.059278426
4.945000,-0.060030368,0.059276592,0.060030368,-0.059276592
4.950000,-0.060022842,0.059275060,0.060022842,-0.059275060
4.955000,-0.060016669,0.059273803,0.060016669,-0.059273803
4.960000,-0.060011718,0.059272795,0.060011718,-0.059272795
4.965000,-0.060007857,0.059272009,0.060007857,-0.059272009
4.970000,-0.060004951,0.059271417,0.060004951,-0.059271417
4.975000,-0.060002867,0.059270993,0.060002867,-0.059270993
4.980000,-0.060001469,0.059270708,0.060001469,-0.059270708
4.985000,-0.060000620,0.059270535,0.060000620,-0.059270535
4.990000,-0.060000184,0.059270446,0.060000184,-0.059270446
4.995000,-0.060000023,0.059270414,0.060000023,-0.059270414
5.000000,-0.060000000,0.059270409,0.060000000,-0.059270409
5.005000,-0.059999977,0.059270404,0.059999977,-0.059270404
5.010000,-0.059999816,0.059270372,0.059999816,-0.059270372
5.015000,-0.059999380,0.059270283,0.059999380,-0.059270283
5.020000,-0.059998531,0.059270110,0.059998531,-0.059270110
5.025000,-0.059997133,0.059269825,0.059997133,-0.059269825
5.030000,-0.059995049,0.059269401,0.059995049,-0.059269401
5.035000,-0.059992143,0.059268809,0.059992143,-0.059268809
5.040000,-0.059988282,0.059268023,0.059988282,-0.059268023
5.045000,-0.059983331,0.059267015,0.059983331,-0.059267015
5.050000,-0.059977158,0.059265758,0.059977158,-0.059265758
5.055000,-0.059969632,0.059264226,0.059969632,-0.059264226
5.060000,-0.059960624,0.059262392,0.059960624,-0.059262392
5.065000,-0.059950006,0.059260230,0.059950006,-0.059260230
5.070000,-0.059937651,0.059257714,0.059937651,-0.059257714
5.075000,-0.059923436,0.059254820,0.059923436,-0.059254820
5.080000,-0.059907237,0.059251522,0.059907237,-0.059251522
5.085000,-0.059888936,0.059247797,0.059888936,-0.059247797
5.090000,-0.059868414,0.059243619,0.059868414,-0.059243619
5.095000,-0.059845557,0.059238965,0.059845557,-0.059238965
5.100000,-0.059820251,0.059233814,0.059820251,-0.059233814
5.105000,-0.059792387,0.059228142,0.059792387,-0.059228142
5.110000,-0.059761857,0.059221927,0.059761857,-0.059221927
5.115000,-0.059728557,0.059215149,0.059728557,-0.059215149
5.120000,-0.059692387,0.059207787,0.059692387,-0.059207787
5.125000,-0.059653248,0.059199821,0.059653248,-0.059199821
5.130000,-0.059611046,0.059191231,0.059611046,-0.059191231
5.135000,-0.059565689,0.059182001,0.059565689,-0.059182001
5.140000,-0.059517089,0.059172111,0.059517089,-0.059172111
5.145000,-0.059465163,0.059161544,0.059465163,-0.059161544
5.150000,-0.059409830,0.059150285,0.059409830,-0.059150285
5.155000,-0.059351013,0.059138318,0.059351013,-0.059138318
5.160000,-0.059288640,0.059125628,0.059288640,-0.059125628
5.165000,-0.059222641,0.059112201,0.059222641,-0.059112201
5.170000,-0.059152953,0.059098025,0.059152953,-0.059098025
5.175000,-0.059079513,0.059083087,0.059079513,-0.059083087
5.180000,-0.059002267,0.059067376,0.059002267,-0.059067376
5.185000,-0.058921161,0.059050882,0.058921161,-0.059050882
5.190000,-0.058836149,0.059033595,0.058836149,-0.059033595
5.195000,-0.058747185,0.059015506,0.058747185,-0.059015506
5.200000,-0.058654233,0.058996608,0.058654233,-0.058996608
5.205000,-0.058557257,0.058976894,0.058557257,-0.058976894
5.210000,-0.058456226,0.058956359,0.058456226,-0.058956359
5.215000,-0.058351117,0.058934997,0.058351117,-0.058934997
5.220000,-0.058241909,0.058912804,0.058241909,-0.058912804
5.225000,-0.058128584,0.058889778,0.058128584,-0.058889778
5.230000,-0.058011133,0.058865916,0.058011133,-0.058865916
5.235000,-0.057889548,0.058841219,0.057889548,-0.058841219
5.240000,-0.057763829,0.058815685,0.057763829,-0.058815685
5.245000,-0.057633976,0.058789315,0.057633976,-0.058789315
5.250000,-0.057500000,0.058762112,0.057500000,-0.058762112
5.255000,-0.057361912,0.058734078,0.057361912,-0.058734078
5.260000,-0.057219729,0.058705218,0.057219729,-0.058705218
5.265000,-0.057073473,0.058675536,0.057073473,-0.058675536
5.270000,-0.056923172,0.058645039,0.056923172,-0.058645039
5.275000,-0.056768856,0.058613732,0.056768856,-0.058613732
5.280000,-0.056610563,0.058581624,0.056610563,-0.058581624
5.285000,-0.056448333,0.058548723,0.056448333,-0.058548723
5.290000,-0.056282212,0.058515040,0.056282212,-0.058515040
5.295000,-0.056112251,0.058480584,0.056112251,-0.058480584
5.300000,-0.055938504,0.058445368,0.055938504,-0.058445368
5.305000,-0.055761031,0.058409404,0.055761031,-0.058409404
5.310000,-0.055579896,0.058372706,0.055579896,-0.058372706
5.315000,-0.055395167,0.058335287,0.055395167,-0.058335287
5.320000,-0.055206919,0.058297163,0.055206919,-0.058297163
5.325000,-0.055015227,0.058258351,0.055015227,-0.058258351
5.330000,-0.054820174,0.058218866,0.054820174,-0.058218866
5.335000,-0.054621845,0.058178728,0.054621845,-0.058178728
5.340000,-0.054420331,0.058137954,0.054420331,-0.058137954
5.345000,-0.054215725,0.058096564,0.054215725,-0.058096564
5.350000,-0.054008126,0.058054579,0.054008126,-0.058054579
5.355000,-0.053797636,0.058012019,0.053797636,-0.058012019
5.360000,-0.053584360,0.057968906,0.053584360,-0.057968906
5.365000,-0.053368408,0.057925263,0.053368408,-0.057925263
5.370000,-0.053149893,0.057881113,0.053149893,-0.057881113
5.375000,-0.052928932,0.057836480,0.052928932,-0.057836480
5.380000,-0.052705645,0.057791388,0.052705645,-0.057791388
5.385000,-0.052480156,0.057745864,0.052480156,-0.057745864
5.390000,-0.052252591,0.057699932,0.052252591,-0.057699932
5.395000,-0.052023079,0.057653619,0.052023079,-0.057653619
5.400000,-0.051791754,0.057606953,0.051791754,-0.057606953
5.405000,-0.051558751,0.057559960,0.051558751,-0.057559960
5.410000,-0.051324208,0.057512670,0.051324208,-0.057512670
5.415000,-0.051088267,0.057465110,0.051088267,-0.057465110
5.420000,-0.050851070,0.057417310,0.050851070,-0.057417310
5.425000,-0.050612763,0.057369299,0.050612763,-0.057369299
5.430000,-0.050373495,0.057321108,0.050373495,-0.057321108
5.435000,-0.050133414,0.057272767,0.050133414,-0.057272767
5.440000,-0.049892674,0.057224305,0.049892674,-0.057224305
5.445000,-0.049651427,0.057175756,0.049651427,-0.057175756
5.450000,-0.049409830,0.057127148,0.049409830,-0.057127148
5.455000,-0.049168039,0.057078516,0.049168039,-0.057078516
5.460000,-0.048926211,0.057029889,0.048926211,-0.057029889
5.465000,-0.048684508,0.056981301,0.048684508,-0.056981301
5.470000,-0.048443088,0.056932782,0.048443088,-0.056932782
5.475000,-0.048202114,0.056884367,0.048202114,-0.056884367
5.480000,-0.047961747,0.056836087,0.047961747,-0.056836087
5.485000,-0.047722151,0.056787975,0.047722151,-0.056787975
5.490000,-0.047483489,0.056740063,0.047483489,-0.056740063
5.495000,-0.047245923,0.056692385,0.047245923,-0.056692385
5.500000,-0.047009619,0.056644972,0.047009619,-0.056644972
5.505000,-0.046774739,0.056597858,0.046774739,-0.056597858
5.510000,-0.046541447,0.056551074,0.046541447,-0.056551074
5.515000,-0.046309907,0.056504654,0.046309907,-0.056504654
5.520000,-0.046080280,0.056458630,0.046080280,-0.056458630
5.525000,-0.045852730,0.056413034,0.045852730,-0.056413034
5.530000,-0.045627417,0.056367897,0.045627417,-0.056367897
5.535000,-0.045404502,0.056323253,0.045404502,-0.056323253
5.540000,-0.045184145,0.056279131,0.045184145,-0.056279131
5.545000,-0.044966503,0.056235564,0.044966503,-0.056235564
5.550000,-0.044751733,0.056192583,0.044751733,-0.056192583
5.555000,-0.044539991,0.056150218,0.044539991,-0.056150218
5.560000,-0.044331430,0.056108499,0.044331430,-0.056108499
5.565000,-0.044126202,0.056067456,0.044126202,-0.056067456
5.570000,-0.043924456,0.056027119,0.043924456,-0.056027119
5.575000,-0.043726341,0.055987517,0.043726341,-0.055987517
5.580000,-0.043532002,0.055948678,0.043532002,-0.055948678
5.585000,-0.043341581,0.055910631,0.043341581,-0.055910631
5.590000,-0.043155220,0.055873403,0.043155220,-0.055873403
5.595000,-0.042973057,0.055837021,0.042973057,-0.055837021
5.600000,-0.042795226,0.055801511,0.042795226,-0.055801511
5.605000,-0.042621860,0.055766900,0.042621860,-0.055766900
5.610000,-0.042453088,0.055733212,0.042453088,-0.055733212
5.615000,-0.042289035,0.055700473,0.042289035,-0.055700473
5.620000,-0.042129826,0.055668706,0.042129826,-0.055668706
5.625000,-0.041975579,0.055637934,0.041975579,-0.055637934
5.630000,-0.041826409,0.055608181,0.041826409,-0.055608181
5.635000,-0.041682430,0.055579468,0.041682430,-0.055579468
5.640000,-0.041543750,0.055551815,0.041543750,-0.055551815
5.645000,-0.041410474,0.055525244,0.041410474,-0.055525244
5.650000,-0.041282701,0.055499775,0.041282701,-0.055499775
5.655000,-0.041160530,0.055475425,0.041160530,-0.055475425
5.660000,-0.041044052,0.055452213,0.041044052,-0.055452213
5.665000,-0.040933356,0.055430156,0.040933356,-0.055430156
5.670000,-0.040828526,0.055409271,0.040828526,-0.055409271
5.675000,-0.040729642,0.055389573,0.040729642,-0.055389573
5.680000,-0.040636780,0.055371076,0.040636780,-0.055371076
5.685000,-0.040550009,0.055353794,0.040550009,-0.055353794
5.690000,-0.040469397,0.055337740,0.040469397,-0.055337740
5.695000,-0.040395005,0.055322926,0.040395005,-0.055322926
5.700000,-0.040326889,0.055309363,0.040326889,-0.055309363
5.705000,-0.040265102,0.055297061,0.040265102,-0.055297061
5.710000,-0.040209691,0.055286030,0.040209691,-0.055286030
5.715000,-0.040160699,0.055276277,0.040160699,-0.055276277
5.720000,-0.040118163,0.055267809,0.040118163,-0.055267809
5.725000,-0.040082115,0.055260634,0.040082115,-0.055260634
5.730000,-0.040052584,0.055254756,0.040052584,-0.055254756
5.735000,-0.040029592,0.055250179,0.040029592,-0.055250179
5.740000,-0.040013156,0.055246908,0.040013156,-0.055246908
5.745000,-0.040003290,0.055244944,0.040003290,-0.055244944
5.750000,-0.040000000,0.055244289,0.040000000,-0.055244289
5.755000,-0.040003290,0.055244944,0.040003290,-0.055244944
5.760000,-0.040013156,0.055246908,0.040013156,-0.055246908
5.765000,-0.040029592,0.055250179,0.040029592,-0.055250179
5.770000,-0.040052584,0.055254756,0.040052584,-0.055254756
5.775000,-0.040082115,0.055260634,0.040082115,-0.055260634
5.780000,-0.040118163,0.055267809,0.040118163,-0.055267809
5.785000,-0.040160699,0.055276277,0.040160699,-0.055276277
5.790000,-0.040209691,0.055286030,0.040209691,-0.055286030
5.795000,-0.040265102,0.055297061,0.040265102,-0.055297061
5.800000,-0.040326889,0.055309363,0.040326889,-0.055309363
5.805000,-0.040395005,0.055322926,0.040395005,-0.055322926
5.810000,-0.040469397,0.055337740,0.040469397,-0.055337740
5.815000,-0.040550009,0.055353794,0.040550009,-0.055353794
5.820000,-0.040636780,0.055371076,0.040636780,-0.055371076
5.825000,-0.040729642,0.055389573,0.040729642,-0.055389573
5.830000,-0.040828526,0.055409271,0.040828526,-0.055409271
5.835000,-0.040933356,0.055430156,0.040933356,-0.055430156
5.840000,-0.041044052,0.055452213,0.041044052,-0.055452213
5.845000,-0.041160530,0.055475425,0.041160530,-0.055475425
5.850000,-0.041282701,0.055499775,0.041282701,-0.055499775
5.855000,-0.041410474,0.055525244,0.041410474,-0.055525244
5.860000,-0.041543750,0.055551815,0.041543750,-0.055551815
5.865000,-0.041682430,0.055579468,0.041682430,-0.055579468
5.870000,-0.041826409,0.055608181,0.041826409,-0.055608181
5.875000,-0.041975579,0.055637934,0.041975579,-0.055637934
5.880000,-0.042129826,0.055668706,0.042129826,-0.055668706
5.885000,-0.042289035,0.055700473,0.042289035,-0.055700473
5.890000,-0.042453088,0.055733212,0.042453088,-0.055733212
5.895000,-0.042621860,0.055766900,0.042621860,-0.055766900
5.900000,-0.042795226,0.055801511,0.042795226,-0.055801511
5.905000,-0.042973057,0.055837021,0.042973057,-0.055837021
5.910000,-0.043155220,0.055873403,0.043155220,-0.055873403
5.915000,-0.043341581,0.055910631,0.043341581,-0.055910631
5.920000,-0.043532002,0.055948678,0.043532002,-0.055948678
5.925000,-0.043726341,0.055987517,0.043726341,-0.055987517
5.930000,-0.043924456,0.056027119,0.043924456,-0.056027119
5.935000,-0.044126202,0.056067456,0.044126202,-0.056067456
5.940000,-0.044331430,0.056108499,0.044331430,-0.056108499
5.945000,-0.044539991,0.056150218,0.044539991,-0.056150218
5.950000,-0.044751733,0.056192583,0.044751733,-0.056192583
5.955000,-0.044966503,0.056235564,0.044966503,-0.056235564
5.960000,-0.045184145,0.056279131,0.045184145,-0.056279131
5.965000,-0.045404502,0.056323253,0.045404502,-0.056323253
5.970000,-0.045627417,0.056367897,0.045627417,-0.056367897
5.975000,-0.045852730,0.056413034,0.045852730,-0.056413034
5.980000,-0.046080280,0.056458630,0.046080280,-0.056458630
5.985000,-0.046309907,0.056504654,0.046309907,-0.056504654
5.990000,-0.046541447,0.056551074,0.046541447,-0.056551074
5.995000,-0.046774739,0.056597858,0.046774739,-0.056597858
6.000000,-0.047009619,0.056644972,0.047009619,-0.056644972
6.005000,-0.047245923,0.056692385,0.047245923,-0.056692385
6.010000,-0.047483489,0.056740063,0.047483489,-0.056740063
6.015000,-0.047722151,0.056787975,0.047722151,-0.056787975
6.020000,-0.047961747,0.056836087,0.047961747,-0.056836087
6.025000,-0.048202114,0.056884367,0.048202114,-0.056884367
6.030000,-0.048443088,0.056932782,0.048443088,-0.056932782
6.035000,-0.048684508,0.056981301,0.048684508,-0.056981301
6.040000,-0.048926211,0.057029889,0.048926211,-0.057029889
6.045000,-0.049168039,0.057078516,0.049168039,-0.057078516
6.050000,-0.049409830,0.057127148,0.049409830,-0.057127148
6.055000,-0.049651427,0.057175756,0.049651427,-0.057175756
6.060000,-0.049892674,0.057224305,0.049892674,-0.057224305
6.065000,-0.050133414,0.057272767,0.050133414,-0.057272767
6.070000,-0.050373495,0.057321108,0.050373495,-0.057321108
6.075000,-0.050612763,0.057369299,0.050612763,-0.057369299
6.080000,-0.050851070,0.057417310,0.050851070,-0.057417310
6.085000,-0.051088267,0.057465110,0.051088267,-0.057465110
6.090000,-0.051324208,0.057512670,0.051324208,-0.057512670
6.095000,-0.051558751,0.057559960,0.051558751,-0.057559960
6.100000,-0.051791754,0.057606953,0.051791754,-0.057606953
6.105000,-0.052023079,0.057653619,0.052023079,-0.057653619
6.110000,-0.052252591,0.057699932,0.052252591,-0.057699932
6.115000,-0.052480156,0.057745864,0.052480156,-0.057745864
6.120000,-0.052705645,0.057791388,0.052705645,-0.057791388
6.125000,-0.052928932,0.057836480,0.052928932,-0.057836480
6.130000,-0.053149893,0.057881113,0.053149893,-0.057881113
6.135000,-0.053368408,0.057925263,0.053368408,-0.057925263
6.140000,-0.053584360,0.057968906,0.053584360,-0.057968906
6.145000,-0.053797636,0.058012019,0.053797636,-0.058012019
6.150000,-0.054008126,0.058054579,0.054008126,-0.058054579
6.155000,-0.054215725,0.058096564,0.054215725,-0.058096564
6.160000,-0.054420331,0.058137954,0.054420331,-0.058137954
6.165000,-0.054621845,0.058178728,0.054621845,-0.058178728
6.170000,-0.054820174,0.058218866,0.054820174,-0.058218866
6.175000,-0.055015227,0.058258351,0.055015227,-0.058258351
6.180000,-0.055206919,0.058297163,0.055206919,-0.058297163
6.185000,-0.055395167,0.058335287,0.055395167,-0.058335287
6.190000,-0.055579896,0.058372706,0.055579896,-0.058372706
6.195000,-0.055761031,0.058409404,0.055761031,-0.058409404
6.200000,-0.055938504,0.058445368,0.055938504,-0.058445368
6.205000,-0.056112251,0.058480584,0.056112251,-0.058480584
6.210000,-0.056282212,0.058515040,0.056282212,-0.058515040
6.215000,-0.056448333,0.058548723,0.056448333,-0.058548723
6.220000,-0.056610563,0.058581624,0.056610563,-0.058581624
6.225000,-0.056768856,0.058613732,0.056768856,-0.058613732
6.230000,-0.056923172,0.058645039,0.056923172,-0.058645039
6.235000,-0.057073473,0.058675536,0.057073473,-0.058675536
6.240000,-0.057219729,0.058705218,0.057219729,-0.058705218
6.245000,-0.057361912,0.058734078,0.057361912,-0.058734078
6.250000,-0.057500000,0.058762112,0.057500000,-0.058762112
6.255000,-0.057633976,0.058789315,0.057633976,-0.058789315
6.260000,-0.057763829,0.058815685,0.057763829,-0.058815685
6.265000,-0.057889548,0.058841219,0.057889548,-0.058841219
6.270000,-0.058011133,0.058865916,0.058011133,-0.058865916
6.275000,-0.058128584,0.058889778,0.058128584,-0.058889778
6.280000,-0.058241909,0.058912804,0.058241909,-0.058912804
6.285000,-0.058351117,0.058934997,0.058351117,-0.058934997
6.290000,-0.058456226,0.058956359,0.058456226,-0.058956359
6.295000,-0.058557257,0.058976894,0.058557257,-0.058976894
6.300000,-0.058654233,0.058996608,0.058654233,-0.058996608
6.305000,-0.058747185,0.059015506,0.058747185,-0.059015506
6.310000,-0.058836149,0.059033595,0.058836149,-0.059033595
6.315000,-0.058921161,0.059050882,0.058921161,-0.059050882
6.320000,-0.059002267,0.059067376,0.059002267,-0.059067376
6.325000,-0.059079513,0.059083087,0.059079513,-0.059083087
6.330000,-0.059152953,0.059098025,0.059152953,-0.059098025
6.335000,-0.059222641,0.059112201,0.059222641,-0.059112201
6.340000,-0.059288640,0.059125628,0.059288640,-0.059125628
6.345000,-0.059351013,0.059138318,0.059351013,-0.059138318
6.350000,-0.059409830,0.059150285,0.059409830,-0.059150285
6.355000,-0.059465163,0.059161544,0.059465163,-0.059161544
6.360000,-0.059517089,0.059172111,0.059517089,-0.059172111
6.365000,-0.059565689,0.059182001,0.059565689,-0.059182001
6.370000,-0.059611046,0.059191231,0.059611046,-0.059191231
6.375000,-0.059653248,0.059199821,0.059653248,-0.059199821
6.380000,-0.059692387,0.059207787,0.059692387,-0.059207787
6.385000,-0.059728557,0.059215149,0.059728557,-0.059215149
6.390000,-0.059761857,0.059221927,0.059761857,-0.059221927
6.395000,-0.059792387,0.059228142,0.059792387,-0.059228142
6.400000,-0.059820251,0.059233814,0.059820251,-0.059233814
6.405000,-0.059845557,0.059238965,0.059845557,-0.059238965
6.410000,-0.059868414,0.059243619,0.059868414,-0.059243619
6.415000,-0.059888936,0.059247797,0.059888936,-0.059247797
6.420000,-0.059907237,0.059251522,0.059907237,-0.059251522
6.425000,-0.059923436,0.059254820,0.059923436,-0.059254820
6.430000,-0.059937651,0.059257714,0.059937651,-0.059257714
6.435000,-0.059950006,0.059260230,0.059950006,-0.059260230
6.440000,-0.059960624,0.059262392,0.059960624,-0.059262392
6.445000,-0.059969632,0.059264226,0.059969632,-0.059264226
6.450000,-0.059977158,0.059265758,0.059977158,-0.059265758
6.455000,-0.059983331,0.059267015,0.059983331,-0.059267015
6.460000,-0.059988282,0.059268023,0.059988282,-0.059268023
6.465000,-0.059992143,0.059268809,0.059992143,-0.059268809
6.470000,-0.059995049,0.059269401,0.059995049,-0.059269401
6.475000,-0.059997133,0.059269825,0.059997133,-0.059269825
6.480000,-0.059998531,0.059270110,0.059998531,-0.059270110
6.485000,-0.059999380,0.059270283,0.059999380,-0.059270283
6.490000,-0.059999816,0.059270372,0.059999816,-0.059270372
6.495000,-0.059999977,0.059270404,0.059999977,-0.059270404
6.500000,-0.060000000,0.059270409,0.060000000,-0.059270409
6.505000,-0.060000023,0.059270414,0.060000023,-0.059270414
6.510000,-0.060000184,0.059270446,0.060000184,-0.059270446
6.515000,-0.060000620,0.059270535,0.060000620,-0.059270535
6.520000,-0.060001469,0.059270708,0.060001469,-0.059270708
6.525000,-0.060002867,0.059270993,0.060002867,-0.059270993
6.530000,-0.060004951,0.059271417,0.060004951,-0.059271417
6.535000,-0.060007857,0.059272009,0.060007857,-0.059272009
6.540000,-0.060011718,0.059272795,0.060011718,-0.059272795
6.545000,-0.060016669,0.059273803,0.060016669,-0.059273803
6.550000,-0.060022842,0.059275060,0.060022842,-0.059275060
6.555000,-0.060030368,0.059276592,0.060030368,-0.059276592
6.560000,-0.060039376,0.059278426,0.060039376,-0.059278426
6.565000,-0.060049994,0.059280589,0.060049994,-0.059280589
6.570000,-0.060062349,0.059283104,0.060062349,-0.059283104
6.575000,-0.060076564,0.059285999,0.060076564,-0.059285999
6.580000,-0.060092763,0.059289297,0.060092763,-0.059289297
6.585000,-0.060111064,0.059293024,0.060111064,-0.059293024
6.590000,-0.060131586,0.059297203,0.060131586,-0.059297203
6.595000,-0.060154443,0.059301858,0.060154443,-0.059301858
6.600000,-0.060179749,0.059307011,0.060179749,-0.059307011
6.605000,-0.060207613,0.059312686,0.060207613,-0.059312686
6.610000,-0.060238143,0.059318904,0.060238143,-0.059318904
6.615000,-0.060271443,0.059325686,0.060271443,-0.059325686
6.620000,-0.060307613,0.059333053,0.060307613,-0.059333053
6.625000,-0.060346752,0.059341025,0.060346752,-0.059341025
6.630000,-0.060388954,0.059349622,0.060388954,-0.059349622
6.635000,-0.060434311,0.059358861,0.060434311,-0.059358861
6.640000,-0.060482911,0.059368762,0.060482911,-0.059368762
6.645000,-0.060534837,0.059379341,0.060534837,-0.059379341
6.650000,-0.060590170,0.059390614,0.060590170,-0.059390614
6.655000,-0.060648987,0.059402599,0.060648987,-0.059402599
6.660000,-0.060711360,0.059415308,0.060711360,-0.059415308
6.665000,-0.060777359,0.059428758,0.060777359,-0.059428758
6.670000,-0.060847047,0.059442960,0.060847047,-0.059442960
6.675000,-0.060920487,0.059457929,0.060920487,-0.059457929
6.680000,-0.060997733,0.059473674,0.060997733,-0.059473674
6.685000,-0.061078839,0.059490208,0.061078839,-0.059490208
6.690000,-0.061163851,0.059507540,0.061163851,-0.059507540
6.695000,-0.061252815,0.059525679,0.061252815,-0.059525679
6.700000,-0.061345767,0.059544633,0.061345767,-0.059544633
6.705000,-0.061442743,0.059564410,0.061442743,-0.059564410
6.710000,-0.061543774,0.059585016,0.061543774,-0.059585016
6.715000,-0.061648883,0.059606457,0.061648883,-0.059606457
6.720000,-0.061758091,0.059628736,0.061758091,-0.059628736
6.725000,-0.061871416,0.059651859,0.061871416,-0.059651859
6.730000,-0.061988867,0.059675826,0.061988867,-0.059675826
6.735000,-0.062110452,0.059700640,0.062110452,-0.059700640
6.740000,-0.062236171,0.059726302,0.062236171,-0.059726302
6.745000,-0.062366024,0.059752811,0.062366024,-0.059752811
6.750000,-0.062500000,0.059780167,0.062500000,-0.059780167
6.755000,-0.062638088,0.059808366,0.062638088,-0.059808366
6.760000,-0.062780271,0.059837406,0.062780271,-0.059837406
6.765000,-0.062926527,0.059867283,0.062926527,-0.059867283
6.770000,-0.063076828,0.059897992,0.063076828,-0.059897992
6.775000,-0.063231144,0.059929526,0.063231144,-0.059929526
6.780000,-0.063389437,0.059961879,0.063389437,-0.059961879
6.785000,-0.063551667,0.059995043,0.063551667,-0.059995043
6.790000,-0.063717788,0.060029009,0.063717788,-0.060029009
6.795000,-0.063887749,0.060063766,0.063887749,-0.060063766
6.800000,-0.064061496,0.060099305,0.064061496,-0.060099305
6.805000,-0.064238969,0.060135614,0.064238969,-0.060135614
6.810000,-0.064420104,0.060172679,0.064420104,-0.060172679
6.815000,-0.064604833,0.060210487,0.064604833,-0.060210487
6.820000,-0.064793081,0.060249024,0.064793081,-0.060249024
6.825000,-0.064984773,0.060288275,0.064984773,-0.060288275
6.830000,-0.065179826,0.060328223,0.065179826,-0.060328223
6.835000,-0.065378155,0.060368851,0.065378155,-0.060368851
6.840000,-0.065579669,0.060410141,0.065579669,-0.060410141
6.845000,-0.065784275,0.060452074,0.065784275,-0.060452074
6.850000,-0.065991874,0.060494631,0.065991874,-0.060494631
6.855000,-0.066202364,0.060537791,0.066202364,-0.060537791
6.860000,-0.066415640,0.060581533,0.066415640,-0.060581533
6.865000,-0.066631592,0.060625834,0.066631592,-0.060625834
6.870000,-0.066850107,0.060670673,0.066850107,-0.060670673
6.875000,-0.067071068,0.060716025,0.067071068,-0.060716025
6.880000,-0.067294355,0.060761866,0.067294355,-0.060761866
6.885000,-0.067519844,0.060808172,0.067519844,-0.060808172
6.890000,-0.067747409,0.060854916,0.067747409,-0.060854916
6.895000,-0.067976921,0.060902072,0.067976921,-0.060902072
6.900000,-0.068208246,0.060949614,0.068208246,-0.060949614
6.905000,-0.068441249,0.060997513,0.068441249,-0.060997513
6.910000,-0.068675792,0.061045742,0.068675792,-0.061045742
6.915000,-0.068911733,0.061094271,0.068911733,-0.061094271
6.920000,-0.069148930,0.061143073,0.069148930,-0.061143073
6.925000,-0.069387237,0.061192116,0.069387237,-0.061192116
6.930000,-0.069626505,0.061241371,0.069626505,-0.061241371
6.935000,-0.069866586,0.061290806,0.069866586,-0.061290806
6.940000,-0.070107326,0.061340391,0.070107326,-0.061340391
6.945000,-0.070348573,0.061390095,0.070348573,-0.061390095
6.950000,-0.070590170,0.061439884,0.070590170,-0.061439884
6.955000,-0.070831961,0.061489728,0.070831961,-0.061489728
6.960000,-0.071073789,0.061539593,0.071073789,-0.061539593
6.965000,-0.071315492,0.061589446,0.071315492,-0.061589446
6.970000,-0.071556912,0.061639255,0.071556912,-0.061639255
6.975000,-0.071797886,0.061688986,0.071797886,-0.061688986
6.980000,-0.072038253,0.061738605,0.072038253,-0.061738605
6.985000,-0.072277849,0.061788080,0.072277849,-0.061788080
6.990000,-0.072516511,0.061837375,0.072516511,-0.061837375
6.995000,-0.072754077,0.061886456,0.072754077,-0.061886456
7.000000,-0.072990381,0.061935291,0.072990381,-0.061935291
7.005000,-0.073225261,0.061983845,0.073225261,-0.061983845
7.010000,-0.073458553,0.062032084,0.073458553,-0.062032084
7.015000,-0.073690093,0.062079973,0.073690093,-0.062079973
7.020000,-0.073919720,0.062127480,0.073919720,-0.062127480
7.025000,-0.074147270,0.062174569,0.074147270,-0.062174569
7.030000,-0.074372583,0.062221208,0.074372583,-0.062221208
7.035000,-0.074595498,0.062267362,0.074595498,-0.062267362
7.040000,-0.074815855,0.062312999,0.074815855,-0.062312999
7.045000,-0.075033497,0.062358084,0.075033497,-0.062358084
7.050000,-0.075248267,0.062402586,0.075248267,-0.062402586
7.055000,-0.075460009,0.062446472,0.075460009,-0.062446472
7.060000,-0.075668570,0.062489708,0.075668570,-0.062489708
7.065000,-0.075873798,0.062532264,0.075873798,-0.062532264
7.070000,-0.076075544,0.062574108,0.076075544,-0.062574108
7.075000,-0.076273659,0.062615209,0.076273659,-0.062615209
7.080000,-0.076467998,0.062655535,0.076467998,-0.062655535
7.085000,-0.076658419,0.062695057,0.076658419,-0.062695057
7.090000,-0.076844780,0.062733745,0.076844780,-0.062733745
7.095000,-0.077026943,0.062771570,0.077026943,-0.062771570
7.100000,-0.077204774,0.062808503,0.077204774,-0.062808503
7.105000,-0.077378140,0.062844516,0.077378140,-0.062844516
7.110000,-0.077546912,0.062879581,0.077546912,-0.062879581
7.115000,-0.077710965,0.062913673,0.077710965,-0.062913673
7.120000,-0.077870174,0.062946764,0.077870174,-0.062946764
7.125000,-0.078024421,0.062978831,0.078024421,-0.062978831
7.130000,-0.078173591,0.063009846,0.078173591,-0.063009846
7.135000,-0.078317570,0.063039788,0.078317570,-0.063039788
7.140000,-0.078456250,0.063068633,0.078456250,-0.063068633
7.145000,-0.078589526,0.063096358,0.078589526,-0.063096358
7.150000,-0.078717299,0.063122942,0.078717299,-0.063122942
7.155000,-0.078839470,0.063148365,0.078839470,-0.063148365
7.160000,-0.078955948,0.063172606,0.078955948,-0.063172606
7.165000,-0.079066644,0.063195647,0.079066644,-0.063195647
7.170000,-0.079171474,0.063217470,0.079171474,-0.063217470
7.175000,-0.079270358,0.063238057,0.079270358,-0.063238057
7.180000,-0.079363220,0.063257393,0.079363220,-0.063257393
7.185000,-0.079449991,0.063275462,0.079449991,-0.063275462
7.190000,-0.079530603,0.063292250,0.079530603,-0.063292250
7.195000,-0.079604995,0.063307745,0.079604995,-0.063307745
7.200000,-0.079673111,0.063321933,0.079673111,-0.063321933
7.205000,-0.079734898,0.063334805,0.079734898,-0.063334805
7.210000,-0.079790309,0.063346348,0.079790309,-0.063346348
7.215000,-0.079839301,0.063356555,0.079839301,-0.063356555
7.220000,-0.079881837,0.063365418,0.079881837,-0.063365418
7.225000,-0.079917885,0.063372929,0.079917885,-0.063372929
7.230000,-0.079947416,0.063379082,0.079947416,-0.063379082
7.235000,-0.079970408,0.063383873,0.079970408,-0.063383873
7.240000,-0.079986844,0.063387298,0.079986844,-0.063387298
7.245000,-0.079996710,0.063389354,0.079996710,-0.063389354
7.250000,-0.080000000,0.063390040,0.080000000,-0.063390040
7.255000,-0.079996710,0.063389354,0.079996710,-0.063389354
7.260000,-0.079986844,0.063387298,0.079986844,-0.063387298
7.265000,-0.079970408,0.063383873,0.079970408,-0.063383873
7.270000,-0.079947416,0.063379082,0.079947416,-0.063379082
7.275000,-0.079917885,0.063372929,0.079917885,-0.063372929
7.280000,-0.079881837,0.063365418,0.079881837,-0.063365418
7.285000,-0.079839301,0.063356555,0.079839301,-0.063356555
7.290000,-0.079790309,0.063346348,0.079790309,-0.063346348
7.295000,-0.079734898,0.063334805,0.079734898,-0.063334805
7.300000,-0.079673111,0.063321933,0.079673111,-0.063321933
7.305000,-0.079604995,0.063307745,0.079604995,-0.063307745
7.310000,-0.079530603,0.063292250,0.079530603,-0.063292250
7.315000,-0.079449991,0.063275462,0.079449991,-0.063275462
7.320000,-0.079363220,0.063257393,0.079363220,-0.063257393
7.325000,-0.079270358,0.063238057,0.079270358,-0.063238057
7.330000,-0.079171474,0.063217470,0.079171474,-0.063217470
7.335000,-0.079066644,0.063195647,0.079066644,-0.063195647
7.340000,-0.078955948,0.063172606,0.078955948,-0.063172606
7.345000,-0.078839470,0.063148365,0.078839470,-0.063148365
7.350000,-0.078717299,0.063122942,0.078717299,-0.063122942
7.355000,-0.078589526,0.063096358,0.078589526,-0.063096358
7.360000,-0.078456250,0.063068633,0.078456250,-0.063068633
7.365000,-0.078317570,0.063039788,0.078317570,-0.063039788
7.370000,-0.078173591,0.063009846,0.078173591,-0.063009846
7.375000,-0.078024421,0.062978831,0.078024421,-0.062978831
7.380000,-0.077870174,0.062946764,0.077870174,-0.062946764
7.385000,-0.077710965,0.062913673,0.077710965,-0.062913673
7.390000,-0.077546912,0.062879581,0.077546912,-0.062879581
7.395000,-0.077378140,0.062844516,0.077378140,-0.062844516
7.400000,-0.077204774,0.062808503,0.077204774,-0.062808503
7.405000,-0.077026943,0.062771570,0.077026943,-0.062771570
7.410000,-0.076844780,0.062733745,0.076844780,-0.062733745
7.415000,-0.076658419,0.062695057,0.076658419,-0.062695057
7.420000,-0.076467998,0.062655535,0.076467998,-0.062655535
7.425000,-0.076273659,0.062615209,0.076273659,-0.062615209
7.430000,-0.076075544,0.062574108,0.076075544,-0.062574108
7.435000,-0.075873798,0.062532264,0.075873798,-0.062532264
7.440000,-0.075668570,0.062489708,0.075668570,-0.062489708
7.445000,-0.075460009,0.062446472,0.075460009,-0.062446472
7.450000,-0.075248267,0.062402586,0.075248267,-0.062402586
7.455000,-0.075033497,0.062358084,0.075033497,-0.062358084
7.460000,-0.074815855,0.062312999,0.074815855,-0.062312999
7.465000,-0.074595498,0.062267362,0.074595498,-0.062267362
7.470000,-0.074372583,0.062221208,0.074372583,-0.062221208
7.475000,-0.074147270,0.062174569,0.074147270,-0.062174569
7.480000,-0.073919720,0.062127480,0.073919720,-0.062127480
7.485000,-0.073690093,0.062079973,0.073690093,-0.062079973
7.490000,-0.073458553,0.062032084,0.073458553,-0.062032084
7.495000,-0.073225261,0.061983845,0.073225261,-0.061983845
7.500000,-0.072990381,0.061935291,0.072990381,-0.061935291
7.505000,-0.072754077,0.061886456,0.072754077,-0.061886456
7.510000,-0.072516511,0.061837375,0.072516511,-0.061837375
7.515000,-0.072277849,0.061788080,0.072277849,-0.061788080
7.520000,-0.072038253,0.061738605,0.072038253,-0.061738605
7.525000,-0.071797886,0.061688986,0.071797886,-0.061688986
7.530000,-0.071556912,0.061639255,0.071556912,-0.061639255
7.535000,-0.071315492,0.061589446,0.071315492,-0.061589446
7.540000,-0.071073789,0.061539593,0.071073789,-0.061539593
7.545000,-0.070831961,0.061489728,0.070831961,-0.061489728
7.550000,-0.070590170,0.061439884,0.070590170,-0.061439884
7.555000,-0.070348573,0.061390095,0.070348573,-0.061390095
7.560000,-0.070107326,0.061340391,0.070107326,-0.061340391
7.565000,-0.069866586,0.061290806,0.069866586,-0.061290806
7.570000,-0.069626505,0.061241371,0.069626505,-0.061241371
7.575000,-0.069387237,0.061192116,0.069387237,-0.061192116
7.580000,-0.069148930,0.061143073,0.069148930,-0.061143073
7.585000,-0.068911733,0.061094271,0.068911733,-0.061094271
7.590000,-0.068675792,0.061045742,0.068675792,-0.061045742
7.595000,-0.068441249,0.060997513,0.068441249,-0.060997513
7.600000,-0.068208246,0.060949614,0.068208246,-0.060949614
7.605000,-0.067976921,0.060902072,0.067976921,-0.060902072
7.610000,-0.067747409,0.060854916,0.067747409,-0.060854916
7.615000,-0.067519844,0.060808172,0.067519844,-0.060808172
7.620000,-0.067294355,0.060761866,0.067294355,-0.060761866
7.625000,-0.067071068,0.060716025,0.067071068,-0.060716025
7.630000,-0.066850107,0.060670673,0.066850107,-0.060670673
7.635000,-0.066631592,0.060625834,0.066631592,-0.060625834
7.640000,-0.066415640,0.060581533,0.066415640,-0.060581533
7.645000,-0.066202364,0.060537791,0.066202364,-0.060537791
7.650000,-0.065991874,0.060494631,0.065991874,-0.060494631
7.655000,-0.065784275,0.060452074,0.065784275,-0.060452074
7.660000,-0.065579669,0.060410141,0.065579669,-0.060410141
7.665000,-0.065378155,0.060368851,0.065378155,-0.060368851
7.670000,-0.065179826,0.060328223,0.065179826,-0.060328223
7.675000,-0.064984773,0.060288275,0.064984773,-0.060288275
7.680000,-0.064793081,0.060249024,0.064793081,-0.060249024
7.685000,-0.064604833,0.060210487,0.064604833,-0.060210487
7.690000,-0.064420104,0.060172679,0.064420104,-0.060172679
7.695000,-0.064238969,0.060135614,0.064238969,-0.060135614
7.700000,-0.064061496,0.060099305,0.064061496,-0.060099305
7.705000,-0.063887749,0.060063766,0.063887749,-0.060063766
7.710000,-0.063717788,0.060029009,0.063717788,-0.060029009
7.715000,-0.063551667,0.059995043,0.063551667,-0.059995043
7.720000,-0.063389437,0.059961879,0.063389437,-0.059961879
7.725000,-0.063231144,0.059929526,0.063231144,-0.059929526
7.730000,-0.063076828,0.059897992,0.063076828,-0.059897992
7.735000,-0.062926527,0.059867283,0.062926527,-0.059867283
7.740000,-0.062780271,0.059837406,0.062780271,-0.059837406
7.745000,-0.062638088,0.059808366,0.062638088,-0.059808366
7.750000,-0.062500000,0.059780167,0.062500000,-0.059780167
7.755000,-0.062366024,0.059752811,0.062366024,-0.059752811
7.760000,-0.062236171,0.059726302,0.062236171,-0.059726302
7.765000,-0.062110452,0.059700640,0.062110452,-0.059700640
7.770000,-0.061988867,0.059675826,0.061988867,-0.059675826
7.775000,-0.061871416,0.059651859,0.061871416,-0.059651859
7.780000,-0.061758091,0.059628736,0.061758091,-0.059628736
7.785000,-0.061648883,0.059606457,0.061648883,-0.059606457
7.790000,-0.061543774,0.059585016,0.061543774,-0.059585016
7.795000,-0.061442743,0.059564410,0.061442743,-0.059564410
7.800000,-0.061345767,0.059544633,0.061345767,-0.059544633
7.805000,-0.061252815,0.059525679,0.061252815,-0.059525679
7.810000,-0.061163851,0.059507540,0.061163851,-0.059507540
7.815000,-0.061078839,0.059490208,0.061078839,-0.059490208
7.820000,-0.060997733,0.059473674,0.060997733,-0.059473674
7.825000,-0.060920487,0.059457929,0.060920487,-0.059457929
7.830000,-0.060847047,0.059442960,0.060847047,-0.059442960
7.835000,-0.060777359,0.059428758,0.060777359,-0.059428758
7.840000,-0.060711360,0.059415308,0.060711360,-0.059415308
7.845000,-0.060648987,0.059402599,0.060648987,-0.059402599
7.850000,-0.060590170,0.059390614,0.060590170,-0.059390614
7.855000,-0.060534837,0.059379341,0.060534837,-0.059379341
7.860000,-0.060482911,0.059368762,0.060482911,-0.059368762
7.865000,-0.060434311,0.059358861,0.060434311,-0.059358861
7.870000,-0.060388954,0.059349622,0.060388954,-0.059349622
7.875000,-0.060346752,0.059341025,0.060346752,-0.059341025
7.880000,-0.060307613,0.059333053,0.060307613,-0.059333053
7.885000,-0.060271443,0.059325686,0.060271443,-0.059325686
7.890000,-0.060238143,0.059318904,0.060238143,-0.059318904
7.895000,-0.060207613,0.059312686,0.060207613,-0.059312686
7.900000,-0.060179749,0.059307011,0.060179749,-0.059307011
7.905000,-0.060154443,0.059301858,0.060154443,-0.059301858
7.910000,-0.060131586,0.059297203,0.060131586,-0.059297203
7.915000,-0.060111064,0.059293024,0.060111064,-0.059293024
7.920000,-0.060092763,0.059289297,0.060092763,-0.059289297
7.925000,-0.060076564,0.059285999,0.060076564,-0.059285999
7.930000,-0.060062349,0.059283104,0.060062349,-0.059283104
7.935000,-0.060049994,0.059280589,0.060049994,-0.059280589
7.940000,-0.060039376,0.059278426,0.060039376,-0.059278426
7.945000,-0.060030368,0.059276592,0.060030368,-0.059276592
7.950000,-0.060022842,0.059275060,0.060022842,-0.059275060
7.955000,-0.060016669,0.059273803,0.060016669,-0.059273803
7.960000,-0.060011718,0.059272795,0.060011718,-0.059272795
7.965000,-0.060007857,0.059272009,0.060007857,-0.059272009
7.970000,-0.060004951,0.059271417,0.060004951,-0.059271417
7.975000,-0.060002867,0.059270993,0.060002867,-0.059270993
7.980000,-0.060001469,0.059270708,0.060001469,-0.059270708
7.985000,-0.060000620,0.059270535,0.060000620,-0.059270535
7.990000,-0.060000184,0.059270446,0.060000184,-0.059270446
7.995000,-0.060000023,0.059270414,0.060000023,-0.059270414
8.000000,-0.060000000,0.059270409,0.060000000,-0.059270409
8.005000,-0.060000000,0.059270409,0.060000000,-0.059270409
8.010000,-0.060000000,0.059270409,0.060000000,-0.059270409
8.015000,-0.060000000,0.059270409,0.060000000,-0.059270409
8.020000,-0.060000000,0.059270409,0.060000000,-0.059270409
8.025000,-0.060000000,0.059270409,0.060000000,-0.059270409
8.030000,-0.060000000,0.059270409,0.060000000,-0.059270409
8.035000,-0.060000000,0.059270409,0.060000000,-0.059270409
8.040000,-0.060000000,0.059270409,0.060000000,-0.059270409
8.045000,-0.060000000,0.059270409,0.060000000,-0.059270409
8.050000,-0.060000000,0.059270409,0.060000000,-0.059270409
8.055000,-0.060000000,0.059270409,0.060000000,-0.059270409
8.060000,-0.060000000,0.059270409,0.060000000,-0.059270409
8.065000,-0.060000000,0.059270409,0.060000000,-0.059270409
8.070000,-0.060000000,0.059270409,0.060000000,-0.059270409
8.075000,-0.060000000,0.059270409,0.060000000,-0.059270409
8.080000,-0.060000000,0.059270409,0.060000000,-0.059270409
8.085000,-0.060000000,0.059270409,0.060000000,-0.059270409
8.090000,-0.060000000,0.059270409,0.060000000,-0.059270409
8.095000,-0.060000000,0.059270409,0.060000000,-0.059270409
8.100000,-0.060000000,0.059270409,0.060000000,-0.059270409
8.105000,-0.060000000,0.059270409,0.060000000,-0.059270409
8.110000,-0.060000000,0.059270409,0.060000000,-0.059270409
8.115000,-0.060000000,0.059270409,0.060000000,-0.059270409
8.120000,-0.060000000,0.059270409,0.060000000,-0.059270409
8.125000,-0.060000000,0.059270409,0.060000000,-0.059270409
8.130000,-0.060000000,0.059270409,0.060000000,-0.059270409
8.135000,-0.060000000,0.059270409,0.060000000,-0.059270409
8.140000,-0.060000000,0.059270409,0.060000000,-0.059270409
8.145000,-0.060000000,0.059270409,0.060000000,-0.059270409
8.150000,-0.060000000,0.059270409,0.060000000,-0.059270409
8.155000,-0.060000000,0.059270409,0.060000000,-0.059270409
8.160000,-0.060000000,0.059270409,0.060000000,-0.059270409
8.165000,-0.060000000,0.059270409,0.060000000,-0.059270409
8.170000,-0.060000000,0.059270409,0.060000000,-0.059270409
8.175000,-0.060000000,0.059270409,0.060000000,-0.059270409
8.180000,-0.060000000,0.059270409,0.060000000,-0.059270409
8.185000,-0.060000000,0.059270409,0.060000000,-0.059270409
8.190000,-0.060000000,0.059270409,0.060000000,-0.059270409
8.195000,-0.060000000,0.059270409,0.060000000,-0.059270409
8.200000,-0.060000000,0.059270409,0.060000000,-0.059270409
8.205000,-0.060000000,0.059270409,0.060000000,-0.059270409
8.210000,-0.060000000,0.059270409,0.060000000,-0.059270409
8.215000,-0.060000000,0.059270409,0.060000000,-0.059270409
8.220000,-0.060000000,0.059270409,0.060000000,-0.059270409
8.225000,-0.060000000,0.059270409,0.060000000,-0.059270409
8.230000,-0.060000000,0.059270409,0.060000000,-0.059270409
8.235000,-0.060000000,0.059270409,0.060000000,-0.059270409
8.240000,-0.060000000,0.059270409,0.060000000,-0.059270409
8.245000,-0.060000000,0.059270409,0.060000000,-0.059270409
8.250000,-0.060000000,0.059270409,0.060000000,-0.059270409
8.255000,-0.060000000,0.059270409,0.060000000,-0.059270409
8.260000,-0.060000000,0.059270409,0.060000000,-0.059270409
8.265000,-0.060000000,0.059270409,0.060000000,-0.059270409
8.270000,-0.060000000,0.059270409,0.060000000,-0.059270409
8.275000,-0.060000000,0.059270409,0.060000000,-0.059270409
8.280000,-0.060000000,0.059270409,0.060000000,-0.059270409
8.285000,-0.060000000,0.059270409,0.060000000,-0.059270409
8.290000,-0.060000000,0.059270409,0.060000000,-0.059270409
8.295000,-0.060000000,0.059270409,0.060000000,-0.059270409
8.300000,-0.060000000,0.059270409,0.060000000,-0.059270409
8.305000,-0.060000000,0.059270409,0.060000000,-0.059270409
8.310000,-0.060000000,0.059270409,0.060000000,-0.059270409
8.315000,-0.060000000,0.059270409,0.060000000,-0.059270409
8.320000,-0.060000000,0.059270409,0.060000000,-0.059270409
8.325000,-0.060000000,0.059270409,0.060000000,-0.059270409
8.330000,-0.060000000,0.059270409,0.060000000,-0.059270409
8.335000,-0.060000000,0.059270409,0.060000000,-0.059270409
8.340000,-0.060000000,0.059270409,0.060000000,-0.059270409
8.345000,-0.060000000,0.059270409,0.060000000,-0.059270409
8.350000,-0.060000000,0.059270409,0.060000000,-0.059270409
8.355000,-0.060000000,0.059270409,0.060000000,-0.059270409
8.360000,-0.060000000,0.059270409,0.060000000,-0.059270409
8.365000,-0.060000000,0.059270409,0.060000000,-0.059270409
8.370000,-0.060000000,0.059270409,0.060000000,-0.059270409
8.375000,-0.060000000,0.059270409,0.060000000,-0.059270409
8.380000,-0.060000000,0.059270409,0.060000000,-0.059270409
8.385000,-0.060000000,0.059270409,0.060000000,-0.059270409
8.390000,-0.060000000,0.059270409,0.060000000,-0.059270409
8.395000,-0.060000000,0.059270409,0.060000000,-0.059270409
8.400000,-0.060000000,0.059270409,0.060000000,-0.059270409
8.405000,-0.060000000,0.059270409,0.060000000,-0.059270409
8.410000,-0.060000000,0.059270409,0.060000000,-0.059270409
8.415000,-0.060000000,0.059270409,0.060000000,-0.059270409
8.420000,-0.060000000,0.059270409,0.060000000,-0.059270409
8.425000,-0.060000000,0.059270409,0.060000000,-0.059270409
8.430000,-0.060000000,0.059270409,0.060000000,-0.059270409
8.435000,-0.060000000,0.059270409,0.060000000,-0.059270409
8.440000,-0.060000000,0.059270409,0.060000000,-0.059270409
8.445000,-0.060000000,0.059270409,0.060000000,-0.059270409
8.450000,-0.060000000,0.059270409,0.060000000,-0.059270409
8.455000,-0.060000000,0.059270409,0.060000000,-0.059270409
8.460000,-0.060000000,0.059270409,0.060000000,-0.059270409
8.465000,-0.060000000,0.059270409,0.060000000,-0.059270409
8.470000,-0.060000000,0.059270409,0.060000000,-0.059270409
8.475000,-0.060000000,0.059270409,0.060000000,-0.059270409
8.480000,-0.060000000,0.059270409,0.060000000,-0.059270409
8.485000,-0.060000000,0.059270409,0.060000000,-0.059270409
8.490000,-0.060000000,0.059270409,0.060000000,-0.059270409
8.495000,-0.060000000,0.059270409,0.060000000,-0.059270409
8.500000,-0.060000000,0.059270409,0.060000000,-0.059270409
8.505000,-0.060000000,0.059270409,0.060000000,-0.059270409
8.510000,-0.060000000,0.059270409,0.060000000,-0.059270409
8.515000,-0.060000000,0.059270409,0.060000000,-0.059270409
8.520000,-0.060000000,0.059270409,0.060000000,-0.059270409
8.525000,-0.060000000,0.059270409,0.060000000,-0.059270409
8.530000,-0.060000000,0.059270409,0.060000000,-0.059270409
8.535000,-0.060000000,0.059270409,0.060000000,-0.059270409
8.540000,-0.060000000,0.059270409,0.060000000,-0.059270409
8.545000,-0.060000000,0.059270409,0.060000000,-0.059270409
8.550000,-0.060000000,0.059270409,0.060000000,-0.059270409
8.555000,-0.060000000,0.059270409,0.060000000,-0.059270409
8.560000,-0.060000000,0.059270409,0.060000000,-0.059270409
8.565000,-0.060000000,0.059270409,0.060000000,-0.059270409
8.570000,-0.060000000,0.059270409,0.060000000,-0.059270409
8.575000,-0.060000000,0.059270409,0.060000000,-0.059270409
8.580000,-0.060000000,0.059270409,0.060000000,-0.059270409
8.585000,-0.060000000,0.059270409,0.060000000,-0.059270409
8.590000,-0.060000000,0.059270409,0.060000000,-0.059270409
8.595000,-0.060000000,0.059270409,0.060000000,-0.059270409
8.600000,-0.060000000,0.059270409,0.060000000,-0.059270409
8.605000,-0.060000000,0.059270409,0.060000000,-0.059270409
8.610000,-0.060000000,0.059270409,0.060000000,-0.059270409
8.615000,-0.060000000,0.059270409,0.060000000,-0.059270409
8.620000,-0.060000000,0.059270409,0.060000000,-0.059270409
8.625000,-0.060000000,0.059270409,0.060000000,-0.059270409
8.630000,-0.060000000,0.059270409,0.060000000,-0.059270409
8.635000,-0.060000000,0.059270409,0.060000000,-0.059270409
8.640000,-0.060000000,0.059270409,0.060000000,-0.059270409
8.645000,-0.060000000,0.059270409,0.060000000,-0.059270409
8.650000,-0.060000000,0.059270409,0.060000000,-0.059270409
8.655000,-0.060000000,0.059270409,0.060000000,-0.059270409
8.660000,-0.060000000,0.059270409,0.060000000,-0.059270409
8.665000,-0.060000000,0.059270409,0.060000000,-0.059270409
8.670000,-0.060000000,0.059270409,0.060000000,-0.059270409
8.675000,-0.060000000,0.059270409,0.060000000,-0.059270409
8.680000,-0.060000000,0.059270409,0.060000000,-0.059270409
8.685000,-0.060000000,0.059270409,0.060000000,-0.059270409
8.690000,-0.060000000,0.059270409,0.060000000,-0.059270409
8.695000,-0.060000000,0.059270409,0.060000000,-0.059270409
8.700000,-0.060000000,0.059270409,0.060000000,-0.059270409
8.705000,-0.060000000,0.059270409,0.060000000,-0.059270409
8.710000,-0.060000000,0.059270409,0.060000000,-0.059270409
8.715000,-0.060000000,0.059270409,0.060000000,-0.059270409
8.720000,-0.060000000,0.059270409,0.060000000,-0.059270409
8.725000,-0.060000000,0.059270409,0.060000000,-0.059270409
8.730000,-0.060000000,0.059270409,0.060000000,-0.059270409
8.735000,-0.060000000,0.059270409,0.060000000,-0.059270409
8.740000,-0.060000000,0.059270409,0.060000000,-0.059270409
8.745000,-0.060000000,0.059270409,0.060000000,-0.059270409
8.750000,-0.060000000,0.059270409,0.060000000,-0.059270409
8.755000,-0.060000000,0.059270409,0.060000000,-0.059270409
8.760000,-0.060000000,0.059270409,0.060000000,-0.059270409
8.765000,-0.060000000,0.059270409,0.060000000,-0.059270409
8.770000,-0.060000000,0.059270409,0.060000000,-0.059270409
8.775000,-0.060000000,0.059270409,0.060000000,-0.059270409
8.780000,-0.060000000,0.059270409,0.060000000,-0.059270409
8.785000,-0.060000000,0.059270409,0.060000000,-0.059270409
8.790000,-0.060000000,0.059270409,0.060000000,-0.059270409
8.795000,-0.060000000,0.059270409,0.060000000,-0.059270409
8.800000,-0.060000000,0.059270409,0.060000000,-0.059270409
8.805000,-0.060000000,0.059270409,0.060000000,-0.059270409
8.810000,-0.060000000,0.059270409,0.060000000,-0.059270409
8.815000,-0.060000000,0.059270409,0.060000000,-0.059270409
8.820000,-0.060000000,0.059270409,0.060000000,-0.059270409
8.825000,-0.060000000,0.059270409,0.060000000,-0.059270409
8.830000,-0.060000000,0.059270409,0.060000000,-0.059270409
8.835000,-0.060000000,0.059270409,0.060000000,-0.059270409
8.840000,-0.060000000,0.059270409,0.060000000,-0.059270409
8.845000,-0.060000000,0.059270409,0.060000000,-0.059270409
8.850000,-0.060000000,0.059270409,0.060000000,-0.059270409
8.855000,-0.060000000,0.059270409,0.060000000,-0.059270409
8.860000,-0.060000000,0.059270409,0.060000000,-0.059270409
8.865000,-0.060000000,0.059270409,0.060000000,-0.059270409
8.870000,-0.060000000,0.059270409,0.060000000,-0.059270409
8.875000,-0.060000000,0.059270409,0.060000000,-0.059270409
8.880000,-0.060000000,0.059270409,0.060000000,-0.059270409
8.885000,-0.060000000,0.059270409,0.060000000,-0.059270409
8.890000,-0.060000000,0.059270409,0.060000000,-0.059270409
8.895000,-0.060000000,0.059270409,0.060000000,-0.059270409
8.900000,-0.060000000,0.059270409,0.060000000,-0.059270409
8.905000,-0.060000000,0.059270409,0.060000000,-0.059270409
8.910000,-0.060000000,0.059270409,0.060000000,-0.059270409
8.915000,-0.060000000,0.059270409,0.060000000,-0.059270409
8.920000,-0.060000000,0.059270409,0.060000000,-0.059270409
8.925000,-0.060000000,0.059270409,0.060000000,-0.059270409
8.930000,-0.060000000,0.059270409,0.060000000,-0.059270409
8.935000,-0.060000000,0.059270409,0.060000000,-0.059270409
8.940000,-0.060000000,0.059270409,0.060000000,-0.059270409
8.945000,-0.060000000,0.059270409,0.060000000,-0.059270409
8.950000,-0.060000000,0.059270409,0.060000000,-0.059270409
8.955000,-0.060000000,0.059270409,0.060000000,-0.059270409
8.960000,-0.060000000,0.059270409,0.060000000,-0.059270409
8.965000,-0.060000000,0.059270409,0.060000000,-0.059270409
8.970000,-0.060000000,0.059270409,0.060000000,-0.059270409
8.975000,-0.060000000,0.059270409,0.060000000,-0.059270409
8.980000,-0.060000000,0.059270409,0.060000000,-0.059270409
8.985000,-0.060000000,0.059270409,0.060000000,-0.059270409
8.990000,-0.060000000,0.059270409,0.060000000,-0.059270409
8.995000,-0.060000000,0.059270409,0.060000000,-0.059270409
9.000000,-0.060000000,0.059270409,0.060000000,-0.059270409
9.005000,-0.060000000,0.059270409,0.060000000,-0.059270409
9.010000,-0.060000000,0.059270409,0.060000000,-0.059270409
9.015000,-0.060000000,0.059270409,0.060000000,-0.059270409
9.020000,-0.060000000,0.059270409,0.060000000,-0.059270409
9.025000,-0.060000000,0.059270409,0.060000000,-0.059270409
9.030000,-0.060000000,0.059270409,0.060000000,-0.059270409
9.035000,-0.060000000,0.059270409,0.060000000,-0.059270409
9.040000,-0.060000000,0.059270409,0.060000000,-0.059270409
9.045000,-0.060000000,0.059270409,0.060000000,-0.059270409
9.050000,-0.060000000,0.059270409,0.060000000,-0.059270409
9.055000,-0.060000000,0.059270409,0.060000000,-0.059270409
9.060000,-0.060000000,0.059270409,0.060000000,-0.059270409
9.065000,-0.060000000,0.059270409,0.060000000,-0.059270409
9.070000,-0.060000000,0.059270409,0.060000000,-0.059270409
9.075000,-0.060000000,0.059270409,0.060000000,-0.059270409
9.080000,-0.060000000,0.059270409,0.060000000,-0.059270409
9.085000,-0.060000000,0.059270409,0.060000000,-0.059270409
9.090000,-0.060000000,0.059270409,0.060000000,-0.059270409
9.095000,-0.060000000,0.059270409,0.060000000,-0.059270409
9.100000,-0.060000000,0.059270409,0.060000000,-0.059270409
9.105000,-0.060000000,0.059270409,0.060000000,-0.059270409
9.110000,-0.060000000,0.059270409,0.060000000,-0.059270409
9.115000,-0.060000000,0.059270409,0.060000000,-0.059270409
9.120000,-0.060000000,0.059270409,0.060000000,-0.059270409
9.125000,-0.060000000,0.059270409,0.060000000,-0.059270409
9.130000,-0.060000000,0.059270409,0.060000000,-0.059270409
9.135000,-0.060000000,0.059270409,0.060000000,-0.059270409
9.140000,-0.060000000,0.059270409,0.060000000,-0.059270409
9.145000,-0.060000000,0.059270409,0.060000000,-0.059270409
9.150000,-0.060000000,0.059270409,0.060000000,-0.059270409
9.155000,-0.060000000,0.059270409,0.060000000,-0.059270409
9.160000,-0.060000000,0.059270409,0.060000000,-0.059270409
9.165000,-0.060000000,0.059270409,0.060000000,-0.059270409
9.170000,-0.060000000,0.059270409,0.060000000,-0.059270409
9.175000,-0.060000000,0.059270409,0.060000000,-0.059270409
9.180000,-0.060000000,0.059270409,0.060000000,-0.059270409
9.185000,-0.060000000,0.059270409,0.060000000,-0.059270409
9.190000,-0.060000000,0.059270409,0.060000000,-0.059270409
9.195000,-0.060000000,0.059270409,0.060000000,-0.059270409
9.200000,-0.060000000,0.059270409,0.060000000,-0.059270409
9.205000,-0.060000000,0.059270409,0.060000000,-0.059270409
9.210000,-0.060000000,0.059270409,0.060000000,-0.059270409
9.215000,-0.060000000,0.059270409,0.060000000,-0.059270409
9.220000,-0.060000000,0.059270409,0.060000000,-0.059270409
9.225000,-0.060000000,0.059270409,0.060000000,-0.059270409
9.230000,-0.060000000,0.059270409,0.060000000,-0.059270409
9.235000,-0.060000000,0.059270409,0.060000000,-0.059270409
9.240000,-0.060000000,0.059270409,0.060000000,-0.059270409
9.245000,-0.060000000,0.059270409,0.060000000,-0.059270409
9.250000,-0.060000000,0.059270409,0.060000000,-0.059270409
9.255000,-0.060000000,0.059270409,0.060000000,-0.059270409
9.260000,-0.060000000,0.059270409,0.060000000,-0.059270409
9.265000,-0.060000000,0.059270409,0.060000000,-0.059270409
9.270000,-0.060000000,0.059270409,0.060000000,-0.059270409
9.275000,-0.060000000,0.059270409,0.060000000,-0.059270409
9.280000,-0.060000000,0.059270409,0.060000000,-0.059270409
9.285000,-0.060000000,0.059270409,0.060000000,-0.059270409
9.290000,-0.060000000,0.059270409,0.060000000,-0.059270409
9.295000,-0.060000000,0.059270409,0.060000000,-0.059270409
9.300000,-0.060000000,0.059270409,0.060000000,-0.059270409
9.305000,-0.060000000,0.059270409,0.060000000,-0.059270409
9.310000,-0.060000000,0.059270409,0.060000000,-0.059270409
9.315000,-0.060000000,0.059270409,0.060000000,-0.059270409
9.320000,-0.060000000,0.059270409,0.060000000,-0.059270409
9.325000,-0.060000000,0.059270409,0.060000000,-0.059270409
9.330000,-0.060000000,0.059270409,0.060000000,-0.059270409
9.335000,-0.060000000,0.059270409,0.060000000,-0.059270409
9.340000,-0.060000000,0.059270409,0.060000000,-0.059270409
9.345000,-0.060000000,0.059270409,0.060000000,-0.059270409
9.350000,-0.060000000,0.059270409,0.060000000,-0.059270409
9.355000,-0.060000000,0.059270409,0.060000000,-0.059270409
9.360000,-0.060000000,0.059270409,0.060000000,-0.059270409
9.365000,-0.060000000,0.059270409,0.060000000,-0.059270409
9.370000,-0.060000000,0.059270409,0.060000000,-0.059270409
9.375000,-0.060000000,0.059270409,0.060000000,-0.059270409
9.380000,-0.060000000,0.059270409,0.060000000,-0.059270409
9.385000,-0.060000000,0.059270409,0.060000000,-0.059270409
9.390000,-0.060000000,0.059270409,0.060000000,-0.059270409
9.395000,-0.060000000,0.059270409,0.060000000,-0.059270409
9.400000,-0.060000000,0.059270409,0.060000000,-0.059270409
9.405000,-0.060000000,0.059270409,0.060000000,-0.059270409
9.410000,-0.060000000,0.059270409,0.060000000,-0.059270409
9.415000,-0.060000000,0.059270409,0.060000000,-0.059270409
9.420000,-0.060000000,0.059270409,0.060000000,-0.059270409
9.425000,-0.060000000,0.059270409,0.060000000,-0.059270409
9.430000,-0.060000000,0.059270409,0.060000000,-0.059270409
9.435000,-0.060000000,0.059270409,0.060000000,-0.059270409
9.440000,-0.060000000,0.059270409,0.060000000,-0.059270409
9.445000,-0.060000000,0.059270409,0.060000000,-0.059270409
9.450000,-0.060000000,0.059270409,0.060000000,-0.059270409
9.455000,-0.060000000,0.059270409,0.060000000,-0.059270409
9.460000,-0.060000000,0.059270409,0.060000000,-0.059270409
9.465000,-0.060000000,0.059270409,0.060000000,-0.059270409
9.470000,-0.060000000,0.059270409,0.060000000,-0.059270409
9.475000,-0.060000000,0.059270409,0.060000000,-0.059270409
9.480000,-0.060000000,0.059270409,0.060000000,-0.059270409
9.485000,-0.060000000,0.059270409,0.060000000,-0.059270409
9.490000,-0.060000000,0.059270409,0.060000000,-0.059270409
9.495000,-0.060000000,0.059270409,0.060000000,-0.059270409
9.500000,-0.060000000,0.059270409,0.060000000,-0.059270409
9.505000,-0.060000000,0.059270409,0.060000000,-0.059270409
9.510000,-0.060000000,0.059270409,0.060000000,-0.059270409
9.515000,-0.060000000,0.059270409,0.060000000,-0.059270409
9.520000,-0.060000000,0.059270409,0.060000000,-0.059270409
9.525000,-0.060000000,0.059270409,0.060000000,-0.059270409
9.530000,-0.060000000,0.059270409,0.060000000,-0.059270409
9.535000,-0.060000000,0.059270409,0.060000000,-0.059270409
9.540000,-0.060000000,0.059270409,0.060000000,-0.059270409
9.545000,-0.060000000,0.059270409,0.060000000,-0.059270409
9.550000,-0.060000000,0.059270409,0.060000000,-0.059270409
9.555000,-0.060000000,0.059270409,0.060000000,-0.059270409
9.560000,-0.060000000,0.059270409,0.060000000,-0.059270409
9.565000,-0.060000000,0.059270409,0.060000000,-0.059270409
9.570000,-0.060000000,0.059270409,0.060000000,-0.059270409
9.575000,-0.060000000,0.059270409,0.060000000,-0.059270409
9.580000,-0.060000000,0.059270409,0.060000000,-0.059270409
9.585000,-0.060000000,0.059270409,0.060000000,-0.059270409
9.590000,-0.060000000,0.059270409,0.060000000,-0.059270409
9.595000,-0.060000000,0.059270409,0.060000000,-0.059270409
9.600000,-0.060000000,0.059270409,0.060000000,-0.059270409
9.605000,-0.060000000,0.059270409,0.060000000,-0.059270409
9.610000,-0.060000000,0.059270409,0.060000000,-0.059270409
9.615000,-0.060000000,0.059270409,0.060000000,-0.059270409
9.620000,-0.060000000,0.059270409,0.060000000,-0.059270409
9.625000,-0.060000000,0.059270409,0.060000000,-0.059270409
9.630000,-0.060000000,0.059270409,0.060000000,-0.059270409
9.635000,-0.060000000,0.059270409,0.060000000,-0.059270409
9.640000,-0.060000000,0.059270409,0.060000000,-0.059270409
9.645000,-0.060000000,0.059270409,0.060000000,-0.059270409
9.650000,-0.060000000,0.059270409,0.060000000,-0.059270409
9.655000,-0.060000000,0.059270409,0.060000000,-0.059270409
9.660000,-0.060000000,0.059270409,0.060000000,-0.059270409
9.665000,-0.060000000,0.059270409,0.060000000,-0.059270409
9.670000,-0.060000000,0.059270409,0.060000000,-0.059270409
9.675000,-0.060000000,0.059270409,0.060000000,-0.059270409
9.680000,-0.060000000,0.059270409,0.060000000,-0.059270409
9.685000,-0.060000000,0.059270409,0.060000000,-0.059270409
9.690000,-0.060000000,0.059270409,0.060000000,-0.059270409
9.695000,-0.060000000,0.059270409,0.060000000,-0.059270409
9.700000,-0.060000000,0.059270409,0.060000000,-0.059270409
9.705000,-0.060000000,0.059270409,0.060000000,-0.059270409
9.710000,-0.060000000,0.059270409,0.060000000,-0.059270409
9.715000,-0.060000000,0.059270409,0.060000000,-0.059270409
9.720000,-0.060000000,0.059270409,0.060000000,-0.059270409
9.725000,-0.060000000,0.059270409,0.060000000,-0.059270409
9.730000,-0.060000000,0.059270409,0.060000000,-0.059270409
9.735000,-0.060000000,0.059270409,0.060000000,-0.059270409
9.740000,-0.060000000,0.059270409,0.060000000,-0.059270409
9.745000,-0.060000000,0.059270409,0.060000000,-0.059270409
9.750000,-0.060000000,0.059270409,0.060000000,-0.059270409
9.755000,-0.060000000,0.059270409,0.060000000,-0.059270409
9.760000,-0.060000000,0.059270409,0.060000000,-0.059270409
9.765000,-0.060000000,0.059270409,0.060000000,-0.059270409
9.770000,-0.060000000,0.059270409,0.060000000,-0.059270409
9.775000,-0.060000000,0.059270409,0.060000000,-0.059270409
9.780000,-0.060000000,0.059270409,0.060000000,-0.059270409
9.785000,-0.060000000,0.059270409,0.060000000,-0.059270409
9.790000,-0.060000000,0.059270409,0.060000000,-0.059270409
9.795000,-0.060000000,0.059270409,0.060000000,-0.059270409
9.800000,-0.060000000,0.059270409,0.060000000,-0.059270409
9.805000,-0.060000000,0.059270409,0.060000000,-0.059270409
9.810000,-0.060000000,0.059270409,0.060000000,-0.059270409
9.815000,-0.060000000,0.059270409,0.060000000,-0.059270409
9.820000,-0.060000000,0.059270409,0.060000000,-0.059270409
9.825000,-0.060000000,0.059270409,0.060000000,-0.059270409
9.830000,-0.060000000,0.059270409,0.060000000,-0.059270409
9.835000,-0.060000000,0.059270409,0.060000000,-0.059270409
9.840000,-0.060000000,0.059270409,0.060000000,-0.059270409
9.845000,-0.060000000,0.059270409,0.060000000,-0.059270409
9.850000,-0.060000000,0.059270409,0.060000000,-0.059270409
9.855000,-0.060000000,0.059270409,0.060000000,-0.059270409
9.860000,-0.060000000,0.059270409,0.060000000,-0.059270409
9.865000,-0.060000000,0.059270409,0.060000000,-0.059270409
9.870000,-0.060000000,0.059270409,0.060000000,-0.059270409
9.875000,-0.060000000,0.059270409,0.060000000,-0.059270409
9.880000,-0.060000000,0.059270409,0.060000000,-0.059270409
9.885000,-0.060000000,0.059270409,0.060000000,-0.059270409
9.890000,-0.060000000,0.059270409,0.060000000,-0.059270409
9.895000,-0.060000000,0.059270409,0.060000000,-0.059270409
9.900000,-0.060000000,0.059270409,0.060000000,-0.059270409
9.905000,-0.060000000,0.059270409,0.060000000,-0.059270409
9.910000,-0.060000000,0.059270409,0.060000000,-0.059270409
9.915000,-0.060000000,0.059270409,0.060000000,-0.059270409
9.920000,-0.060000000,0.059270409,0.060000000,-0.059270409
9.925000,-0.060000000,0.059270409,0.060000000,-0.059270409
9.930000,-0.060000000,0.059270409,0.060000000,-0.059270409
9.935000,-0.060000000,0.059270409,0.060000000,-0.059270409
9.940000,-0.060000000,0.059270409,0.060000000,-0.059270409
9.945000,-0.060000000,0.059270409,0.060000000,-0.059270409
9.950000,-0.060000000,0.059270409,0.060000000,-0.059270409
9.955000,-0.060000000,0.059270409,0.060000000,-0.059270409
9.960000,-0.060000000,0.059270409,0.060000000,-0.059270409
9.965000,-0.060000000,0.059270409,0.060000000,-0.059270409
9.970000,-0.060000000,0.059270409,0.060000000,-0.059270409
9.975000,-0.060000000,0.059270409,0.060000000,-0.059270409
9.980000,-0.060000000,0.059270409,0.060000000,-0.059270409
9.985000,-0.060000000,0.059270409,0.060000000,-0.059270409
9.990000,-0.060000000,0.059270409,0.060000000,-0.059270409
9.995000,-0.060000000,0.059270409,0.060000000,-0.059270409
10.000000,-0.060000000,0.059270409,0.060000000,-0.059270409
